cpf_hash,bairro,cidade,uf,createdAt,updatedAt
bb3bd3095683,Vila Cidade Morena,5002704.0,50,2024-09-20 21:42:00.4800000 +00:00,2024-09-20 21:42:00.4800000 +00:00
ab919caa7fec,Los Angeles,5002704.0,50,2024-03-06 14:16:35.1660000 +00:00,2024-03-06 14:16:35.1660000 +00:00
87d2de505392,Recanto do Cerrado,5002704.0,50,2023-04-02 04:27:46.7510000 +00:00,2025-10-01 00:43:15.6400000 +00:00
e2cfda2ff415,Jatobá ,5004908.0,50,2021-10-14 23:49:17.9110000 +00:00,2021-10-14 23:49:17.9110000 +00:00
82e128546108,Amambaí,5002704.0,50,2024-02-19 01:31:21.8000000 +00:00,2024-02-19 01:31:21.8000000 +00:00
759b4e52d96d,Parque dos Novos Estados,5002704.0,50,2022-09-12 09:52:51.5340000 +00:00,2022-09-12 09:53:03.3060000 +00:00
f4fc68d75c5c,Jardim Tropical,5002704.0,50,2024-03-05 11:31:43.9650000 +00:00,2024-03-05 11:32:19.5830000 +00:00
2a33b616b0f9,Santa Terezinha ,5001102.0,50,2025-08-27 13:30:55.8220000 +00:00,2025-08-27 13:30:55.8220000 +00:00
82c19be6f2bd,Jardim Colibri II,5002704.0,50,2023-10-18 22:55:31.2720000 +00:00,2023-10-18 22:55:31.2720000 +00:00
0f6e2ec76b85,Nova Cidade,3304524.0,33,2024-07-05 19:02:53.6220000 +00:00,2024-07-05 19:06:43.5570000 +00:00
e66152d1c340,Jardim Maringá,5003702.0,50,2023-03-13 21:44:17.9220000 +00:00,2023-03-13 21:44:17.9220000 +00:00
8be1af2458e2,Monte Castelo,5002704.0,50,2021-05-19 23:03:41.2960000 +00:00,2021-05-19 23:03:41.2960000 +00:00
0927083dc74f,Jardim Tijuca,5002704.0,50,2025-03-20 00:01:12.4890000 +00:00,2025-03-20 00:01:12.4890000 +00:00
281a0d9bbbd9,Flamboyant ,5002951.0,50,2021-08-14 05:40:15.0970000 +00:00,2021-08-14 05:40:15.0970000 +00:00
89b25149cad1,Sobrinho,5002704.0,50,2024-08-17 15:46:20.6970000 +00:00,2024-08-17 15:46:20.6970000 +00:00
047ce4fa0353,Vila Alba,5002704.0,50,2020-05-01 14:35:04.5420000 +00:00,2020-05-01 14:35:04.5420000 +00:00
b9f9c86b7258,Vila Rosa Pires,5002704.0,50,2023-06-30 05:00:22.6650000 +00:00,2023-06-30 05:00:22.6650000 +00:00
43697d0da67d,Guanandi,5002704.0,50,2024-08-08 14:48:07.9310000 +00:00,2024-08-08 14:48:07.9310000 +00:00
8fe0adbe2743,neri lima,5007208.0,50,2021-12-12 03:29:42.1540000 +00:00,2021-12-12 03:33:13.8840000 +00:00
2688eb7c7206,Maria Leite,5003207.0,50,2023-11-30 18:30:53.5700000 +00:00,2023-11-30 18:30:53.5700000 +00:00
3e12aad8ff25,Vila Nossa Senhora das Graças,5002704.0,50,2023-11-30 09:30:39.5170000 +00:00,2023-11-30 09:30:39.5170000 +00:00
8b1bd5840088,Planalto ,5002951.0,50,2025-04-29 18:38:34.5980000 +00:00,2025-04-29 18:38:34.5980000 +00:00
f6520b149e8d,Mata do Jacinto,5002704.0,50,2024-01-16 03:22:01.5840000 +00:00,2024-01-16 03:22:01.5840000 +00:00
8377e84dec04,Portal Caiobá,5002704.0,50,2021-05-23 20:21:49.4330000 +00:00,2021-05-23 20:21:49.4330000 +00:00
7e3095e59e16,Jardim Nova Era,5004601.0,50,2025-12-14 12:24:33.8450000 +00:00,2025-12-14 12:24:33.8450000 +00:00
e01bc7a91be3,Conjunto Residencial Recanto dos Rouxinóis,5002704.0,50,2021-02-05 17:25:15.9840000 +00:00,2021-02-05 17:25:21.6630000 +00:00
2021f84ce444,Água Limpa Park,5002704.0,50,2025-04-30 20:20:33.4820000 +00:00,2025-04-30 20:20:33.4820000 +00:00
29e315e65b56,Amambaí,5002704.0,50,2021-05-19 19:05:39.3120000 +00:00,2021-05-19 19:08:14.2000000 +00:00
36e3bf52a621,Jardim Maringá,5003702.0,50,2021-02-19 02:08:28.7620000 +00:00,2021-02-19 02:08:32.6240000 +00:00
b884b5efc185,Centro,5002704.0,50,2022-05-28 03:10:23.7540000 +00:00,2022-05-28 03:10:29.3260000 +00:00
75688effedfe,Coqueiro,1500800.0,15,2021-10-22 22:18:19.4720000 +00:00,2021-10-22 22:18:19.4720000 +00:00
271b857ddc2e,Parque Novo Século,5002704.0,50,2023-01-30 20:34:08.8700000 +00:00,2023-01-30 20:34:08.8700000 +00:00
230fecf89c3b,Jardim Leblon,5002704.0,50,2025-02-01 14:47:04.8220000 +00:00,2025-12-14 16:38:33.1480000 +00:00
54354d6823ab,Terras Alpha Campo Grande,5002704.0,50,2020-05-02 04:05:59.7890000 +00:00,2025-01-07 02:34:24.7140000 +00:00
db5e9fe317c3,Jardim Água Boa,5003702.0,50,2024-03-27 20:47:25.2840000 +00:00,2024-03-27 20:47:25.2840000 +00:00
7918f425c0a2,Jardim Guaicurus,5003702.0,50,2026-02-22 18:10:08.9220000 +00:00,2026-02-22 18:10:08.9220000 +00:00
97e69cb3b2ea,Alto da Boa Vista,5008305.0,50,2026-06-12 15:17:47.2640000 +00:00,2026-06-12 15:18:54.4910000 +00:00
7086e9c2b4f0,Mata do Jacinto,5002704.0,50,2024-06-07 03:27:15.0620000 +00:00,2024-06-07 03:27:15.0620000 +00:00
bf6b7d17ab5c,Jardim Flamboyant,5008305.0,50,2022-03-14 17:11:15.8690000 +00:00,2022-03-14 17:11:24.5010000 +00:00
d1755ccdef8f,Vila Rica,5002704.0,50,2022-05-05 01:35:13.1200000 +00:00,2022-05-05 01:35:23.4770000 +00:00
9e1e4f5374d5,Horto Florestal ,5006200.0,50,2021-09-09 20:48:28.5390000 +00:00,2023-11-05 19:07:50.0260000 +00:00
46ff2be99f2f,Barra Funda,3550308.0,35,2021-08-11 19:05:44.2640000 +00:00,2021-08-11 19:05:44.2640000 +00:00
a146bfe6b91c,Nova Lima,5002704.0,50,2021-07-01 17:23:07.5790000 +00:00,2021-07-01 17:23:07.5790000 +00:00
a335832edd69,Jardim São Pedro,5003702.0,50,2024-01-08 14:29:40.3790000 +00:00,2024-01-08 14:29:40.3790000 +00:00
56005bd5d1b8,Vila Santo Eugênio,5002704.0,50,2026-02-22 10:28:51.3550000 +00:00,2026-02-22 10:28:51.3550000 +00:00
17a1719835da,assentamento Itamaraty ,5006606.0,50,2021-12-21 04:04:50.3450000 +00:00,2021-12-21 04:09:10.9970000 +00:00
c31d9fc24a7d,Centro,5002951.0,50,2026-06-05 20:49:15.1230000 +00:00,2026-06-05 20:49:15.1230000 +00:00
7b4ef3e0a7e2,Coophafé,5002704.0,50,2024-11-11 05:08:20.0120000 +00:00,2024-11-11 05:09:08.9900000 +00:00
3b497a54b91e,Jardim São Conrado,5002704.0,50,2026-07-08 12:54:27.7860000 +00:00,2026-07-08 12:54:27.7860000 +00:00
f6f87f2c8ed6,Jardim São Conrado,5002704.0,50,2026-02-24 00:06:18.2280000 +00:00,2026-02-24 00:06:18.2280000 +00:00
8bac684fdb50,alto,5001102.0,50,2023-03-13 22:47:16.0670000 +00:00,2023-03-13 22:47:16.0670000 +00:00
927acfad92b9,Jardim Seminário ,5002704.0,50,2025-10-16 15:13:46.0500000 +00:00,2025-10-16 15:13:46.0500000 +00:00
876ffad812b6,Jockey Clube,5006903.0,50,2022-02-15 12:29:47.5030000 +00:00,2022-02-15 12:30:01.0810000 +00:00
0c334887488b,Vila Piratininga,5002704.0,50,2023-11-11 17:08:32.7880000 +00:00,2023-11-11 17:08:32.7880000 +00:00
4f8118e4f44d,Idelfonso Pedroso,5003702.0,50,2024-02-05 12:48:15.5420000 +00:00,2024-02-05 12:48:15.5420000 +00:00
e0e2fcde4b66,Boa Esperança,3305554.0,33,2024-11-21 18:21:53.3700000 +00:00,2024-11-21 18:21:53.3700000 +00:00
0a7e5df0c5e1,São Francisco,5002704.0,50,2023-06-21 15:14:01.6870000 +00:00,2023-06-21 15:14:06.8010000 +00:00
fda999517626,Montese,5004502.0,50,2020-05-03 15:11:50.2600000 +00:00,2020-05-19 19:58:01.4420000 +00:00
e37c0aab11ee,Jardim Paraíso,5005707.0,50,2026-07-12 12:27:22.2880000 +00:00,2026-07-12 12:27:22.2880000 +00:00
8bf5cd549477,Caiçara,5002704.0,50,2025-05-16 23:11:43.5960000 +00:00,2025-05-16 23:11:43.5960000 +00:00
0195c1b9c53e,Santa Fé,5002704.0,50,2023-05-31 01:27:39.2140000 +00:00,2023-05-31 01:27:39.2140000 +00:00
13cfa0450525,Centro,5002704.0,50,2023-11-20 14:08:38.9950000 +00:00,2023-11-20 14:09:29.6430000 +00:00
4014c37e428b,Jardim Centro Oeste,5002704.0,50,2024-03-22 16:07:38.5900000 +00:00,2024-03-22 16:07:38.5900000 +00:00
a65aaed2a765,Jardim Batistão,5002704.0,50,2024-04-08 01:33:12.8830000 +00:00,2024-04-08 01:33:12.8830000 +00:00
ececd57c4343,Residencial Terra Morena,5002704.0,50,2024-10-05 14:58:49.2970000 +00:00,2024-10-05 14:58:49.2970000 +00:00
ef76173c7899,centro,5003504.0,50,2023-08-23 18:18:01.3930000 +00:00,2023-08-23 18:18:01.3930000 +00:00
35e26a273582,Jardim Tarumã,5002704.0,50,2025-10-14 20:17:56.4710000 +00:00,2025-10-14 20:17:59.7660000 +00:00
18ea50ea214f,ALEGRE,2104305.0,21,2024-06-12 00:05:56.3800000 +00:00,2024-06-12 00:05:56.3800000 +00:00
e117ebe91fca,centro,5005707.0,50,2024-06-03 14:45:59.6520000 +00:00,2024-06-03 14:45:59.6520000 +00:00
d10c70f170c3,Jardim Colúmbia,5002704.0,50,2024-02-05 00:18:36.2380000 +00:00,2024-02-05 00:18:36.2380000 +00:00
6430e75fdb37,Vila Toscana ,5003702.0,50,2024-04-03 02:29:47.3140000 +00:00,2024-04-03 02:30:29.5090000 +00:00
feb2346baa48,São Vicente de Paula ,5006200.0,50,2022-08-17 15:04:56.1750000 +00:00,2022-08-17 15:04:56.1750000 +00:00
c84b357bcded,Jardim Aero Rancho,5002704.0,50,2024-03-27 16:04:09.3260000 +00:00,2024-03-27 16:06:35.3580000 +00:00
e04d4d863014,Jardim dos Estados,5002704.0,50,2020-09-09 18:37:21.6820000 +00:00,2020-09-09 18:37:21.6820000 +00:00
f78c5198ecb7,Vila Nunes,5003256.0,50,2024-09-25 11:50:05.3760000 +00:00,2024-09-25 11:50:05.3760000 +00:00
e1d068d34f48,Conjunto Residencial Estrela do Sul,5002704.0,50,2023-10-22 18:09:21.8860000 +00:00,2023-10-22 18:09:21.8860000 +00:00
59d612b66f0a,Alto da Boa Vista,5008305.0,50,2024-03-03 14:45:16.7060000 +00:00,2024-03-03 14:45:50.2980000 +00:00
c1c4358b5dcf,Portal do Sol,2507507.0,25,2024-03-08 12:40:51.7250000 +00:00,2024-03-08 12:40:51.7250000 +00:00
b443f72d45aa,Jardim Santa Emília,5002704.0,50,2025-05-14 15:25:50.6830000 +00:00,2025-05-14 15:25:50.6830000 +00:00
791caf0e50ba,Coopharádio,5002704.0,50,2024-01-22 19:34:53.7210000 +00:00,2024-01-22 19:34:53.7210000 +00:00
1664499638a1,Copacabana,3304557.0,33,2021-01-25 18:19:03.3240000 +00:00,2021-01-25 18:21:03.0260000 +00:00
0080f89006b9,Vila Albuquerque,5002704.0,50,2025-03-07 16:19:31.7320000 +00:00,2025-03-07 16:20:14.0720000 +00:00
58453684988a,Classe A Residence ,5005707.0,50,2022-07-20 02:47:37.0590000 +00:00,2022-07-20 02:47:37.0590000 +00:00
d90102fbb91b,Mata do Jacinto,5002704.0,50,2024-04-29 14:52:21.6670000 +00:00,2024-04-29 14:52:32.0610000 +00:00
15d4aa8b19d6,Vila Morumbi,5002704.0,50,2021-01-23 18:06:45.3410000 +00:00,2021-01-23 18:06:45.3410000 +00:00
78aa4e8465f4,Jardim Independência,5003702.0,50,2025-02-20 22:47:54.8770000 +00:00,2025-02-20 22:55:23.7720000 +00:00
1bb8b60b7055,Conjunto União II,5002704.0,50,2021-04-06 15:46:01.8100000 +00:00,2021-04-06 15:46:01.8100000 +00:00
9c3895ebfb26,Sobrinho,5002704.0,50,2024-02-25 13:09:08.7920000 +00:00,2025-07-14 17:16:05.3860000 +00:00
b160a374d174,Residencial Oliveira,5002704.0,50,2026-07-25 14:14:34.1170000 +00:00,2026-07-25 14:14:48.8620000 +00:00
62893351027a,Vila Cidade Nova ,5001102.0,50,2021-06-20 13:34:47.3700000 +00:00,2021-06-20 13:34:47.3700000 +00:00
b80f9533f964,Vila Santa Luzia,5002704.0,50,2020-05-01 03:28:30.2580000 +00:00,2020-05-01 03:28:36.0700000 +00:00
5cb225010fd1,,5002704.0,50,2024-01-21 00:34:14.1200000 +00:00,2024-01-21 00:34:39.7340000 +00:00
c72646e482e8,ecopark ,5002407.0,50,2026-01-31 19:55:34.3590000 +00:00,2026-01-31 19:59:22.6550000 +00:00
5ff46c3c952e,Mão Amiga,5002308.0,50,2021-08-24 15:42:51.1540000 +00:00,2021-08-24 15:45:31.5870000 +00:00
ffc8e39d76d3,Jardim Monte Líbano,5002704.0,50,2025-06-18 18:17:31.5110000 +00:00,2025-10-23 01:38:04.6730000 +00:00
58ed65ac6384,Monte Castelo,5002704.0,50,2024-12-09 19:29:03.2920000 +00:00,2024-12-09 19:29:03.2920000 +00:00
e4f81fc1a0a7,Vila Guarani,5003207.0,50,2023-01-24 13:40:10.4800000 +00:00,2023-01-24 13:40:20.0070000 +00:00
4c56e69c5520,Rio Belo 1,5007208.0,50,2024-02-22 21:47:15.2860000 +00:00,2024-02-22 21:47:15.2860000 +00:00
074d89ef3ed4,Vila Margarida,5002704.0,50,2024-10-01 13:58:05.3290000 +00:00,2024-10-01 13:58:05.3290000 +00:00
3ffc0da9198a,Santo Antônio,5005202.0,50,2020-05-29 15:43:12.3310000 +00:00,2020-05-29 15:43:12.3310000 +00:00
4a56b7bb0007,Centro ,5002407.0,50,2021-01-21 19:21:37.1530000 +00:00,2021-01-21 19:21:37.1530000 +00:00
d378fe6e67c8,Los Angeles,5002704.0,50,2023-09-20 10:54:40.1230000 +00:00,2023-09-20 10:54:40.1230000 +00:00
47235e223718,Evely ,5001003.0,50,2025-04-21 16:07:30.7970000 +00:00,2025-04-21 16:07:30.7970000 +00:00
b316e7606183,Jardim Água Boa,5003702.0,50,2021-09-04 23:03:20.9840000 +00:00,2021-09-04 23:05:36.6350000 +00:00
fe08cf0d2c7c,Jardim Mansur,5002704.0,50,2025-09-08 14:40:25.0570000 +00:00,2025-09-08 14:40:25.0570000 +00:00
6e36c33f3467,centro,5006309.0,50,2022-07-12 12:19:41.8180000 +00:00,2023-05-10 22:09:13.4010000 +00:00
3905bc8f7b98,Vila Vilas Boas,5002704.0,50,2020-10-31 16:28:33.8560000 +00:00,2020-12-16 23:05:52.7460000 +00:00
86e938fa8013,Panamá,5002704.0,50,2023-01-20 22:59:35.8790000 +00:00,2023-01-20 23:02:30.9350000 +00:00
d38343d515dd,Conjunto Residencial Galo Branco,3549904.0,35,2023-04-13 12:02:04.0350000 +00:00,2023-04-13 12:03:05.7990000 +00:00
a3133dec4500,Gramame,2507507.0,25,2025-05-20 12:21:14.2780000 +00:00,2025-05-20 12:23:43.5640000 +00:00
966b93f076cf,centro ,5007695.0,50,2022-06-21 14:25:42.3770000 +00:00,2023-07-05 13:05:44.6220000 +00:00
7474a45dec63,Dom Antônio Barbosa,5002704.0,50,2021-02-24 15:01:03.8680000 +00:00,2021-10-24 12:55:52.7110000 +00:00
b5c39e833bc6,Jardim Monte Líbano,5002704.0,50,2024-02-21 19:15:59.9040000 +00:00,2024-02-21 19:16:12.2860000 +00:00
f365c68d54be,Portal de Parque,5006200.0,50,2022-01-28 11:41:55.2690000 +00:00,2022-01-28 11:41:55.2690000 +00:00
a2a2a4b70a00,Jardim Anápolis I,5002704.0,50,2025-05-01 11:15:43.2900000 +00:00,2025-05-01 11:16:04.8920000 +00:00
2cd9543700be,889,5107909.0,51,2023-10-06 10:49:42.2420000 +00:00,2023-10-06 10:49:42.2420000 +00:00
e94ca00406e0,Parque Nova Dourados,5003702.0,50,2026-02-09 13:23:26.1570000 +00:00,2026-02-09 13:23:26.1570000 +00:00
6c634aef9b8b,Centro,5002704.0,50,2024-04-27 18:44:43.9720000 +00:00,2024-04-27 18:44:43.9720000 +00:00
75646de8fe16,Bosque Carandá I,5006606.0,50,2021-11-26 18:51:38.6780000 +00:00,2021-11-26 18:51:38.6780000 +00:00
f435623ba1b5,centro ,1506351.0,15,2025-05-22 12:27:41.0890000 +00:00,2025-05-22 12:27:41.0890000 +00:00
1a41ef190355,Parque Residencial Rita Vieira,5002704.0,50,2025-02-26 12:17:31.5730000 +00:00,2025-02-26 12:17:31.5730000 +00:00
f611d9d4f39e,Jardim Jerusalem,5002704.0,50,2023-03-11 01:52:07.8750000 +00:00,2023-05-02 00:14:39.2580000 +00:00
5939c6f3470b,Vila Vilas Boas,5002704.0,50,2021-02-04 11:54:36.0590000 +00:00,2021-02-04 11:54:36.0590000 +00:00
02bc4bc08373,centro ,5003256.0,50,2022-10-26 16:06:18.9300000 +00:00,2022-10-27 15:52:53.4060000 +00:00
d28b5165499a,vila São Paulo,5003306.0,50,2022-02-05 09:44:25.4290000 +00:00,2022-02-05 09:44:25.4290000 +00:00
34e75b4d70d7,Vila Palmira,5002704.0,50,2023-11-09 23:59:21.4400000 +00:00,2023-11-09 23:59:21.4400000 +00:00
b5f97c2ca644,Jardim Tijuca,5002704.0,50,2024-05-09 20:38:09.3570000 +00:00,2024-06-01 16:22:36.4010000 +00:00
a758dffb7b90,Bosque Santa Mônica II,5002704.0,50,2020-07-31 15:06:20.0510000 +00:00,2020-07-31 15:09:07.0350000 +00:00
92dc594d49ea,Pioneiros,5002704.0,50,2023-06-09 16:15:51.9010000 +00:00,2023-06-09 16:15:51.9010000 +00:00
6e4a9f25478d,Parque Residencial Rita Vieira,5002704.0,50,2021-04-23 17:11:50.4700000 +00:00,2021-04-23 17:11:50.4700000 +00:00
cddebd95d50b,Jardim das Cerejeiras,5002704.0,50,2023-12-26 16:20:16.4400000 +00:00,2023-12-26 16:20:16.4400000 +00:00
a86d9cee7ac5,Residencial Terra dos Pequis,5002704.0,50,2024-12-02 12:42:21.8310000 +00:00,2024-12-02 12:42:21.8310000 +00:00
1f37a375e99b,Vila Rosa Pires,5002704.0,50,2020-10-19 00:24:20.1170000 +00:00,2020-11-15 16:39:28.5630000 +00:00
d0633fd522d1,Loteamento Rancho Alegre II,5002704.0,50,2024-09-12 15:00:50.4400000 +00:00,2024-09-12 15:03:15.3530000 +00:00
11f93ebfb415,Serraville,5002704.0,50,2024-03-28 20:03:39.2120000 +00:00,2024-03-28 20:03:39.2120000 +00:00
d01b028d269d,Nossa Senhora da Conceição II,5007109.0,50,2025-02-14 15:12:55.2960000 +00:00,2025-02-14 15:12:55.2960000 +00:00
d51898a9d978,Residencial Cidade Jardim I,5003702.0,50,2024-01-29 01:03:19.3360000 +00:00,2024-01-29 01:03:19.3360000 +00:00
1833d6b9b44c,Jardim São Conrado,5002704.0,50,2021-05-06 14:35:11.5220000 +00:00,2021-05-06 14:35:11.5220000 +00:00
ca3bf3282e25,Bairro Seminário,5002704.0,50,2022-07-20 17:42:17.3200000 +00:00,2022-07-20 17:42:17.3200000 +00:00
34f483d1dca6,Esplanada,5003702.0,50,2022-06-12 07:53:43.6990000 +00:00,2024-04-14 20:45:47.8690000 +00:00
cbd2aeca23b1,Jardim Guanabara ,5006002.0,50,2024-05-13 19:19:47.4660000 +00:00,2024-05-13 19:19:47.4660000 +00:00
0ac535103827,Coqueiro,1500800.0,15,2025-06-25 22:04:04.2080000 +00:00,2025-06-25 22:04:04.2080000 +00:00
583ae97da235,Jd. Laranjeira I,5002902.0,50,2023-01-24 21:35:22.1900000 +00:00,2023-01-24 21:35:22.1900000 +00:00
d21a09136af9,Jardim Aero Rancho,5002704.0,50,2024-02-17 23:37:12.5900000 +00:00,2024-02-17 23:37:12.5900000 +00:00
659e8f5c74f7,Vila Santo Eugênio,5002704.0,50,2022-09-24 02:52:48.7450000 +00:00,2022-09-24 02:52:48.7450000 +00:00
35a291b186ac,Guiray ,5004700.0,50,2024-07-15 18:48:37.0750000 +00:00,2024-07-15 18:48:41.2590000 +00:00
e4b41d81385e,Vila Margarida,5002704.0,50,2023-01-11 18:28:48.4480000 +00:00,2023-01-11 18:28:48.4480000 +00:00
9060ee06a453,Núcleo Habitacional Buriti,5002704.0,50,2024-01-18 17:16:26.9860000 +00:00,2026-04-05 03:40:32.5210000 +00:00
6224c72789c6,Aeroporto,5003207.0,50,2021-01-23 18:28:16.0570000 +00:00,2021-01-23 18:28:16.0570000 +00:00
d3a5b4784bd7,Curuçambá,1500800.0,15,2023-01-13 00:58:42.3570000 +00:00,2023-01-13 01:01:37.7990000 +00:00
d0b353c1f0a1,vila juquita ,5005400.0,50,2023-09-05 22:19:01.6740000 +00:00,2023-09-05 22:19:01.6740000 +00:00
f6f5280f903e,BNH,5003306.0,50,2020-07-31 02:09:33.5690000 +00:00,2020-07-31 02:12:50.4930000 +00:00
ef56cb34aa22,Jardim Presidente,5002704.0,50,2024-11-04 18:04:19.7680000 +00:00,2024-11-04 18:04:19.7680000 +00:00
500f67b0a9dc,Bosque das Araras,5002704.0,50,2025-08-28 16:18:59.8870000 +00:00,2025-08-28 16:18:59.8870000 +00:00
5fdaa11fb924,Esplanada,5003702.0,50,2025-11-08 04:00:42.2450000 +00:00,2025-11-08 04:00:45.2450000 +00:00
6b27f50aaae4,Vila Bancária ,5001102.0,50,2022-10-28 13:26:49.3290000 +00:00,2022-10-28 13:27:03.6390000 +00:00
76d933970528,Coronel Antonino,5002704.0,50,2024-09-07 21:03:40.0470000 +00:00,2024-09-07 21:03:40.0470000 +00:00
964cb9f684a1,Jardim das Acácias,5008305.0,50,2022-08-01 18:29:37.5490000 +00:00,2022-08-01 18:29:47.6000000 +00:00
3da281708a4e,Residencial Pantanal,5003702.0,50,2022-07-15 13:05:24.6940000 +00:00,2022-12-08 06:03:26.4650000 +00:00
53baed32f36e,Itanhangá Park,5002704.0,50,2025-05-19 17:35:44.7780000 +00:00,2025-05-19 17:35:44.7780000 +00:00
e0dd896d8637,,5002704.0,50,2023-05-29 21:19:43.6590000 +00:00,2023-05-29 21:19:43.6590000 +00:00
1fc93687063f,Centro,5008305.0,50,2022-09-30 11:18:19.2060000 +00:00,2022-09-30 11:18:19.2060000 +00:00
232beeaafc14,Jardim São Conrado,5002704.0,50,2020-04-28 03:02:26.9580000 +00:00,2020-04-28 03:02:26.9580000 +00:00
497dc6439d4c,Vila São Jorge da Lagoa,5002704.0,50,2024-06-28 11:50:00.1610000 +00:00,2024-06-28 11:50:00.1610000 +00:00
edc8c08ec609,Residencial Jamil Saldanha Derzi,5006606.0,50,2022-07-11 18:34:14.0280000 +00:00,2022-07-11 18:34:14.0280000 +00:00
8ba31d724fa7,Jardim Tropical,5003702.0,50,2021-01-24 19:35:40.1870000 +00:00,2021-01-24 19:35:40.1870000 +00:00
e5f2b62a4364,Panambi Vera,5003702.0,50,2021-01-22 02:09:10.9140000 +00:00,2021-01-22 02:09:10.9140000 +00:00
0612716ee2a5,Jardim Cristhais,5003702.0,50,2026-01-05 01:30:10.0650000 +00:00,2026-01-05 01:30:10.0650000 +00:00
fa824e62e0f4,Jardim Mônaco,5003702.0,50,2026-03-05 02:23:48.4770000 +00:00,2026-03-05 02:24:21.6360000 +00:00
5895e6b90ba5,Ceilândia Sul (Ceilândia),5300108.0,53,2024-10-22 11:16:42.9700000 +00:00,2024-10-22 11:16:42.9700000 +00:00
05e254531fa3,Coophatrabalho,5002704.0,50,2021-08-04 05:17:46.7420000 +00:00,2021-08-04 05:17:59.0540000 +00:00
76c16064d0d0,Jardim Tarumã,5002704.0,50,2026-06-22 14:01:43.6440000 +00:00,2026-06-22 14:02:34.1420000 +00:00
2db4f141480f,Centro,5005707.0,50,2024-10-18 13:53:09.2750000 +00:00,2024-10-18 13:53:09.2750000 +00:00
90205290e149,Jardim Itamaracá,5002704.0,50,2021-01-25 03:49:01.3730000 +00:00,2021-01-25 03:52:05.9930000 +00:00
dd34b2fa04d9,Centro ,5007695.0,50,2020-10-18 20:04:52.4760000 +00:00,2023-08-08 00:09:26.6940000 +00:00
ac2938886c1b,Jardim Paulista,5003702.0,50,2025-09-12 17:34:06.6480000 +00:00,2025-09-12 17:34:06.6480000 +00:00
8e8e213766af,Jardim Alto São Francisco,5002704.0,50,2020-04-24 14:27:46.6710000 +00:00,2020-04-24 14:27:46.6710000 +00:00
d7437f937723,Los Angeles,5002704.0,50,2023-11-25 01:15:33.4730000 +00:00,2023-11-25 01:15:39.3920000 +00:00
ac70515154c1,Vila Santa Luzia,5002704.0,50,2024-11-23 19:05:07.5800000 +00:00,2024-11-23 19:05:12.3690000 +00:00
736ce0e64499,Vila Vilas Boas,5002704.0,50,2026-03-19 14:57:23.5270000 +00:00,2026-03-19 14:57:23.5270000 +00:00
4d9681652cbe,Nova Europa,5008305.0,50,2020-10-28 16:38:24.8320000 +00:00,2020-10-28 16:38:24.8320000 +00:00
bb9ed5ffc599,Vila alba,5003702.0,50,2021-06-27 02:27:26.9920000 +00:00,2021-06-27 02:27:26.9920000 +00:00
f41a88d5c257,Santos Dumont,5007109.0,50,2021-12-23 23:15:55.5290000 +00:00,2021-12-23 23:17:48.7480000 +00:00
eedbf336ee7d,Jardim Batistão,5002704.0,50,2020-05-01 00:13:29.6300000 +00:00,2020-05-01 00:13:31.9470000 +00:00
854a51cbf81e,Coopharádio,5002704.0,50,2022-02-14 01:28:30.7110000 +00:00,2022-02-14 01:28:30.7110000 +00:00
cece3e933386,Capile,5006200.0,50,2020-04-30 02:04:50.2040000 +00:00,2020-04-30 02:04:50.2040000 +00:00
78e4040ce483,Vila Volpe,5002704.0,50,2021-11-17 18:47:28.2040000 +00:00,2021-11-17 18:48:11.2800000 +00:00
79a0ff203b61,Alto ,5001102.0,50,2024-10-24 16:11:50.7720000 +00:00,2024-10-24 16:11:50.7720000 +00:00
0be1c0fa08b5,Vila Camisão ,5005004.0,50,2023-12-29 20:31:58.1730000 +00:00,2023-12-29 20:31:58.1730000 +00:00
53cd79c0e1e1,Jardim campo belo,5002704.0,50,2021-12-14 19:24:44.4220000 +00:00,2021-12-14 19:24:44.4220000 +00:00
a22d6fd296c4,Cabreúva,5002704.0,50,2026-01-31 15:12:35.0400000 +00:00,2026-01-31 15:12:35.0400000 +00:00
e0bc8d4c4044,Capilé,5006200.0,50,2024-04-12 11:25:45.2080000 +00:00,2024-04-12 11:25:45.2080000 +00:00
8c08bfff439f,Pioneiros,5002704.0,50,2026-08-03 17:11:32.7110000 +00:00,2026-08-03 17:12:03.5450000 +00:00
7ddc70b8eaaa,Vila Maior,5000708.0,50,2023-07-29 01:06:04.8610000 +00:00,2023-07-29 01:06:04.8610000 +00:00
87b2a1bcd181,Vila Manoel Taveira,5002704.0,50,2024-07-15 05:07:34.1300000 +00:00,2024-07-15 05:07:34.1300000 +00:00
7175c83b1549,coemate,5004502.0,50,2022-01-31 19:27:59.5820000 +00:00,2022-01-31 19:27:59.5820000 +00:00
2494cd05732d,Classe A,5005707.0,50,2020-10-28 20:49:08.0420000 +00:00,2020-10-28 20:49:08.0420000 +00:00
57f9ce75d61e,Bairro Seminário,5002704.0,50,2024-07-10 16:39:59.3300000 +00:00,2025-01-22 17:26:00.9260000 +00:00
e402d3c1c69e,Itapoã ,5004700.0,50,2025-02-18 18:29:07.4560000 +00:00,2025-02-18 18:29:07.4560000 +00:00
b4dae4fee824,Guanandi,5002704.0,50,2020-08-19 22:26:12.9560000 +00:00,2020-08-19 22:26:12.9560000 +00:00
33fe768f7206,Jardim Piratininga,5003702.0,50,2025-07-03 19:48:05.6830000 +00:00,2025-07-03 19:48:05.6830000 +00:00
0c5a522bed29,São Francisco,5001102.0,50,2022-02-25 00:58:09.7660000 +00:00,2022-02-25 00:58:09.7660000 +00:00
0d2bf0772e88,Monte Castelo,5002704.0,50,2021-12-16 18:55:40.5250000 +00:00,2021-12-16 18:58:42.4340000 +00:00
401d0c2df795,Jardim Noroeste,5002704.0,50,2025-01-06 17:18:53.8890000 +00:00,2025-01-06 17:18:53.8890000 +00:00
19cf7216feb1,Vila Carvalho,5002704.0,50,2021-09-02 18:28:17.4110000 +00:00,2021-09-02 18:28:17.4110000 +00:00
d25f6554aab4,Jardim Mansur,5002704.0,50,2021-01-05 20:16:29.4560000 +00:00,2021-01-05 20:17:48.0740000 +00:00
10ed2c155c03,samambaia,5002001.0,50,2022-05-11 12:10:43.4760000 +00:00,2022-05-11 12:10:43.4760000 +00:00
dd422c238ca3,Vila São Jorge da Lagoa,5002704.0,50,2024-04-15 11:46:21.0850000 +00:00,2024-04-15 11:55:32.3740000 +00:00
31265af6ef2d,Tiradentes,5002704.0,50,2024-01-20 15:08:32.6290000 +00:00,2024-01-20 15:08:32.6290000 +00:00
757ca77bb6d6,Camilo Boni,5008008.0,50,2024-10-14 11:38:55.5910000 +00:00,2024-10-14 11:38:55.5910000 +00:00
36cf0e055e92,Vitória ,5004700.0,50,2024-08-23 03:51:51.2110000 +00:00,2024-08-23 03:51:51.2110000 +00:00
5c9a8f41617e,Vila Nova Campo Grande,5002704.0,50,2025-11-13 01:56:04.5370000 +00:00,2025-11-13 01:56:25.0380000 +00:00
39a68c9043c6,Jardim São Conrado,5002704.0,50,2025-05-21 12:59:48.6360000 +00:00,2025-05-21 12:59:48.6360000 +00:00
4b22e2bc73d3,MENDES MOURÃO ,5003306.0,50,2023-03-15 22:47:27.2810000 +00:00,2023-03-15 22:47:27.2810000 +00:00
32137ee39463,Jardim São Conrado,5002704.0,50,2021-01-21 19:20:22.4370000 +00:00,2021-01-21 19:20:22.4370000 +00:00
0bb3bcf288b2,Gramame,2507507.0,25,2025-09-24 17:51:15.1580000 +00:00,2025-09-24 17:51:15.1580000 +00:00
61e35dbd69f9,Vila Almeida,5002704.0,50,2024-02-10 01:30:56.0420000 +00:00,2024-02-10 01:30:56.0420000 +00:00
e2c2936ad910,Popular Nova,5003207.0,50,2022-04-25 03:19:29.3830000 +00:00,2022-05-02 03:34:06.1600000 +00:00
b1c34cdedd13,Amambaí,5002704.0,50,2025-04-02 19:39:09.5080000 +00:00,2025-04-02 19:39:09.5080000 +00:00
b6dbc15652e9,Vila Bandeirante,5002704.0,50,2022-03-08 20:51:16.6450000 +00:00,2022-03-08 20:51:16.6450000 +00:00
cf2f50ef60bd,Vila Limeira ,5000609.0,50,2023-10-28 17:28:13.6190000 +00:00,2023-10-28 17:28:13.6190000 +00:00
78093b690689,Conjunto Aero Rancho,5002704.0,50,2021-01-26 16:44:08.4240000 +00:00,2021-01-26 16:44:08.4240000 +00:00
b119e91027ab,Itanhangá Park,5002704.0,50,2024-02-01 19:58:35.6170000 +00:00,2024-02-01 19:58:35.6170000 +00:00
91f6a6b1670c,Caiçara,5002704.0,50,2024-05-02 05:06:06.2860000 +00:00,2024-07-20 18:12:31.6320000 +00:00
a18941feb06e,Jardim Deoclécio Artuzzi,5003702.0,50,2023-08-01 01:34:45.2160000 +00:00,2023-08-01 01:51:43.9820000 +00:00
c91c5003497c,vila camisão ,5005004.0,50,2022-08-30 18:16:12.8500000 +00:00,2022-08-30 18:16:12.8500000 +00:00
36f459983590,Centro,5002704.0,50,2021-05-11 13:24:15.3340000 +00:00,2021-05-11 13:24:15.3340000 +00:00
bfe0e16ec591,Nova Corumbá,5003207.0,50,2023-08-23 11:54:00.9660000 +00:00,2023-08-23 11:54:00.9660000 +00:00
c0dd8f927fdb,Jardim Anache,5002704.0,50,2024-08-12 22:25:35.1920000 +00:00,2024-08-12 22:25:35.1920000 +00:00
12d8a289781d,Parque Residencial Damha IV,5002704.0,50,2022-06-18 03:40:43.2890000 +00:00,2022-06-18 03:41:03.0430000 +00:00
951286069015,Monte Castelo,5002704.0,50,2025-08-20 14:08:55.6270000 +00:00,2025-08-20 14:08:55.6270000 +00:00
235b812e35eb,Jardim Parati,5002704.0,50,2021-04-30 17:31:32.7550000 +00:00,2021-04-30 17:32:22.0880000 +00:00
be5e27f98f11,Parque Residencial Rita Vieira,5002704.0,50,2023-12-30 16:06:52.7130000 +00:00,2025-06-06 21:56:06.9910000 +00:00
e97181b5e981,Mata do Jacinto,5002704.0,50,2024-01-21 14:44:20.6510000 +00:00,2024-01-21 14:44:20.6510000 +00:00
b577a1ff737e,Jardim Noroeste,5002704.0,50,2026-05-06 18:07:53.0590000 +00:00,2026-05-06 18:07:53.0590000 +00:00
788bafaafcfc,Residencial Ana Maria do Couto,5002704.0,50,2021-11-23 03:05:27.1080000 +00:00,2021-11-23 03:05:27.1080000 +00:00
49bfa4c87dea,Jardim Panorama,5000609.0,50,2024-10-20 16:53:24.9750000 +00:00,2024-10-20 16:53:24.9750000 +00:00
393aed018809,Jardim Félix,5001003.0,50,2026-07-27 12:37:01.5950000 +00:00,2026-07-27 12:37:01.5950000 +00:00
0555e96e589d,Jardim Pênfigo,5002704.0,50,2025-04-28 21:56:22.7820000 +00:00,2025-04-28 21:59:23.4890000 +00:00
900e77c2a47d,Jardim Monte Alegre,5002704.0,50,2025-02-13 14:19:20.4330000 +00:00,2025-02-13 14:19:25.1730000 +00:00
a48182156a4d,Centro,5003702.0,50,2021-08-25 15:41:16.2000000 +00:00,2021-12-13 18:36:16.4950000 +00:00
449fdbc68f2a,Lagoa Bonita,5003454.0,50,2021-01-21 17:53:55.3780000 +00:00,2021-01-21 17:53:55.3780000 +00:00
cf1d0ec36bc6,Jardim Noroeste,5002704.0,50,2026-05-05 19:08:33.6510000 +00:00,2026-05-05 19:08:33.6510000 +00:00
9caf40fe29a8,Beira Rio,1508100.0,15,2023-01-01 20:21:10.5140000 +00:00,2023-01-01 20:21:54.3950000 +00:00
35d4302592a6,Sobrinho,5002704.0,50,2024-01-01 18:44:47.8750000 +00:00,2024-01-01 18:44:47.8750000 +00:00
1f4b4cd57937,Vila São Francisco,5003702.0,50,2024-01-21 13:37:57.1300000 +00:00,2024-01-21 13:37:57.1300000 +00:00
473fdbd75126,Maria Leite,5003207.0,50,2021-03-30 17:16:43.2970000 +00:00,2021-03-30 17:16:43.2970000 +00:00
420a904c7b81,Residencial Manoel Padial Urel,5006606.0,50,2024-09-11 13:14:34.1890000 +00:00,2024-09-11 13:14:34.1890000 +00:00
176af7a803a7,Nova Aquidauana ,5001102.0,50,2023-06-28 19:45:10.6320000 +00:00,2023-06-28 19:46:10.4880000 +00:00
d04ee7785a98,Jardim Paranapunga,5008305.0,50,2025-03-27 21:23:29.3320000 +00:00,2025-03-27 21:25:26.2830000 +00:00
29db7200da5d,Vila Cidade Nova,5001102.0,50,2020-11-26 15:15:00.8750000 +00:00,2020-11-26 15:15:15.2620000 +00:00
f9dc9753f3a9,Previsul,5003207.0,50,2025-05-31 23:41:03.2880000 +00:00,2025-05-31 23:41:03.2880000 +00:00
cebfe2a41cbc,Vila Gustavo,3550308.0,35,2021-11-03 18:31:14.9950000 +00:00,2021-11-03 18:31:14.9950000 +00:00
f03e8e833b57,Vilanova,3139409.0,31,2021-01-21 20:11:16.0760000 +00:00,2021-01-21 20:11:16.0760000 +00:00
c709bcbda560,Cidade Nova,1500800.0,15,2022-08-26 17:55:59.2270000 +00:00,2022-08-26 17:55:59.2270000 +00:00
4020f927e415,Icuí-Laranjeira,1500800.0,15,2024-04-27 12:58:00.6600000 +00:00,2024-04-27 13:01:15.7690000 +00:00
35fe497a2373,nova era,5004601.0,50,2023-02-16 14:48:49.7130000 +00:00,2023-02-16 14:50:43.6420000 +00:00
0a562a8e8365,Dom Bosco,5003207.0,50,2025-03-11 15:45:34.9980000 +00:00,2025-03-11 15:45:34.9980000 +00:00
179a18562831,Previsul,5003207.0,50,2021-01-03 03:56:31.7680000 +00:00,2021-01-03 03:56:31.7680000 +00:00
185c9cde2316,Jardim Tarumã,5002704.0,50,2020-05-28 13:28:02.6020000 +00:00,2020-05-28 13:28:02.6020000 +00:00
5a48e4ff2649,Jardim Água Boa,5003702.0,50,2024-02-12 18:14:32.6500000 +00:00,2024-02-12 18:14:32.6500000 +00:00
8bf43bae404b,Parque do Sol,5002704.0,50,2020-11-28 19:44:11.7560000 +00:00,2024-06-20 16:29:34.7820000 +00:00
6b2cbcea68bf,São Francisco,5002704.0,50,2024-11-09 02:36:09.4720000 +00:00,2024-11-09 02:36:09.4720000 +00:00
1cde5257cd66,Jardim Centenário,5002704.0,50,2023-11-20 22:14:16.1760000 +00:00,2023-11-20 22:14:16.1760000 +00:00
81745b0dda42,cristina,5000609.0,50,2021-03-01 17:02:18.1070000 +00:00,2021-03-01 17:02:23.3130000 +00:00
d683813aea9a,Vila Carlota,5002704.0,50,2024-10-16 22:36:57.2880000 +00:00,2024-10-16 22:37:09.8830000 +00:00
e5489cbb1aa0,Conjunto Aero Rancho,5002704.0,50,2022-09-20 13:47:02.6580000 +00:00,2022-09-20 13:47:02.6580000 +00:00
ad24be42d2ef,Jardim São Pedro,5003702.0,50,2022-03-09 17:48:57.1270000 +00:00,2022-03-09 17:48:57.1270000 +00:00
e0ea2f6f7978,Jardim Caramuru,5003702.0,50,2023-12-29 14:03:00.7910000 +00:00,2023-12-29 14:03:00.7910000 +00:00
076aeb679a8a,Vila Nova Campo Grande,5002704.0,50,2024-12-10 13:10:51.9940000 +00:00,2024-12-10 13:10:51.9940000 +00:00
cb41a5331d1e,São Pedro,3534401.0,35,2021-10-19 11:01:36.2710000 +00:00,2021-10-19 11:01:52.1250000 +00:00
986696afa583,Itanhangá Park,5002704.0,50,2024-01-29 19:20:25.0180000 +00:00,2024-01-29 19:21:30.6810000 +00:00
1dc5da190931,Jd das primaveras ,5008305.0,50,2023-11-07 15:59:02.0790000 +00:00,2023-11-07 15:59:25.5460000 +00:00
7e4ce0416e1e,Sobrinho,5002704.0,50,2025-09-25 23:09:47.9380000 +00:00,2025-09-25 23:09:47.9380000 +00:00
25d21f18d888,Vila Piratininga,5002704.0,50,2022-04-15 04:22:38.7710000 +00:00,2022-04-15 04:22:38.7710000 +00:00
c88350e248fa,São Cristovão,5007695.0,50,2025-06-18 00:29:59.5890000 +00:00,2025-06-18 00:29:59.5890000 +00:00
c1e67a0a83c0,Tiradentes,5002704.0,50,2022-03-01 23:08:05.0580000 +00:00,2022-03-01 23:08:05.0580000 +00:00
d26dffe3d31a,Arara Azul,5001102.0,50,2021-08-13 20:01:37.1230000 +00:00,2021-08-13 20:01:37.1230000 +00:00
5900c10b7b1a,São Francisco,5002704.0,50,2021-01-04 10:07:19.2170000 +00:00,2021-01-04 10:09:55.3530000 +00:00
425b282f4bdf,Alto,5001102.0,50,2021-01-21 17:49:17.0160000 +00:00,2021-09-21 19:41:21.5310000 +00:00
f4e401134f90,Residencial Aquarius II,5002704.0,50,2024-05-03 19:17:01.2100000 +00:00,2024-05-03 19:17:01.2100000 +00:00
af80657137a1,Maria Leite,5003207.0,50,2024-05-03 12:54:48.6600000 +00:00,2024-05-03 12:54:48.6600000 +00:00
64d30a0edaec,Jardim Noroeste,5002704.0,50,2025-06-30 19:21:42.7790000 +00:00,2025-06-30 19:21:42.7790000 +00:00
fd30ed790957,Jardim Colúmbia,5002704.0,50,2021-01-21 18:28:13.5880000 +00:00,2021-01-21 18:28:13.5880000 +00:00
ef8ea30ded4b,Coophatrabalho,5002704.0,50,2023-09-20 23:41:59.2200000 +00:00,2023-09-20 23:41:59.2200000 +00:00
c1d0eef1a331,Mata do Jacinto,5002704.0,50,2024-09-13 02:23:27.9720000 +00:00,2024-09-13 02:25:04.2790000 +00:00
05309d67d451,Jardim Parati,5002704.0,50,2020-10-02 12:14:33.5750000 +00:00,2020-10-02 12:14:33.5750000 +00:00
5cc391e1c01a,Sobrinho,5002704.0,50,2024-10-11 19:01:20.4850000 +00:00,2024-10-11 19:01:20.4850000 +00:00
4cc1f5c6cae5,Santos Dumont,5008305.0,50,2026-02-28 23:26:40.4440000 +00:00,2026-02-28 23:27:34.1390000 +00:00
7b7b6255cdad,Jardim Noroeste,5002704.0,50,2023-06-06 23:25:19.6270000 +00:00,2023-06-06 23:25:30.3830000 +00:00
b231db6bd929,Bairro da Saudade,5006606.0,50,2022-10-01 12:24:19.1900000 +00:00,2022-10-01 12:24:19.1900000 +00:00
ab34dfe8cf58,Jardim Europa,5003702.0,50,2024-10-27 05:12:43.4940000 +00:00,2024-10-27 05:12:43.4940000 +00:00
40ce43b57e23,Tapanã (Icoaraci),1501402.0,15,2025-10-26 15:03:43.1580000 +00:00,2025-10-26 15:03:43.1580000 +00:00
0a76e366e22e,Jardim Noroeste,5002704.0,50,2024-01-02 17:28:10.7890000 +00:00,2024-01-02 17:28:14.9500000 +00:00
614e60840b39,Jardim Colibri II,5002704.0,50,2021-11-10 11:49:06.3910000 +00:00,2021-11-10 11:52:51.3870000 +00:00
0e7b03a46656,Vival dos Ipês,5003702.0,50,2021-03-21 16:53:12.3040000 +00:00,2021-03-21 16:53:12.3040000 +00:00
4db7a02f8669,Centro,5002100.0,50,2021-10-03 02:03:37.9610000 +00:00,2021-10-03 02:03:37.9610000 +00:00
d2f56147107e,centro ,5005251.0,50,2022-06-11 01:41:55.4680000 +00:00,2022-06-11 01:41:55.4680000 +00:00
a7036ce384f7,Tiradentes,5002704.0,50,2020-04-14 01:57:30.9350000 +00:00,2020-04-14 01:57:30.9350000 +00:00
c6d5a70c9ca6,Vila Esperança,5003702.0,50,2025-10-28 12:53:16.1690000 +00:00,2025-10-28 12:56:07.2630000 +00:00
0af668b385ba,Setor 02,1100023.0,11,2022-11-17 16:17:02.7320000 +00:00,2022-11-17 16:17:02.7320000 +00:00
5a60574c493d,Conjunto Aero Rancho,5002704.0,50,2023-12-17 01:02:04.8710000 +00:00,2023-12-17 01:02:04.8710000 +00:00
c123e55ce7c2,Vila Industrial,5003702.0,50,2025-02-14 14:16:46.3520000 +00:00,2025-02-14 14:21:18.0220000 +00:00
1c6223afb41e,planalto ,5002407.0,50,2026-01-07 13:00:26.2320000 +00:00,2026-01-07 13:00:26.2320000 +00:00
2bd02ec8bf38,Monte Castelo,5002704.0,50,2022-01-27 10:57:25.6450000 +00:00,2022-01-27 10:57:25.6450000 +00:00
c20d4fd4a346,Centro,5008305.0,50,2026-07-13 19:29:15.1090000 +00:00,2026-07-13 19:29:18.7070000 +00:00
a50215434ee7,Vila Nasser,5002704.0,50,2026-05-17 19:58:18.4940000 +00:00,2026-05-17 19:58:18.4940000 +00:00
920017f5ffa6,Caiçara,5002704.0,50,2023-10-23 18:05:16.5810000 +00:00,2023-10-23 18:07:38.3750000 +00:00
dfe2587f98c1,,5001102.0,50,2025-01-15 19:21:59.8350000 +00:00,2025-01-15 19:21:59.8350000 +00:00
dd814631a4c3,Sta Cecília ,3507902.0,35,2023-08-27 19:33:12.8630000 +00:00,2023-08-27 19:33:35.3710000 +00:00
f5d12fd358da,Santo Antônio,5002704.0,50,2022-09-13 18:39:13.3180000 +00:00,2025-02-02 01:34:16.0350000 +00:00
c8387ff0f158,Vila Moreninha II,5002704.0,50,2025-09-10 17:02:37.9760000 +00:00,2025-09-10 17:02:37.9760000 +00:00
1c4795e90653,Vila Carlota,5002704.0,50,2024-08-15 21:35:39.0850000 +00:00,2026-04-03 16:17:38.8760000 +00:00
d6c43c5ce0b6,Coophafé,5002704.0,50,2023-12-13 18:13:31.6260000 +00:00,2023-12-13 18:13:31.6260000 +00:00
ead6447fbad8,Jibóia Branca,1500800.0,15,2023-05-05 14:57:48.8380000 +00:00,2023-05-05 14:57:48.8380000 +00:00
cfd4ee56c858,Vila Toscana II,5003702.0,50,2026-01-03 15:06:40.6830000 +00:00,2026-01-03 15:06:40.6830000 +00:00
f4c4d9c10a27,Fortaleza ,5005400.0,50,2023-04-11 23:28:54.7790000 +00:00,2023-04-11 23:29:00.9900000 +00:00
5122a34920a8,Jardim Colibri,5003702.0,50,2025-09-24 00:09:54.2480000 +00:00,2025-09-24 00:09:54.2480000 +00:00
44a7b1675e04,Bairro da Granja,5006606.0,50,2026-04-02 02:13:18.9830000 +00:00,2026-04-02 02:13:58.0440000 +00:00
0fae779e1df0,Jardim Tijuca,5002704.0,50,2026-05-05 19:17:40.7420000 +00:00,2026-05-05 19:17:40.7420000 +00:00
0a09641ed016,Conjunto Residencial Nova Olinda,5002704.0,50,2021-05-06 16:57:50.3570000 +00:00,2021-05-06 16:57:50.3570000 +00:00
e74893998846,Popular Nova,5003207.0,50,2026-05-23 03:05:00.7080000 +00:00,2026-05-23 03:05:00.7080000 +00:00
aa8e5517d187,Nova Corumbá,5003207.0,50,2021-03-31 00:05:06.3520000 +00:00,2021-03-31 00:05:06.3520000 +00:00
7f1fcc9ce081,Bairro Seminário,5002704.0,50,2020-04-30 01:44:22.2420000 +00:00,2020-04-30 01:44:22.2420000 +00:00
ee8fa42267dd,Caiçara,5002704.0,50,2023-10-18 21:53:59.4680000 +00:00,2023-10-18 21:53:59.4680000 +00:00
5724ac7d6e8b,Altos da Cidade,5000708.0,50,2021-03-12 02:25:34.3120000 +00:00,2024-07-16 01:43:44.9670000 +00:00
dc0464cd3ab4,Centro,5008305.0,50,2022-04-06 13:54:36.3810000 +00:00,2022-04-06 13:54:36.3810000 +00:00
037666efde73,Praia de Itaparica,3205200.0,32,2023-03-02 01:01:17.5760000 +00:00,2023-03-02 01:01:17.5760000 +00:00
e892b69dd02b,Coophasul,5002704.0,50,2024-11-09 16:47:57.0910000 +00:00,2024-11-09 16:47:57.0910000 +00:00
980a50c7a838,Monte Castelo,5002704.0,50,2025-12-12 19:31:23.6320000 +00:00,2025-12-12 19:31:23.6320000 +00:00
293e97c0e6b6,Parque Residencial dos Girassóis,5002704.0,50,2024-06-11 12:08:39.7630000 +00:00,2024-06-11 12:08:39.7630000 +00:00
b08658f3e524,Vila Ieda,5002704.0,50,2022-03-14 00:37:27.9780000 +00:00,2022-03-14 00:37:27.9780000 +00:00
bc5380cd96dc,flamboyant ,5002951.0,50,2026-01-15 19:49:45.7350000 +00:00,2026-01-15 19:49:45.7350000 +00:00
13213ff3b664,Zona Rural ,5002951.0,50,2024-05-19 11:35:47.5340000 +00:00,2024-05-19 11:35:47.5340000 +00:00
29ae7b2a7e21,Sobrinho,5002704.0,50,2020-10-13 21:34:41.7390000 +00:00,2020-10-13 21:35:14.5190000 +00:00
2dd40e12ab28,de Lourdes ,5006309.0,50,2025-01-21 11:33:43.0670000 +00:00,2025-01-21 11:33:43.0670000 +00:00
2ac1bdb6f2b9,São Francisco,5002704.0,50,2022-06-08 23:15:46.6110000 +00:00,2022-06-08 23:15:46.6110000 +00:00
05864cd60e7f,Ernesto Geisel,2507507.0,25,2024-07-18 14:27:11.9020000 +00:00,2024-07-18 14:27:11.9020000 +00:00
fc03734f5066,Vila Serradinho,5002704.0,50,2024-09-07 02:07:55.2790000 +00:00,2024-09-07 02:07:55.2790000 +00:00
a53f23dfda17,Jardim América ,5002605.0,50,2026-03-17 21:20:03.4810000 +00:00,2026-03-17 21:20:42.6710000 +00:00
c523d8ac2f62,Senhor Divino ,5003306.0,50,2025-02-19 19:49:20.6360000 +00:00,2025-02-19 19:49:20.6360000 +00:00
361bda129d65,Jardim Moema,5002704.0,50,2021-11-08 15:58:18.6940000 +00:00,2021-11-08 15:58:18.6940000 +00:00
e692adcb92d6,Aldeia Bororó,5003702.0,50,2025-10-22 14:45:46.0430000 +00:00,2025-10-22 14:45:46.0430000 +00:00
bf32f9e332ff,Centro,5002704.0,50,2022-08-02 22:15:15.5670000 +00:00,2022-08-02 22:15:15.5670000 +00:00
28810ca27349,Nossa Senhora da Conceição II,5007109.0,50,2025-12-01 09:51:33.1530000 +00:00,2025-12-01 09:52:10.2470000 +00:00
a64301d74770,Jardim Colúmbia,5002704.0,50,2022-02-02 22:26:57.8400000 +00:00,2022-02-02 22:26:57.8400000 +00:00
158e88e79631,Centro,5002704.0,50,2023-08-07 13:41:19.7430000 +00:00,2023-08-07 13:41:19.7430000 +00:00
d906bb90a7b0,Pioneiros,5002704.0,50,2021-01-21 18:11:56.6450000 +00:00,2021-01-21 18:11:56.6450000 +00:00
53ef6be74b20,FLÁVIO GARCIA ,5003306.0,50,2020-11-03 16:20:52.4540000 +00:00,2020-11-03 16:20:52.4540000 +00:00
8904f25ca165,Bairro da Saudade,5006606.0,50,2021-01-28 12:01:46.5140000 +00:00,2021-01-28 12:01:54.6280000 +00:00
2db1dcdee2de,Cristo Redentor,5003207.0,50,2022-03-28 12:32:27.7680000 +00:00,2022-03-28 12:32:27.7680000 +00:00
fed8c8333c56,Jardim Jamaica,5006606.0,50,2021-07-02 19:26:03.9630000 +00:00,2021-07-02 19:26:17.2810000 +00:00
a59af7460ec6,João Zardo ,5007208.0,50,2023-02-01 02:44:48.8150000 +00:00,2023-02-01 02:45:02.3330000 +00:00
f14d0360100f,Jardim Paulo Coelho Machado,5002704.0,50,2024-08-07 16:57:24.3920000 +00:00,2024-08-07 16:57:29.2040000 +00:00
7eec09ecfdf7,Parque Iguatemi,5002704.0,50,2025-01-03 15:05:27.4680000 +00:00,2025-01-03 15:05:27.4680000 +00:00
d983ee0aee29,Pioneiros,5002704.0,50,2021-10-26 14:29:41.2200000 +00:00,2021-10-26 14:29:41.2200000 +00:00
cd2812f30fae,vila Angélica 1,5005004.0,50,2021-09-07 02:11:36.6950000 +00:00,2021-09-07 02:11:36.6950000 +00:00
6909ac8ca39a,Residencial Vila Bela,5002704.0,50,2023-10-17 22:47:23.3180000 +00:00,2023-10-17 22:47:29.9240000 +00:00
2354e00bc23c,Jardim Tropical,5003702.0,50,2023-12-11 13:13:13.5610000 +00:00,2024-02-03 01:20:18.3430000 +00:00
31f5f9bf9ce0,Nova Lima,5002704.0,50,2024-08-01 21:44:16.8930000 +00:00,2024-08-01 21:44:16.8930000 +00:00
fa53e5d4eeda,Jardim Itamaracá,5002704.0,50,2025-12-18 15:31:35.1550000 +00:00,2025-12-18 15:31:35.1550000 +00:00
a5f005b07b6e,Terras Alpha Campo Grande,5002704.0,50,2020-06-22 02:43:16.7650000 +00:00,2025-01-27 17:37:51.2760000 +00:00
a19b3adea80b,Residencial Athenas,5005707.0,50,2025-02-20 17:30:25.4230000 +00:00,2025-02-20 17:30:25.4230000 +00:00
867b2a77944f,Vila Carolina,5005004.0,50,2024-07-06 21:40:07.7810000 +00:00,2024-07-06 21:40:07.7810000 +00:00
75e1de5d1133,Vila Carlota,5002704.0,50,2021-01-22 01:25:12.1990000 +00:00,2021-01-22 01:25:12.1990000 +00:00
2375713ff7a2,Jardim Cristhais,5003702.0,50,2021-12-21 10:12:01.4320000 +00:00,2021-12-21 10:12:04.4100000 +00:00
89a364d438cb,Centro ,5002100.0,50,2025-01-29 19:48:33.9590000 +00:00,2025-01-29 19:48:51.2040000 +00:00
0e1f394e758a,Interlagos ,5008305.0,50,2023-10-03 11:57:40.3710000 +00:00,2023-10-03 12:00:16.4030000 +00:00
d8736facd644,Cassino,4315602.0,43,2021-04-26 16:16:38.6790000 +00:00,2021-04-26 16:16:38.6790000 +00:00
4593a1a0cf99,Argemiro Ortega,5006200.0,50,2022-02-10 17:34:25.4740000 +00:00,2022-02-10 17:34:41.1690000 +00:00
fa038dd2ef55,residêncial são João,5001003.0,50,2024-08-03 17:54:43.0000000 +00:00,2024-08-03 17:55:00.2000000 +00:00
f9c1dbf65b40,Panamá,5002704.0,50,2024-12-23 00:52:00.0830000 +00:00,2024-12-23 00:52:00.0830000 +00:00
7be8bfbc6b83,Jardim Itamaracá,5002704.0,50,2023-11-30 02:10:34.8170000 +00:00,2023-11-30 02:10:34.8170000 +00:00
ada88a42fea8,Aeroporto,5003207.0,50,2026-01-17 13:00:49.6290000 +00:00,2026-01-17 13:00:49.6290000 +00:00
8fe4b5fae29e,Centro,5002704.0,50,2024-10-25 01:40:09.1670000 +00:00,2024-10-25 01:40:09.1670000 +00:00
06c754e9ce5b,Conjunto Guatos,5003207.0,50,2023-11-02 15:39:20.1330000 +00:00,2023-11-02 15:39:20.1330000 +00:00
e774a39de3c2,Jardim Aero Rancho,5002704.0,50,2022-06-23 15:49:28.8030000 +00:00,2022-06-23 15:49:28.8030000 +00:00
92cf82a71062,Rita Vieira ,5002704.0,50,2026-01-23 00:14:25.1760000 +00:00,2026-01-23 00:14:25.1760000 +00:00
13f74331854b,Parque Rincão I,5003702.0,50,2022-08-05 22:16:30.6880000 +00:00,2022-08-05 22:16:30.6880000 +00:00
ce483d61553c,vila Nova ,5008305.0,50,2026-02-09 21:10:56.2430000 +00:00,2026-02-09 21:10:56.2430000 +00:00
2a773fe156d6,Bosque das Araras,5002704.0,50,2022-06-07 00:13:38.7940000 +00:00,2024-07-18 04:43:34.7860000 +00:00
6f858ad6e3ab,Portal do Morumbi,5006606.0,50,2022-03-16 17:36:00.1400000 +00:00,2022-03-16 17:36:00.1400000 +00:00
aadd81a7e5f9,joguei clube ,5005806.0,50,2022-10-15 18:47:19.1190000 +00:00,2022-10-15 18:52:54.8450000 +00:00
f7c175fabc00,Vila São Francisco,5003702.0,50,2026-01-19 15:36:03.7010000 +00:00,2026-01-19 15:36:03.7010000 +00:00
001132a86b10,Nova Lima,5002704.0,50,2026-07-24 02:37:31.1220000 +00:00,2026-07-24 02:37:42.8540000 +00:00
bf2d735b2ea4,Jardim Jacy,5002704.0,50,2024-09-24 19:12:56.1050000 +00:00,2024-09-24 19:12:56.1050000 +00:00
fca7876dc231,Residencial Ana Maria do Couto,5002704.0,50,2025-02-04 22:16:40.1430000 +00:00,2025-02-04 22:16:47.0080000 +00:00
863c9fbbd625,Mata do Jacinto,5002704.0,50,2025-08-14 03:11:36.0010000 +00:00,2025-08-14 03:11:36.0010000 +00:00
2e63e52fd7f3,Loteamento Tarcila do Amaral,5002704.0,50,2026-08-12 16:48:05.7730000 +00:00,2026-08-12 16:48:05.7730000 +00:00
f7a5878916a7,Pioneiros,5002704.0,50,2020-05-20 16:58:20.4100000 +00:00,2020-05-20 16:58:20.4100000 +00:00
4907dd453b62,Centro,5002704.0,50,2024-01-29 18:32:15.1940000 +00:00,2024-01-29 18:32:44.6350000 +00:00
86d3c7dc1109,Zona Rural ,1503093.0,15,2023-09-08 20:15:20.6150000 +00:00,2023-09-08 20:22:00.6480000 +00:00
d5a355ece30d,Vila Toscana,5003702.0,50,2024-08-15 11:37:47.0910000 +00:00,2024-08-20 20:47:17.1440000 +00:00
a5f809350c8e,Vila dos Ferroviários,5008305.0,50,2026-01-21 17:48:21.7120000 +00:00,2026-01-21 17:48:21.7120000 +00:00
68c9cb33d9d4,Cristo Redentor,2507507.0,25,2025-05-14 21:39:12.1880000 +00:00,2025-05-14 21:39:12.1880000 +00:00
4477126f433a,Tiradentes,5002704.0,50,2023-08-11 20:38:43.1730000 +00:00,2023-08-11 20:38:43.1730000 +00:00
81e027811cd9,Monte Castelo,5002704.0,50,2023-01-17 22:09:25.0080000 +00:00,2023-01-17 22:09:25.0080000 +00:00
2699edb30912,Maria Leite,5003207.0,50,2021-08-29 15:20:24.0500000 +00:00,2021-08-29 15:23:34.6430000 +00:00
ed48d679783d,Ypê Roxo,5003702.0,50,2021-10-13 15:15:17.7410000 +00:00,2026-03-22 21:00:39.6720000 +00:00
6494b5d00fb0,Centro,5002803.0,50,2024-01-31 16:46:58.2310000 +00:00,2024-09-13 16:28:53.4790000 +00:00
464f333dd1d3,Porto Vilma,5003454.0,50,2025-03-13 23:02:49.5610000 +00:00,2025-03-13 23:04:49.1700000 +00:00
7cbd64e1da27,Jardim Morenão,5002704.0,50,2024-06-19 16:11:47.7650000 +00:00,2024-06-19 16:11:47.7650000 +00:00
5565d41b38b5,Planalto ,5004106.0,50,2023-11-15 18:38:01.1350000 +00:00,2023-11-15 18:38:01.1350000 +00:00
cd0e3107cabc,Primavera 1 ,5002100.0,50,2025-02-10 16:05:44.2250000 +00:00,2025-02-10 16:05:44.2250000 +00:00
8bd94effa1c1,Centro,5001102.0,50,2021-08-11 15:09:56.4390000 +00:00,2021-08-11 15:09:56.4390000 +00:00
00b5f6bdd219,Loteamento Flor de Lis,5003702.0,50,2024-10-26 12:46:22.9870000 +00:00,2024-10-26 12:46:22.9870000 +00:00
cb46e5eede20,Parque do Lageado,5002704.0,50,2021-01-15 06:36:46.9690000 +00:00,2021-01-15 06:40:31.2330000 +00:00
6063ea5accce,Campina de Icoaraci (Icoaraci),1501402.0,15,2024-01-19 14:06:37.2760000 +00:00,2024-01-24 13:09:35.3460000 +00:00
4241d80e70ee,Mata do Jacinto,5002704.0,50,2022-07-07 06:05:11.0390000 +00:00,2022-07-07 06:05:11.0390000 +00:00
cc81753d1121,Centro,5002951.0,50,2023-07-14 18:23:57.4640000 +00:00,2023-07-14 18:23:57.4640000 +00:00
0a8af21dd148,Vila Industrial,5003702.0,50,2024-12-27 15:44:53.8820000 +00:00,2024-12-27 15:44:53.8820000 +00:00
9e15b5146340,Coophavila II,5002704.0,50,2020-12-14 04:45:03.8580000 +00:00,2021-04-18 16:40:48.7070000 +00:00
a902fa246371,Jardim Tarumã,5002704.0,50,2026-07-16 22:55:25.2760000 +00:00,2026-07-16 22:55:25.2760000 +00:00
5ba695c591cf,Jardim Deodápolis ,5003454.0,50,2021-08-23 04:16:50.6180000 +00:00,2021-08-23 04:16:50.6180000 +00:00
8b2c41d2e3a2,Universitário,5003207.0,50,2021-03-31 22:35:16.3490000 +00:00,2021-03-31 22:35:16.3490000 +00:00
c1031dd92d94,Jardim Bálsamo ,5002704.0,50,2024-10-21 00:52:55.6070000 +00:00,2024-10-21 00:52:55.6070000 +00:00
549645552970,Centro,5002704.0,50,2023-07-25 22:08:35.8280000 +00:00,2023-07-25 22:08:40.3080000 +00:00
174bc4c7bc7f,Vila Nova Campo Grande,5002704.0,50,2023-07-15 13:19:21.9120000 +00:00,2023-07-15 13:19:21.9120000 +00:00
4703c8e21aa5,Monte Castelo,5002704.0,50,2022-08-31 19:30:10.2870000 +00:00,2022-08-31 19:30:20.1990000 +00:00
84380ad25160,Monte Castelo,5002704.0,50,2024-03-19 13:49:58.7550000 +00:00,2024-03-19 13:53:22.0750000 +00:00
5558a9305d00,Vila Nasser,5002704.0,50,2026-01-03 16:08:55.6220000 +00:00,2026-01-03 16:08:58.9430000 +00:00
75c6c400114f,Residecial Nelson Trad,5002704.0,50,2023-12-03 14:18:43.2560000 +00:00,2023-12-03 14:18:43.2560000 +00:00
2442446e4a84,Tiradentes,5002704.0,50,2020-11-01 00:08:04.1650000 +00:00,2020-11-01 00:08:04.4680000 +00:00
5748425be21a,Jardim das Macaúbas,5002704.0,50,2021-11-28 01:52:49.3870000 +00:00,2021-11-28 01:52:49.3870000 +00:00
c4f0a7087d6d,Vila Palmira,5002704.0,50,2024-04-01 12:33:29.5730000 +00:00,2024-04-01 12:33:29.5730000 +00:00
271b9a5b8504,Vila Nogueira,5002704.0,50,2021-03-29 01:10:37.8140000 +00:00,2021-03-29 01:10:37.8140000 +00:00
5611e16f9add,Rancho Alegre I,5002704.0,50,2024-02-03 21:54:50.1090000 +00:00,2024-02-03 21:54:50.1090000 +00:00
2587bd380252,Jardim Aero Rancho,5002704.0,50,2023-05-11 13:10:42.1950000 +00:00,2023-05-11 13:11:27.0980000 +00:00
d10817c5cd0e,Jardim Inápolis,5002704.0,50,2025-08-01 14:34:06.5030000 +00:00,2025-08-01 14:34:06.5030000 +00:00
a3d77105bfdc,Estrela Porã,5003702.0,50,2021-11-30 00:13:15.9590000 +00:00,2021-11-30 00:13:15.9590000 +00:00
234c945e5181,Jardim Aero Rancho,5002704.0,50,2020-08-23 15:17:23.2970000 +00:00,2020-08-23 15:17:38.0270000 +00:00
6d549ce43838,Parque São Carlos,5008305.0,50,2020-04-26 17:28:51.3800000 +00:00,2020-04-26 17:28:51.3800000 +00:00
a8cf7a96f791,portal do parque ,5006200.0,50,2021-04-04 23:45:46.5670000 +00:00,2021-04-04 23:45:46.5670000 +00:00
ffc814661e51,Vila Piratininga,5002704.0,50,2026-03-03 04:33:02.8530000 +00:00,2026-03-03 04:33:02.8530000 +00:00
65e915f2a246,Cristo Redentor,5003207.0,50,2022-01-26 13:58:21.7170000 +00:00,2022-01-26 13:58:21.7170000 +00:00
0b6338359bd4,Centro,5006606.0,50,2023-07-06 09:57:55.6300000 +00:00,2023-07-06 09:57:55.6300000 +00:00
c695e01277de,Jardim Paranapunga,5008305.0,50,2021-10-23 01:07:05.7870000 +00:00,2021-10-23 01:07:05.7870000 +00:00
e74195cf4e9e,Jardim das Oliveiras,5008305.0,50,2025-10-16 01:32:41.4630000 +00:00,2025-10-16 01:32:41.4630000 +00:00
ce9e880b1293,Guanandi,5002704.0,50,2023-11-30 02:44:30.1190000 +00:00,2023-11-30 02:44:30.1190000 +00:00
a0b0c9ea1179,Pioneiros,5002704.0,50,2020-09-17 02:45:39.8170000 +00:00,2020-09-17 02:45:39.8170000 +00:00
01c81c2dd93a,Vila Planalto,5002704.0,50,2024-06-19 14:07:04.4840000 +00:00,2024-06-19 14:07:04.4840000 +00:00
7f1af8cecd34,Parque dos Novos Estados,5002704.0,50,2022-05-25 08:31:54.2990000 +00:00,2022-05-25 08:32:12.1940000 +00:00
83ab0df63235,Jardim Montevidéu,5002704.0,50,2021-07-06 21:51:00.3560000 +00:00,2021-07-06 21:51:00.3560000 +00:00
f22a9bbb7c8c,Harry Amorim Costa ,5005707.0,50,2024-07-31 18:44:20.4830000 +00:00,2024-07-31 18:44:20.4830000 +00:00
6f249a323554,Vila quarenta ,5001102.0,50,2025-11-10 15:22:27.4490000 +00:00,2025-11-10 15:22:27.4490000 +00:00
b404c13e80ba,Centro,5003207.0,50,2021-06-07 01:03:52.2540000 +00:00,2021-06-28 00:32:26.2290000 +00:00
ed35a9212736,Parque Alvorada,5003702.0,50,2020-07-05 17:16:58.3800000 +00:00,2020-07-05 17:16:58.3800000 +00:00
82a1eca75612,Mata do Jacinto,5002704.0,50,2024-08-10 11:07:27.7270000 +00:00,2024-08-10 11:07:27.7270000 +00:00
de717dd2c2f4,Gramame,2507507.0,25,2026-02-24 16:16:25.9340000 +00:00,2026-02-24 16:16:46.4550000 +00:00
a1f9bf7af6e6,Jardim Aero Rancho,5002704.0,50,2021-02-11 19:42:33.1280000 +00:00,2021-02-11 19:42:33.1280000 +00:00
807776465951,Pioneiros,5002704.0,50,2025-02-04 18:39:46.7200000 +00:00,2025-02-04 18:39:46.7200000 +00:00
81524799631a,Vila Carlota,5002704.0,50,2024-09-12 22:55:15.9180000 +00:00,2024-09-12 22:55:15.9180000 +00:00
91594b2927ea,Residencial Mário Cóvas,5002704.0,50,2021-03-17 10:57:16.3480000 +00:00,2021-03-17 10:57:24.2110000 +00:00
1d97f5209ba2,Panorama,5002704.0,50,2023-10-16 18:23:15.9160000 +00:00,2023-10-16 18:23:15.9160000 +00:00
d1ceef09254f,Parque dos Laranjais,5002704.0,50,2024-05-23 11:11:37.3200000 +00:00,2024-05-23 11:11:37.3200000 +00:00
c845193ed296,Pioneiros,5002704.0,50,2024-07-24 23:59:26.2970000 +00:00,2024-07-24 23:59:26.2970000 +00:00
f95b03819ad5,Coophatrabalho,5002704.0,50,2024-11-16 15:58:08.4670000 +00:00,2024-11-16 15:58:08.4670000 +00:00
2f011a2f8efa,Núcleo Habitacional Buriti,5002704.0,50,2025-03-17 19:59:36.2840000 +00:00,2025-03-17 19:59:36.2840000 +00:00
a756d53a7c90,Santo Antônio,5002704.0,50,2025-04-03 18:34:18.9680000 +00:00,2025-04-03 18:34:18.9680000 +00:00
f85f891b4b01,Santa Luzia,5008305.0,50,2025-07-20 02:46:09.9840000 +00:00,2025-07-20 02:46:09.9840000 +00:00
5cff7a5c51b7,centro ,5004700.0,50,2021-01-22 02:14:18.9230000 +00:00,2021-01-22 02:14:18.9230000 +00:00
a351201d5ac2,Altos do Indaiá,5003702.0,50,2024-03-21 02:09:54.5970000 +00:00,2024-03-21 02:09:54.5970000 +00:00
0ba117b1c03b,Vila Santa Catarina,5003702.0,50,2021-10-13 15:05:19.1500000 +00:00,2021-10-13 15:05:19.1500000 +00:00
1fd9cc2f6918,oasis ii,5005707.0,50,2025-01-31 01:57:23.1600000 +00:00,2025-01-31 01:57:23.1600000 +00:00
63551c779dfc,Centro Educacional ,5006200.0,50,2024-06-04 22:38:48.7560000 +00:00,2024-06-04 22:38:48.7560000 +00:00
aee13f8c621d,Jardim Samambaia,5002704.0,50,2023-05-23 17:26:41.5060000 +00:00,2023-05-23 17:26:41.5060000 +00:00
89b11dba04c6,Porto Madero,5003702.0,50,2024-10-14 15:29:55.8750000 +00:00,2024-10-14 15:29:55.8750000 +00:00
b7c869914dac,zona rural,5000609.0,50,2020-11-28 19:50:33.4520000 +00:00,2020-11-28 19:50:33.4520000 +00:00
64ec720ff6e7,Residencial Vida Nova III,5002704.0,50,2024-09-20 20:14:09.1750000 +00:00,2024-09-20 20:14:09.1750000 +00:00
a3828bd4e470,Paraguai,5005400.0,50,2024-03-21 18:57:05.5750000 +00:00,2024-03-21 18:57:05.5750000 +00:00
73dc0d75c8a8,Vila Nasser,5002704.0,50,2026-02-19 03:32:19.1310000 +00:00,2026-02-19 03:32:19.1310000 +00:00
ad6d7ae0dde3,Vila Moreninha III,5002704.0,50,2025-03-14 17:18:21.8930000 +00:00,2025-03-14 17:18:21.8930000 +00:00
6c24a560098c,,5002605.0,50,2020-05-27 20:05:30.2420000 +00:00,2020-05-31 12:56:12.0690000 +00:00
c35e8effe39b,Jardim Presidente,5002704.0,50,2020-11-10 22:27:59.5840000 +00:00,2020-11-10 22:30:06.1570000 +00:00
9cd8ef99bc43,Jardim Cristhais I,5003702.0,50,2023-10-28 01:48:52.9830000 +00:00,2023-10-28 01:49:00.9820000 +00:00
8b9ccb550278,Residencial Oliveira,5002704.0,50,2023-05-01 18:52:59.6980000 +00:00,2023-05-01 18:52:59.6980000 +00:00
219706cd8569,Centro,5006606.0,50,2021-06-29 00:24:46.1040000 +00:00,2021-06-29 00:24:46.1040000 +00:00
f1e70443ce8a,cambarai,5005400.0,50,2020-04-15 12:09:06.9210000 +00:00,2020-04-15 12:09:06.9210000 +00:00
2797dcf73c38,Vila Morena ,5005004.0,50,2023-06-16 19:35:16.9140000 +00:00,2023-06-16 19:35:16.9140000 +00:00
bba9458542a4,Universitário,5002704.0,50,2020-10-19 10:58:00.6790000 +00:00,2020-10-19 10:58:00.6790000 +00:00
3d043af62bea,Loteamento Tarcila do Amaral,5002704.0,50,2024-06-14 17:52:06.4680000 +00:00,2024-06-14 17:52:06.4680000 +00:00
0d7d1b86e504,Vila Progresso,5002704.0,50,2021-10-04 20:03:50.8710000 +00:00,2021-10-04 20:05:39.6400000 +00:00
6005d6ad1491,Vila Bandeirante,5002704.0,50,2024-05-29 14:34:50.3940000 +00:00,2024-05-29 14:34:50.3940000 +00:00
98e020c2538d,Conjunto Habitacional Imperial,5008305.0,50,2021-07-08 03:20:53.4620000 +00:00,2021-07-08 03:21:48.1600000 +00:00
73748622991d,Jardim Tijuca,5002704.0,50,2024-10-03 00:47:14.6790000 +00:00,2024-10-03 00:47:14.6790000 +00:00
69e22d447a76,Popular Velha,5003207.0,50,2021-08-05 17:19:37.4890000 +00:00,2021-08-05 17:19:37.4890000 +00:00
d8de01abca2a,Altos do Indaiá,5003702.0,50,2022-09-19 10:26:47.0920000 +00:00,2022-09-19 10:28:44.9430000 +00:00
67bad3d86ce6,Pioneiros,5002704.0,50,2025-05-14 13:12:40.5210000 +00:00,2025-05-14 13:12:40.5210000 +00:00
2f268b10c5ca,Maria  lurde,5006002.0,50,2024-03-05 02:54:52.6020000 +00:00,2024-03-10 11:38:58.0010000 +00:00
9ba9635db3b6,Centro,5006275.0,50,2025-03-18 18:36:02.3850000 +00:00,2025-03-18 18:36:02.3850000 +00:00
e5de05b45234,Dom Bosco,5003207.0,50,2025-07-18 04:16:46.3050000 +00:00,2025-07-18 04:16:46.3050000 +00:00
5554ee328c63,centro,5003157.0,50,2022-01-11 21:04:45.4110000 +00:00,2022-01-11 23:13:17.9650000 +00:00
0a48a0e9ad98,Vila Popular,5002704.0,50,2024-04-02 18:33:49.0750000 +00:00,2024-04-02 18:33:49.0750000 +00:00
c91bf5d460c7,Centro ,5004007.0,50,2023-07-27 18:14:49.9370000 +00:00,2023-07-27 18:14:49.9370000 +00:00
7ef0715ade0a,Jardim Campo Nobre,5002704.0,50,2023-11-29 02:32:57.6900000 +00:00,2023-11-29 02:32:57.6900000 +00:00
577b6a5f77b3,Jardim Flórida,5003702.0,50,2024-08-13 14:31:22.6040000 +00:00,2024-08-13 14:31:22.6040000 +00:00
3fd422974972,Triguena,5004700.0,50,2020-10-20 11:50:25.0210000 +00:00,2020-10-20 11:50:25.0210000 +00:00
2f1017ba8179,Jardim Monte Líbano,5002704.0,50,2025-01-16 14:16:49.4830000 +00:00,2025-01-16 14:16:49.4830000 +00:00
96dfc314dc94,Santo   Antônio ,5006309.0,50,2020-04-30 03:12:54.5070000 +00:00,2020-04-30 03:12:54.5070000 +00:00
32862575ce78,Santa Marta ,5002407.0,50,2023-04-19 16:32:57.7700000 +00:00,2023-04-19 16:33:06.0950000 +00:00
b6ade96f2d0d,Centro,5002704.0,50,2020-11-26 19:45:00.9250000 +00:00,2022-05-10 00:42:16.6620000 +00:00
9e27eed9d705,Residencial Sírio Libanês I,5002704.0,50,2026-05-19 17:34:49.8970000 +00:00,2026-05-19 17:39:37.2820000 +00:00
1eb637d3f7ca,Jardim Jockey Club,5002704.0,50,2024-07-17 11:46:56.4960000 +00:00,2024-07-17 11:46:56.4960000 +00:00
dd5c86d46563,Parque do Lageado,5002704.0,50,2024-06-19 00:52:53.8710000 +00:00,2024-06-19 00:54:15.0660000 +00:00
c407fc85b7f5,Jardim Canguru,5002704.0,50,2025-02-25 19:20:33.7760000 +00:00,2025-02-25 19:38:44.7340000 +00:00
663243648f45,Santa Fé,5002704.0,50,2021-03-25 22:01:04.8060000 +00:00,2021-03-25 22:01:04.8060000 +00:00
dd08a15f481a,Portal do Parque ,5006200.0,50,2024-02-08 13:43:42.1830000 +00:00,2024-07-27 17:12:29.8020000 +00:00
68aba735cce9,Coophamat,5002704.0,50,2024-04-04 21:50:36.9290000 +00:00,2024-04-04 21:50:36.9290000 +00:00
148d133b0250,Marco,1501402.0,15,2026-08-03 00:56:19.4770000 +00:00,2026-08-03 00:58:56.5830000 +00:00
9fea7cd545e1,Miramar,2507507.0,25,2025-03-13 00:24:18.1970000 +00:00,2025-03-13 00:24:18.1970000 +00:00
ebdaff2a5677,centro,5008008.0,50,2022-03-06 04:07:53.1050000 +00:00,2022-03-06 04:07:59.8840000 +00:00
2a73956f3d17,Loteamento Vespasiano Martins,5002704.0,50,2024-05-22 04:41:06.7650000 +00:00,2024-05-22 04:41:06.7650000 +00:00
bbb3af6b4983,Monte Castelo,5002704.0,50,2025-04-23 14:18:26.7970000 +00:00,2025-04-23 14:18:26.7970000 +00:00
7f66d4262e93,Vila Pimentel ,5000609.0,50,2020-05-18 01:47:20.1230000 +00:00,2020-05-18 01:47:20.1230000 +00:00
ac172bea851e,Cristo Redentor,2507507.0,25,2025-08-17 23:21:37.2900000 +00:00,2025-08-17 23:22:05.1330000 +00:00
214782792c8d,são Cristóvão ,5001102.0,50,2024-10-24 22:28:33.0720000 +00:00,2024-10-24 22:28:33.0720000 +00:00
87ff15b23d55,Parque do Lageado,5002704.0,50,2025-08-19 21:33:33.3890000 +00:00,2025-08-19 21:34:07.0040000 +00:00
d4c1fbb2563c,Jardim dos Estados,5003207.0,50,2024-04-15 16:49:39.4190000 +00:00,2024-04-15 16:49:39.4190000 +00:00
02da64605298,Jardim Imá,5002704.0,50,2025-04-02 11:18:03.5870000 +00:00,2025-04-02 11:18:03.5870000 +00:00
443f3e1f2176,Centro,5001102.0,50,2021-06-15 12:52:55.0540000 +00:00,2021-09-29 21:11:59.1100000 +00:00
12e98bb61f0a,Porto de Galinhas,2607208.0,26,2021-01-28 00:37:37.8540000 +00:00,2021-01-28 00:37:37.8540000 +00:00
2453f9e129e0,Jardim Tijuca,5002704.0,50,2022-03-10 01:09:44.5960000 +00:00,2022-03-10 01:09:44.5960000 +00:00
c05174cdb977,Vila Planalto,5002704.0,50,2024-02-20 02:51:53.9440000 +00:00,2024-02-20 02:51:53.9440000 +00:00
0add3180a6ac,Conjunto Habitacional Jardim Talismã,5002704.0,50,2021-05-05 20:02:06.5890000 +00:00,2021-05-05 20:02:06.5890000 +00:00
9a5bcbe5bf54,Jardim Monte Alegre,5002704.0,50,2026-02-27 14:04:46.4570000 +00:00,2026-02-27 14:04:46.4570000 +00:00
f5a3655aac12,Jardim Itatiaia,5002704.0,50,2025-11-30 08:41:36.5550000 +00:00,2025-11-30 08:41:36.5550000 +00:00
5fcc9278ac3d,vila operaria,5006200.0,50,2024-01-11 22:41:39.9890000 +00:00,2024-01-11 22:41:39.9890000 +00:00
1dac3c6b2ab1,Monte Castelo,5002704.0,50,2023-10-19 14:36:46.5740000 +00:00,2023-10-19 14:36:46.5740000 +00:00
b28d835f3421,Jardim Aero Rancho,5002704.0,50,2025-10-13 17:42:42.8570000 +00:00,2025-10-13 17:42:42.8570000 +00:00
a5e7aeae4110,Centro,5003702.0,50,2024-06-20 20:02:48.6800000 +00:00,2024-06-20 20:02:48.6800000 +00:00
7e5ce2980b72,Área Rural (Nova Casa Verde),5006200.0,50,2026-06-14 20:18:13.3450000 +00:00,2026-06-14 20:18:13.3450000 +00:00
e71c4647f3b5,Coophasul,5002704.0,50,2024-03-03 15:36:51.3490000 +00:00,2024-03-03 15:36:51.3490000 +00:00
110b745154f4,Guanandi II,5002704.0,50,2025-12-02 11:40:56.2470000 +00:00,2025-12-02 11:41:03.4730000 +00:00
40d8628f4149,Centro,2917508.0,29,2024-11-29 18:48:55.9340000 +00:00,2024-11-29 18:48:55.9340000 +00:00
6f31bd8a2af8,Jardim Mansur,5002704.0,50,2024-04-26 01:52:00.2760000 +00:00,2024-04-26 01:52:00.2760000 +00:00
d8f13c3d557f,Vila Olinda,5002704.0,50,2022-09-27 00:21:32.1330000 +00:00,2022-09-27 00:21:32.1330000 +00:00
b129b03244cd,Nossa Senhora das Graças,5008305.0,50,2023-06-30 21:35:31.3140000 +00:00,2023-06-30 21:38:16.2760000 +00:00
4ebec81726d8,centro ,5003306.0,50,2023-12-15 02:05:45.7260000 +00:00,2025-01-18 20:27:51.9620000 +00:00
b78088626cdc,Jardim Petrópolis,5002704.0,50,2020-06-23 23:50:37.9580000 +00:00,2023-10-18 21:59:24.1590000 +00:00
342f43768a44,Pioneiros,5002704.0,50,2023-01-28 01:05:59.3850000 +00:00,2023-01-28 01:05:59.3850000 +00:00
deb952ac6609,Bosque das Araras,5002704.0,50,2024-03-18 23:49:41.5640000 +00:00,2024-03-18 23:49:41.5640000 +00:00
28db5bbab9a4,Jardim Panorama ,5000609.0,50,2020-11-14 16:09:28.0950000 +00:00,2020-11-14 16:09:28.0950000 +00:00
899c5eb88c8a,Centro ,5006200.0,50,2023-08-21 16:56:30.3970000 +00:00,2023-08-21 16:56:41.2170000 +00:00
cf5b1571d610,Jardim Itamaracá,5002704.0,50,2024-06-06 15:57:34.2000000 +00:00,2024-06-06 16:01:58.4690000 +00:00
9c6376dfb7bd,Conjunto Aero Rancho,5002704.0,50,2023-09-11 02:13:48.4390000 +00:00,2023-09-14 13:18:57.3800000 +00:00
52fd9724cd20,Centro ,5001904.0,50,2022-05-31 17:39:29.3290000 +00:00,2022-05-31 17:44:36.9020000 +00:00
91c681d94a1e,Coophavila II,5002704.0,50,2021-07-19 00:49:29.4490000 +00:00,2021-07-19 00:49:29.4490000 +00:00
fd08a7ef9f9b,José Rodrigues,5002308.0,50,2024-12-19 14:27:49.9830000 +00:00,2024-12-19 14:27:49.9830000 +00:00
90ba3d9accc6,Monte Castelo,5002704.0,50,2021-02-11 18:02:04.2720000 +00:00,2021-02-11 18:02:04.2720000 +00:00
e86f18a4bc06,Centro,5003702.0,50,2021-09-08 22:40:23.2190000 +00:00,2021-09-08 22:40:23.2190000 +00:00
bea240f66020,Tatuapé,3550308.0,35,2026-02-23 12:50:13.4420000 +00:00,2026-02-23 12:50:13.4420000 +00:00
9e266e0086fd,centro,5000708.0,50,2021-06-18 20:33:22.8960000 +00:00,2021-06-18 20:33:35.9970000 +00:00
a419403b3913,São Benedito ,5000708.0,50,2023-05-29 16:14:20.9760000 +00:00,2023-05-29 16:14:33.1030000 +00:00
4c7335c95532,centro,5005681.0,50,2023-08-10 18:56:25.3910000 +00:00,2023-08-10 18:56:25.3910000 +00:00
ec07bce7e81f,Vila Marcos Roberto,5002704.0,50,2020-05-20 01:14:47.1410000 +00:00,2020-05-20 01:14:47.1410000 +00:00
c6103428d688,Recanto dos Pássaros,5002704.0,50,2024-04-25 06:22:30.6170000 +00:00,2024-04-25 06:22:30.6170000 +00:00
54f9deb6fea6,Parque Residencial Rita Vieira,5002704.0,50,2024-09-23 14:17:50.6510000 +00:00,2024-09-23 14:19:01.1870000 +00:00
7a1ab47c7043,centro,5006200.0,50,2021-07-09 20:04:01.8940000 +00:00,2021-07-11 13:30:00.6770000 +00:00
f7c2b486aad2,Morada Verde,5002704.0,50,2021-01-22 00:09:46.1230000 +00:00,2021-01-22 00:09:46.1230000 +00:00
328d5c218858,Santa terezinha,5001102.0,50,2021-06-28 15:37:04.3290000 +00:00,2021-06-28 15:37:20.4280000 +00:00
80d0f22a5ae9,Vila Flório,5002704.0,50,2025-08-18 02:14:38.3150000 +00:00,2025-08-18 02:14:38.3150000 +00:00
e9f6f760437b,Vila Margarida,5002704.0,50,2024-05-08 03:48:31.7060000 +00:00,2024-05-08 03:48:31.7060000 +00:00
a4970737f0f8,Centro,5003207.0,50,2025-05-07 04:58:28.6050000 +00:00,2025-05-07 04:58:28.6050000 +00:00
7164e41fbfed,Loteamento Rancho Alegre II,5002704.0,50,2021-01-21 17:41:29.9580000 +00:00,2021-01-21 17:41:29.9580000 +00:00
a37ad72e55a1,Jardim Monte Líbano,5003702.0,50,2025-08-03 01:09:19.5960000 +00:00,2025-08-03 01:09:19.5960000 +00:00
5e95b8d9ff08,Vila Vargas,5003702.0,50,2021-01-24 10:18:27.9430000 +00:00,2021-01-24 10:18:27.9430000 +00:00
84f73f683f23,Mata do Jacinto,5002704.0,50,2024-04-19 03:19:22.1080000 +00:00,2024-04-19 03:19:22.1080000 +00:00
9bf0bdabb990,,5001102.0,50,2021-07-03 17:39:41.0370000 +00:00,2021-07-03 17:45:49.4640000 +00:00
1b67e61e9bfa,São Cristóvão,3304557.0,33,2025-01-06 16:22:06.8740000 +00:00,2025-01-06 16:22:06.8740000 +00:00
1cc473645e17,Recanto dos Pássaros,5002704.0,50,2020-04-27 18:26:23.6770000 +00:00,2020-04-27 18:26:23.6770000 +00:00
3885f4ade9c8,Tiradentes,5002704.0,50,2025-05-21 20:37:05.7800000 +00:00,2025-05-21 20:38:20.9230000 +00:00
3486c734cf9a,Planalto Boa Esperança,2507507.0,25,2023-07-27 10:31:19.1300000 +00:00,2023-07-27 10:31:29.2980000 +00:00
962ee44e51f6,Parque dos Novos Estados,5002704.0,50,2025-09-09 19:19:04.0530000 +00:00,2025-09-09 19:19:14.0650000 +00:00
3363e5675baa,Lagoa Park,5002704.0,50,2022-06-25 15:53:46.0680000 +00:00,2022-06-25 15:53:46.0680000 +00:00
fe66527c6054,Mendes Mourão,5003306.0,50,2022-02-14 19:40:20.2120000 +00:00,2022-02-22 15:49:38.2540000 +00:00
c71e2359953d,Jardim Vida Nova I,5002704.0,50,2021-01-21 13:45:20.2780000 +00:00,2021-01-21 13:45:20.2780000 +00:00
fb0c3c9810d5,Portal Caiobá II,5002704.0,50,2023-09-22 01:11:45.9860000 +00:00,2023-09-22 01:12:15.1490000 +00:00
7b186e1eb5d8,Santa Maria,5003306.0,50,2022-06-11 02:06:06.7680000 +00:00,2022-06-11 02:06:06.7680000 +00:00
a44c7a6266b1,Jardim Colúmbia,5002704.0,50,2024-01-24 14:37:15.4180000 +00:00,2024-01-24 14:37:56.7290000 +00:00
cd749dc8fde0,Porto Bello,5005400.0,50,2026-06-15 01:05:08.8330000 +00:00,2026-06-15 01:06:43.1750000 +00:00
ade9d11ba432,Jardim Alvorada,5008305.0,50,2022-01-07 16:43:54.3060000 +00:00,2022-01-07 16:44:47.1550000 +00:00
eb0e3998bd6b,Novo Horizonte ,5003702.0,50,2025-01-08 13:01:43.7860000 +00:00,2025-05-21 17:28:14.8050000 +00:00
20bc6465a53c,Vila Taveirópolis,5002704.0,50,2024-07-11 16:34:27.1290000 +00:00,2024-07-11 16:34:27.1290000 +00:00
0e0755825a60,Bosque de Ponta Porã,5006606.0,50,2021-07-02 19:43:07.6490000 +00:00,2021-07-02 19:43:07.6490000 +00:00
cedd24da3c95,Pioneiros,5002704.0,50,2021-08-12 12:43:06.5370000 +00:00,2021-08-12 12:43:06.5370000 +00:00
b55df2438a84,Santa Fé,5002704.0,50,2024-05-23 17:10:42.1550000 +00:00,2024-05-23 17:10:42.1550000 +00:00
07f67b2fb831,Universitário,5002704.0,50,2023-10-28 03:56:39.9830000 +00:00,2023-10-28 03:56:39.9830000 +00:00
7ee886e3514e,Jardim Jamaica,5006606.0,50,2021-07-02 19:09:41.0560000 +00:00,2021-07-02 19:12:02.3690000 +00:00
dddb06191dd5,Jardim Itália,5003702.0,50,2023-01-09 11:59:45.8580000 +00:00,2023-01-09 11:59:45.8580000 +00:00
180f3094a3e4,Centro ,5004700.0,50,2025-11-02 12:06:20.2310000 +00:00,2025-11-02 12:06:20.2310000 +00:00
3ef5a245f0c6,piracema ,5003306.0,50,2020-05-26 04:42:40.1620000 +00:00,2020-05-26 04:42:40.1620000 +00:00
2c529f5e0bcf,Residencial Oliveira,5002704.0,50,2023-02-18 17:33:07.0760000 +00:00,2023-02-18 17:33:16.0440000 +00:00
bbbec4ca68e9,Vila Nogueira,5002704.0,50,2024-01-17 21:06:05.4850000 +00:00,2024-01-17 21:06:05.4850000 +00:00
a81f129923b7,Bairro Santa Isabel,5006606.0,50,2022-03-15 00:03:01.6810000 +00:00,2022-03-15 00:03:06.1390000 +00:00
168bae2ddaff,Jardim Itamaracá,5002704.0,50,2023-02-03 21:21:35.0590000 +00:00,2023-02-03 21:21:35.0590000 +00:00
cbf180d11c0d,Parque Residencial Rita Vieira,5002704.0,50,2025-02-11 21:38:05.4680000 +00:00,2025-02-11 21:38:09.7630000 +00:00
f2547ec06c03,são Cristóvão ,5004106.0,50,2023-05-10 13:11:45.7540000 +00:00,2023-05-10 13:11:45.7540000 +00:00
564e949ce4b9,Vila Vitória,5006606.0,50,2020-05-01 00:45:04.7280000 +00:00,2020-05-01 00:45:04.7280000 +00:00
408079ca4449,Canaã II,5003702.0,50,2022-10-11 14:44:40.7540000 +00:00,2022-10-11 14:44:40.7540000 +00:00
9cd157f3fe24,Loteamento Costa Leste ,5006309.0,50,2024-11-25 16:06:35.1880000 +00:00,2024-11-25 16:06:35.1880000 +00:00
60719f234210,Guatos,5003207.0,50,2021-11-15 09:13:42.3010000 +00:00,2021-11-25 14:35:18.5120000 +00:00
b7d1215abd06,sucupira ,5002951.0,50,2021-03-01 11:15:47.4680000 +00:00,2021-03-01 11:15:47.4680000 +00:00
c10e83896d24,Residencial Sírio Libanês II,5002704.0,50,2021-01-13 20:09:44.3650000 +00:00,2021-01-13 20:10:16.7540000 +00:00
f155ec20c8d9,Jardim Água Boa,5003702.0,50,2024-05-02 17:01:13.6690000 +00:00,2024-05-02 17:01:13.6690000 +00:00
ed28fd63fa87,Ypê Roxo,5003702.0,50,2022-03-29 15:12:12.4730000 +00:00,2022-03-29 15:13:27.8300000 +00:00
88c00f97f1c5,Jardim Cristhais,5003702.0,50,2024-09-20 18:11:13.1900000 +00:00,2024-09-20 18:12:37.7660000 +00:00
82d3a087d071,Centro,5006309.0,50,2020-07-22 03:21:45.4310000 +00:00,2020-07-22 03:21:45.4310000 +00:00
e5eff82a85a4,Jardim Novo Horizonte,5003702.0,50,2024-07-09 22:25:20.1610000 +00:00,2024-07-09 22:25:20.1610000 +00:00
fa28efbfc793,Pedrinhas,2307304.0,23,2024-02-15 21:32:02.5140000 +00:00,2024-02-15 21:34:00.3190000 +00:00
80ff4590955c,Esplanada ,5000856.0,50,2021-01-23 15:57:02.0960000 +00:00,2021-01-23 15:57:02.0960000 +00:00
1fe12b197151,bairro centro oeste ,5002704.0,50,2025-01-02 20:20:39.3860000 +00:00,2025-01-02 20:20:48.2750000 +00:00
c2d5b964dd85,centro,5006200.0,50,2021-02-01 16:55:01.1060000 +00:00,2021-02-01 16:55:01.1060000 +00:00
0100c4dbc10d,Jardim das Cassias,5002704.0,50,2024-02-21 00:32:09.4980000 +00:00,2024-02-21 00:32:09.4980000 +00:00
10a8039199d6,Jardim Noroeste,5002704.0,50,2024-04-06 15:05:40.7790000 +00:00,2025-09-18 12:24:20.3570000 +00:00
cf7ca3544a1e,Aeroporto,5003207.0,50,2022-08-30 16:03:08.1140000 +00:00,2022-09-09 00:40:49.2120000 +00:00
ad61ba09f55f,Centro,5003207.0,50,2021-04-24 13:16:54.0360000 +00:00,2021-04-24 13:17:02.3600000 +00:00
ee98f415dacb,Conjunto Aero Rancho,5002704.0,50,2025-02-17 21:50:41.6890000 +00:00,2025-02-17 21:50:41.6890000 +00:00
88d9291f099f,Jardim Colibri,5003702.0,50,2021-08-21 16:56:57.1960000 +00:00,2021-08-21 16:56:57.1960000 +00:00
75d72c598d28,Jardim Aeroporto,5002704.0,50,2023-11-28 01:58:05.0750000 +00:00,2023-11-28 01:58:05.0750000 +00:00
79f3afde7ad9,Altos do Indaiá,5003702.0,50,2022-01-06 16:58:37.2470000 +00:00,2022-01-06 17:06:29.2900000 +00:00
b890fe93b1ea,Jardim Novo Horizonte,5003702.0,50,2025-06-17 19:46:29.1810000 +00:00,2025-06-17 19:46:44.6890000 +00:00
5ba8f01cdef2,Parque Residencial Azaléia,5002704.0,50,2021-07-09 14:12:50.0510000 +00:00,2021-07-09 14:12:50.0510000 +00:00
df2aa22f4a7c,Morada Imperial,5002704.0,50,2022-08-25 18:17:03.3650000 +00:00,2022-08-25 18:17:28.8330000 +00:00
43fa4d6a5df5,Jardim Rasslem,5003702.0,50,2021-08-12 04:12:40.0970000 +00:00,2021-08-12 04:12:40.0970000 +00:00
29924dbb05fa,Parque dos Beija-flores,5003702.0,50,2023-05-25 10:52:25.4430000 +00:00,2023-05-25 10:52:31.7950000 +00:00
8f2d13f30db8,Jardim Seminário,5002704.0,50,2024-09-20 15:28:11.3760000 +00:00,2024-09-20 15:28:11.3760000 +00:00
c757a3d55006,Cabreúva,5002704.0,50,2020-03-31 16:37:51.7390000 +00:00,2020-03-31 16:37:51.7390000 +00:00
094ec48fac42,Jardim Carandá,5008305.0,50,2022-04-16 19:29:16.2650000 +00:00,2022-04-16 19:29:16.2650000 +00:00
ebb9eb4889af,Pq uniao,5002951.0,50,2024-10-19 16:51:49.6980000 +00:00,2024-10-19 16:51:49.6980000 +00:00
77f25c93b7a9,Vila América ,5002209.0,50,2023-01-13 19:41:30.6310000 +00:00,2023-01-13 19:41:30.6310000 +00:00
9770d8b302cc,Jardim Colibri II,5002704.0,50,2025-04-21 23:07:32.6070000 +00:00,2025-04-21 23:07:32.6070000 +00:00
6183752a7c07,Santo Antônio,5002704.0,50,2020-06-22 21:13:56.7670000 +00:00,2020-06-22 21:14:05.7790000 +00:00
dc8bcde098ca,Coronel Antonino,5002704.0,50,2024-10-22 17:10:12.0810000 +00:00,2024-10-22 17:10:12.0810000 +00:00
672ca2126a7f,Jardim Aeroporto ,5004304.0,50,2025-02-04 22:48:53.9260000 +00:00,2025-02-04 22:48:53.9260000 +00:00
1fb0ed2beb52,Jardim Lisboa,5005400.0,50,2026-03-11 18:17:33.9420000 +00:00,2026-03-11 18:18:16.9350000 +00:00
48e66779f73c,centro,5002407.0,50,2024-02-22 00:40:17.7580000 +00:00,2024-02-22 00:40:17.7580000 +00:00
ffcbac8a9b0d,alto ,5001102.0,50,2025-02-18 17:41:43.4580000 +00:00,2025-02-18 17:42:49.1240000 +00:00
bccf277ce4b6,Vila Camisão ,5005004.0,50,2021-05-01 12:02:25.3640000 +00:00,2021-05-01 12:02:25.3640000 +00:00
30efb9577346,Jardim Itamaracá,5002704.0,50,2023-01-21 12:10:58.2130000 +00:00,2023-01-21 12:10:58.2130000 +00:00
9faf1c043705,Cabreúva,5002704.0,50,2022-06-19 15:00:57.9290000 +00:00,2022-06-19 15:00:57.9290000 +00:00
a1270dfa4887,Cristo Redentor,5003207.0,50,2022-03-08 17:48:48.2400000 +00:00,2022-03-08 17:50:25.7820000 +00:00
a7a320cbee87,Jardim São Lourenço,5002704.0,50,2020-12-06 21:02:07.9640000 +00:00,2020-12-06 21:02:21.2660000 +00:00
4c3c1ee18f34,Centro,5006606.0,50,2021-06-21 19:24:40.0260000 +00:00,2021-06-21 19:24:53.8040000 +00:00
3b849284f601,Pioneiros,5002704.0,50,2022-11-29 13:54:27.4430000 +00:00,2022-11-29 13:54:37.8770000 +00:00
1fe8aa08966f,Universitário,5006200.0,50,2025-05-28 15:41:24.2890000 +00:00,2025-05-28 15:41:56.4240000 +00:00
1a2d038398c2,Loteamento Praia da Urca,5002704.0,50,2024-08-28 17:27:28.2410000 +00:00,2024-08-28 17:27:28.2410000 +00:00
28395687f618,PORTAL DO PARQUE,5006200.0,50,2021-01-18 01:31:20.8100000 +00:00,2021-01-18 01:31:20.8100000 +00:00
e600fb10113b,Parque São Carlos,5008305.0,50,2022-07-16 15:00:31.0480000 +00:00,2022-07-16 15:00:44.5930000 +00:00
df3a48e31c4d,Vival dos Ipês,5003702.0,50,2024-02-28 16:37:52.1660000 +00:00,2024-02-28 16:37:52.1660000 +00:00
a01a13c131c7,São João,5001904.0,50,2022-01-30 15:01:38.7660000 +00:00,2022-01-30 15:01:38.7660000 +00:00
bb8c95cdffec,Eco Park Residence ,5002407.0,50,2025-02-13 22:20:59.9560000 +00:00,2025-02-13 22:20:59.9560000 +00:00
9d99c078ad82,Parque Alvorada,5003702.0,50,2025-06-13 13:13:40.1710000 +00:00,2025-06-13 13:13:40.1710000 +00:00
fbb29d721c17,Jardim Tarumã,5002704.0,50,2024-11-18 11:27:29.7820000 +00:00,2024-11-18 11:27:29.7820000 +00:00
5843b99e59d1,Barra da Tijuca II,5002704.0,50,2024-04-17 18:45:02.0050000 +00:00,2024-04-17 18:45:02.0050000 +00:00
c5030e3feb1c,Santa Clara,5107925.0,51,2025-01-09 15:59:27.3860000 +00:00,2025-01-09 15:59:27.3860000 +00:00
7d55ebc7163f,Vila Planalto,5002704.0,50,2021-09-12 23:12:22.6520000 +00:00,2021-09-12 23:13:55.5500000 +00:00
c63d3d07fab1,North Park,5002704.0,50,2023-04-28 01:13:58.4310000 +00:00,2023-04-28 01:13:58.4310000 +00:00
b5cb4bf53b8c,Pernambuco ,5002902.0,50,2025-04-21 12:38:47.2170000 +00:00,2025-04-21 12:43:12.4190000 +00:00
b3eec44587e3,centro,5006002.0,50,2024-01-31 17:52:46.1290000 +00:00,2024-01-31 17:53:00.9710000 +00:00
6332e9f40adb,Amambaí,5002704.0,50,2026-07-12 20:33:52.1590000 +00:00,2026-07-12 20:33:52.1590000 +00:00
50d2efd92a39,Jardim Jacy,5002704.0,50,2021-03-19 23:01:42.6780000 +00:00,2021-03-19 23:01:42.6780000 +00:00
6c10b5d5c992,Monte Castelo,5002704.0,50,2020-10-29 17:15:00.2950000 +00:00,2020-10-29 17:15:00.2950000 +00:00
9fb34abc821b,Esplanada,5003702.0,50,2020-04-30 01:50:48.2630000 +00:00,2020-04-30 01:50:48.2630000 +00:00
89abf3c15654,Parque Alvorada,5003702.0,50,2020-07-01 15:37:06.8920000 +00:00,2020-07-01 15:37:06.8920000 +00:00
aa734f894429,Jardim São Conrado,5002704.0,50,2024-12-28 18:06:02.3720000 +00:00,2024-12-28 18:06:02.3720000 +00:00
d21fb5489b60,centro,5002951.0,50,2022-05-09 06:41:24.4820000 +00:00,2023-01-12 03:38:18.3890000 +00:00
59f65b088179,Vila Vitória ,5007802.0,50,2025-09-11 16:53:19.5740000 +00:00,2025-09-11 16:54:19.3300000 +00:00
27251de1b714,Nova Lima,5002704.0,50,2022-03-11 00:39:59.9100000 +00:00,2022-03-11 00:42:17.0460000 +00:00
ea571e00abce,Tiradentes,5002704.0,50,2025-10-03 22:50:59.0540000 +00:00,2025-10-03 22:50:59.0540000 +00:00
ccada3cb295b,Jardim Caramuru,5003702.0,50,2021-02-22 20:20:18.5630000 +00:00,2021-02-22 20:20:18.5630000 +00:00
97763f96ab97,Monte Carlo,5002704.0,50,2023-12-19 15:01:48.6480000 +00:00,2023-12-19 15:01:48.6480000 +00:00
1927dac335cf,Vila Margarida,5002704.0,50,2024-10-15 20:44:11.2940000 +00:00,2024-10-15 20:44:24.3700000 +00:00
ea70446cfd84,Santa fe,5007307.0,50,2022-08-30 00:14:17.7890000 +00:00,2022-08-30 00:14:17.7890000 +00:00
42f625cc23d9,Santa Fé,5002704.0,50,2022-06-06 12:12:36.1510000 +00:00,2022-06-06 12:12:36.1510000 +00:00
f1346ec923cf,Residencial Ponta Porã I,5006606.0,50,2021-10-10 15:56:46.8050000 +00:00,2021-10-10 15:56:52.1990000 +00:00
3462259bdf15,Parque Residencial Rita Vieira,5002704.0,50,2020-04-27 18:52:00.8980000 +00:00,2020-04-27 18:52:00.8980000 +00:00
7f06e0dac708,Vila Flório,5002704.0,50,2023-09-21 17:41:38.3120000 +00:00,2023-09-21 17:41:38.3120000 +00:00
7c683ae67167,centro ,5007695.0,50,2021-09-01 21:47:55.4120000 +00:00,2021-09-01 21:47:55.4120000 +00:00
eb772bd18842,Conjunto Aero Rancho,5002704.0,50,2023-07-29 00:51:35.8260000 +00:00,2023-07-29 00:51:35.8260000 +00:00
08d582c40326,Celina Gonçalves ,5006200.0,50,2022-02-22 15:51:05.8940000 +00:00,2022-11-06 19:25:24.4210000 +00:00
c44cc19c49f7,Jardim Samara ,5001003.0,50,2023-06-27 13:48:17.6690000 +00:00,2023-06-27 13:48:17.6690000 +00:00
f748222ac3b6,Jardim Monte Líbano,5003702.0,50,2024-10-20 21:01:23.2800000 +00:00,2024-10-20 21:02:38.0860000 +00:00
81ab0141306c,Jardim Tropical,5003702.0,50,2026-01-14 12:21:40.9430000 +00:00,2026-01-14 12:21:40.9430000 +00:00
5612d4dbf930,Vila Nossa Senhora das Graças,5002704.0,50,2024-09-01 17:23:15.5520000 +00:00,2024-09-01 17:23:15.5520000 +00:00
752180faec2c,Parque Residencial Rita Vieira,5002704.0,50,2024-02-06 18:28:41.6590000 +00:00,2024-02-06 18:28:41.6590000 +00:00
075bbff09b2a,São Jorge,5008305.0,50,2024-03-04 20:47:46.7740000 +00:00,2024-03-04 20:47:46.7740000 +00:00
3e4e8ee2c28b,Vila Palmira,5002704.0,50,2025-02-17 13:01:29.2520000 +00:00,2025-02-17 13:01:29.2520000 +00:00
9a2809c5e405,Recanto dos Pássaros,5002704.0,50,2022-03-23 20:02:14.7380000 +00:00,2022-03-23 20:02:43.3630000 +00:00
67e08cda84ab,Jardim Maracanã,5003702.0,50,2021-04-03 00:48:46.3080000 +00:00,2021-04-03 00:48:54.1690000 +00:00
79bff2157d40,Jardim Parati,5002704.0,50,2026-02-07 16:13:24.7200000 +00:00,2026-02-07 16:13:24.7200000 +00:00
9cfb9cd502e3,Residencial Betaville,5002704.0,50,2025-02-13 00:13:49.5210000 +00:00,2025-02-13 00:13:49.5210000 +00:00
faffd8613a30,Capilé,5006200.0,50,2026-04-02 02:34:44.4530000 +00:00,2026-04-02 02:34:55.5280000 +00:00
90b8625a9942,Conjunto Residencial Octavio Pécora,5002704.0,50,2023-03-07 00:17:22.1550000 +00:00,2023-03-07 00:17:22.1550000 +00:00
ebddc47997eb,Jardim São Conrado,5002704.0,50,2024-02-14 00:57:52.2050000 +00:00,2024-02-14 00:57:52.2050000 +00:00
1b112c1098e0,Vila Maruca,5002209.0,50,2024-09-21 14:24:42.6180000 +00:00,2024-09-21 14:24:42.6180000 +00:00
72e97e675e7f,Mata do Jacinto,5002704.0,50,2021-12-31 03:50:56.3080000 +00:00,2021-12-31 03:50:56.3080000 +00:00
81b929999828,Jardim Cangalha,5008305.0,50,2020-04-24 21:15:20.9500000 +00:00,2020-04-24 21:15:20.9500000 +00:00
301ed877c263,Vila Piratininga,5002704.0,50,2025-03-30 02:33:06.9960000 +00:00,2025-03-30 02:33:06.9960000 +00:00
4742daefa136,,,12,2024-01-27 15:09:19.4560000 +00:00,2024-01-27 15:10:47.5970000 +00:00
4b0838564b46,SETVILLAGE II,5002704.0,50,2020-04-28 02:45:05.5820000 +00:00,2020-04-28 02:45:05.5820000 +00:00
9986aac08c07,Centro,5002704.0,50,2024-05-18 19:11:09.1170000 +00:00,2024-05-18 19:11:09.1170000 +00:00
58b95a3c1acb,Jardim Jockey Club,5002704.0,50,2025-02-04 18:26:00.3670000 +00:00,2025-02-04 18:26:00.3670000 +00:00
2c89d10ea8e5,Centro,5002704.0,50,2023-01-30 17:20:18.0030000 +00:00,2023-01-30 17:20:18.0030000 +00:00
7bb3f95fb524,Anil,3304557.0,33,2022-04-02 22:08:13.4480000 +00:00,2022-04-02 22:08:13.4480000 +00:00
3724f9429f35,centro ,5002308.0,50,2025-02-28 00:59:17.5710000 +00:00,2025-02-28 00:59:29.0730000 +00:00
65099855a56e,Tapajós,5005681.0,50,2025-09-30 01:58:36.8520000 +00:00,2025-09-30 01:59:35.6520000 +00:00
2b3ef33ba29b,Jardim Nhanhá,5002704.0,50,2023-03-07 15:39:30.6280000 +00:00,2023-03-07 15:39:56.5510000 +00:00
3f8f4814ba22,Conjunto Habitacional Jardim Canaã III,5003702.0,50,2024-05-28 21:20:51.5180000 +00:00,2024-05-28 21:20:51.5180000 +00:00
472b72040c6e,Parque Alvorada ,5003702.0,50,2023-09-12 06:00:04.0040000 +00:00,2023-09-12 06:00:07.6010000 +00:00
484808630a72,Jardim Itamaracá,5002704.0,50,2025-10-22 20:02:57.5510000 +00:00,2025-10-22 20:02:57.5510000 +00:00
47f09ff62a21,Vila Glória,5002704.0,50,2023-07-14 20:17:49.4240000 +00:00,2023-07-27 23:39:05.2770000 +00:00
0bff9f4bfe50,Santa Rita de Cassia,5004908.0,50,2021-06-04 16:48:50.6540000 +00:00,2021-06-04 16:51:04.7810000 +00:00
a3abf5f91014,Jardim Petrópolis,5002704.0,50,2021-01-22 17:39:53.2060000 +00:00,2021-01-22 17:39:53.2060000 +00:00
39de055657a9,Jardim Santa Emília,5002704.0,50,2024-03-30 02:25:40.7150000 +00:00,2024-03-30 02:25:40.7150000 +00:00
ccc981dcecea,Centro,5003207.0,50,2021-04-15 02:38:09.1750000 +00:00,2021-04-15 02:38:09.1750000 +00:00
cee4cf4bb4ec,Nossa Senhora da Conceição II,5007109.0,50,2026-06-03 12:27:45.3480000 +00:00,2026-06-03 12:27:45.3480000 +00:00
1a3dd778d8b9,Monte Castelo,5002704.0,50,2024-02-08 20:03:41.6000000 +00:00,2024-02-08 20:03:41.6000000 +00:00
cdb0c2196ff1,centro ,5006200.0,50,2022-07-20 18:16:43.4540000 +00:00,2022-07-20 18:16:43.4540000 +00:00
0e720acedbdf,Coronel Antonino,5002704.0,50,2024-10-02 18:52:15.6780000 +00:00,2024-10-02 18:52:15.6780000 +00:00
da4795ebc736,Jardim Parati,5002704.0,50,2026-03-18 16:35:45.3610000 +00:00,2026-03-18 16:35:45.3610000 +00:00
3dd13fe9a360,Jardim Parati,5002704.0,50,2024-02-14 02:05:56.2920000 +00:00,2024-02-14 02:05:56.2920000 +00:00
6d2486bd340f,CEAC ,5005202.0,50,2025-03-28 23:49:06.8560000 +00:00,2025-03-28 23:49:06.8560000 +00:00
3b32b9055cab,Vila Nasser,5002704.0,50,2024-04-07 22:18:53.4130000 +00:00,2024-04-07 22:19:45.0150000 +00:00
edac1433a7df,jardim Dubai ,5003702.0,50,2023-01-18 17:05:31.5920000 +00:00,2023-01-18 17:08:26.8580000 +00:00
7d633093edc3,Vila Toscana,5003702.0,50,2024-01-30 04:53:59.7150000 +00:00,2024-01-30 04:53:59.7150000 +00:00
55025087c405,Jardim Harrisom de Figueredo,5003702.0,50,2022-04-17 20:15:38.3050000 +00:00,2022-04-17 20:17:05.3710000 +00:00
92fe3d7bd9df,Bairro da Granja,5006606.0,50,2025-08-05 00:05:44.0060000 +00:00,2025-08-05 00:05:44.0060000 +00:00
42fdc0673325,Jardim Colibri II,5002704.0,50,2025-12-21 21:05:58.8280000 +00:00,2025-12-21 21:05:58.8280000 +00:00
82056b5f16c2,Vila Vilas Boas,5002704.0,50,2025-05-09 07:21:04.7980000 +00:00,2025-05-09 07:21:04.7980000 +00:00
9a403a1ca17f,Vivendas do Parque,5002704.0,50,2024-01-09 12:25:18.3470000 +00:00,2024-01-09 12:25:18.3470000 +00:00
2e4fa0cf2794,Vila Olinda,5002704.0,50,2023-05-05 12:11:53.4420000 +00:00,2023-05-05 12:11:53.4420000 +00:00
bd4fe28108e3,Vila Santa Luzia,5002704.0,50,2024-08-02 12:25:10.8830000 +00:00,2024-08-02 12:25:10.8830000 +00:00
5b4aa1f3c472,Rivieira Pak,5002704.0,50,2021-08-16 08:57:47.3670000 +00:00,2021-08-16 08:57:47.3670000 +00:00
89e3489a9513,Jardim Flórida,5003702.0,50,2023-09-01 03:21:34.0600000 +00:00,2023-09-01 03:21:34.0600000 +00:00
fbb4351956c2,Parque Alvorada,5003702.0,50,2025-06-11 18:15:43.4990000 +00:00,2025-06-11 18:15:43.4990000 +00:00
09d0e1195492,Vila Morumbi,5002704.0,50,2021-06-20 13:40:30.8080000 +00:00,2021-06-20 13:40:30.8080000 +00:00
a5f996f4cf4e,Loteamento Vespasiano Martins,5002704.0,50,2022-12-08 00:55:26.2240000 +00:00,2022-12-08 00:55:26.2240000 +00:00
e348700b7e5c,Parque Nova Dourados,5003702.0,50,2021-04-23 20:29:01.7970000 +00:00,2021-04-23 20:29:01.7970000 +00:00
b373c8743928,Jardim das Reginas,5002704.0,50,2022-05-06 13:46:16.5240000 +00:00,2022-05-06 13:46:16.5240000 +00:00
49eba33591ab,Santa Lucia ,5006309.0,50,2023-10-27 04:50:19.7190000 +00:00,2023-10-27 04:50:19.7190000 +00:00
6442edca78e6,Jardim das Oliveiras,5008305.0,50,2021-01-21 12:58:05.1650000 +00:00,2021-01-21 12:58:05.1650000 +00:00
ff7db74a5180,Jardim Tijuca,5002704.0,50,2021-12-24 19:16:10.9410000 +00:00,2021-12-24 19:16:10.9410000 +00:00
369766c7c012,Centro,5002704.0,50,2020-04-24 15:57:37.0750000 +00:00,2020-04-24 15:57:37.0750000 +00:00
a2fa3422b872,Guanandi,5001102.0,50,2021-04-26 15:15:08.1310000 +00:00,2021-04-26 15:16:22.3990000 +00:00
5a44bd1491d2,Vila Oeste,5002704.0,50,2023-09-13 15:01:22.2870000 +00:00,2023-09-13 15:01:22.2870000 +00:00
cb3b6c78329f,celeste ,5007208.0,50,2025-11-19 16:06:39.6600000 +00:00,2025-11-19 16:06:39.6600000 +00:00
625ea0d65566,Amambaí,5002704.0,50,2023-11-21 22:40:21.8990000 +00:00,2023-11-21 22:42:07.3910000 +00:00
8250568f132d,Jardim Tijuca,5002704.0,50,2021-12-11 17:27:24.4570000 +00:00,2021-12-11 17:27:24.4570000 +00:00
e1d04434639a,Vila Moreninha IV,5002704.0,50,2022-02-16 15:09:43.7640000 +00:00,2022-02-16 15:09:43.7640000 +00:00
cb60b4ae3e4c,Vila Progresso,5007208.0,50,2020-10-31 02:30:01.4500000 +00:00,2020-10-31 02:30:01.4500000 +00:00
3421f7b36bc1,Vila Carlota,5002704.0,50,2025-03-08 18:51:14.9800000 +00:00,2025-03-08 18:51:41.6280000 +00:00
059abaa04b60,Vila Taveirópolis,5002704.0,50,2024-02-17 19:55:56.7500000 +00:00,2024-02-17 19:55:56.7500000 +00:00
09aadf6b2b1b,Los Angeles,5002704.0,50,2024-01-29 21:30:38.0260000 +00:00,2024-01-29 21:30:38.0260000 +00:00
806e52aa7a19,Jardim Leblon,5002704.0,50,2024-04-21 21:08:53.1110000 +00:00,2024-04-21 21:08:53.1110000 +00:00
8901ac321235,Sobrinho,5002704.0,50,2021-06-25 04:30:45.4920000 +00:00,2021-06-25 04:30:45.4920000 +00:00
5d09bdfbe200,Serraria ,5001102.0,50,2024-04-11 12:21:53.2720000 +00:00,2024-04-11 12:21:53.2720000 +00:00
812b67d224bc,Maguari,1500800.0,15,2025-08-14 17:48:26.0880000 +00:00,2025-08-14 17:51:13.5020000 +00:00
0dccd847fed9,Castanheira,1501402.0,15,2024-10-11 20:51:25.4690000 +00:00,2024-10-11 20:51:25.4690000 +00:00
d17b22a2d4a9,Vila Moreninha III,5002704.0,50,2021-08-14 00:51:32.1540000 +00:00,2021-08-14 00:51:59.1820000 +00:00
3c9bbd535d82,Vila Pernambuco,5002902.0,50,2022-03-09 07:02:02.5970000 +00:00,2022-03-09 07:02:02.5970000 +00:00
a8f9a9ded548,Jardim Aeroporto,5002704.0,50,2020-03-23 19:25:28.6020000 +00:00,2020-03-28 12:09:09.2760000 +00:00
cd4f3d7d6522,Centro,5008305.0,50,2025-01-31 14:41:15.6660000 +00:00,2025-01-31 14:41:15.6660000 +00:00
19d03912af97,Cel. Manoel Mariano,5007406.0,50,2024-07-24 17:08:25.3260000 +00:00,2024-07-24 17:08:25.3260000 +00:00
4f87c4eba1ca,Vila marisa,5004304.0,50,2022-04-07 00:47:37.0030000 +00:00,2022-04-07 00:47:44.8410000 +00:00
60bf501424ec,Jardim Universitário,5006606.0,50,2023-04-07 16:40:26.5530000 +00:00,2023-04-07 16:40:26.5530000 +00:00
c1f2df30807d,Vivendas do Bosque,5002704.0,50,2024-12-20 15:30:04.1710000 +00:00,2024-12-20 15:30:04.1710000 +00:00
f766a6a52fb4,Jardim América,5003702.0,50,2025-01-09 09:36:58.2060000 +00:00,2025-01-09 09:36:58.2060000 +00:00
fbed087de9bb,Santa Fé,5002704.0,50,2021-01-19 16:54:13.1870000 +00:00,2021-01-19 16:54:13.1870000 +00:00
efdaacb075df,Vila Adelina,5002704.0,50,2022-09-05 23:13:40.1450000 +00:00,2022-09-05 23:14:26.7650000 +00:00
511388f7899c,Rio Doce,2609600.0,26,2023-12-21 21:51:43.2880000 +00:00,2023-12-21 21:51:43.2880000 +00:00
5c300c2951bb,São Vicente,5006200.0,50,2021-11-10 02:15:25.1050000 +00:00,2021-11-10 02:15:25.1050000 +00:00
c4accbb21d39,Adrien ,5005400.0,50,2025-03-28 13:56:12.0040000 +00:00,2025-03-28 13:56:12.0040000 +00:00
689faf9cb16f,Vila Estrela,5000609.0,50,2026-08-05 14:29:45.7390000 +00:00,2026-08-05 14:29:45.7390000 +00:00
424ab3529be1,Vila Albuquerque,5002704.0,50,2020-09-03 01:01:39.0400000 +00:00,2020-09-03 01:01:47.4000000 +00:00
7900ed78bb4f,Vila Margarida,5002704.0,50,2025-06-06 03:38:26.6020000 +00:00,2025-06-06 03:38:26.6020000 +00:00
3c4f18783eb0,Residencial Betaville,5002704.0,50,2023-10-28 02:13:03.6780000 +00:00,2023-10-28 02:13:03.6780000 +00:00
4583a0554bbb,Irman Ribeiro,5006200.0,50,2026-06-02 00:42:41.6250000 +00:00,2026-06-02 00:42:41.6250000 +00:00
a7221266b8d1,industrial de Lurdes ,5006309.0,50,2025-04-09 14:38:36.2810000 +00:00,2025-04-09 14:38:36.2810000 +00:00
24d0fd068c29,residencial lago azul,5002209.0,50,2024-01-03 10:11:59.1880000 +00:00,2024-01-03 10:12:03.1850000 +00:00
95922a9d6b96,Jardim Monte Líbano,5002704.0,50,2020-10-11 13:32:15.6640000 +00:00,2020-10-11 13:35:14.1650000 +00:00
8f056a9d2986,centro ,5008305.0,50,2024-10-24 22:09:27.6700000 +00:00,2024-10-24 22:09:41.2690000 +00:00
1e026281498a,Coqueiro,1500800.0,15,2022-02-25 17:18:37.5600000 +00:00,2022-02-25 17:18:37.5600000 +00:00
5a4b6b430e71,Coophavila II,5002704.0,50,2024-03-04 22:19:43.9760000 +00:00,2024-03-04 22:19:43.9760000 +00:00
d47048e33857,Alto da Boa Vista,5008305.0,50,2024-04-07 17:08:34.4810000 +00:00,2024-04-07 17:08:34.4810000 +00:00
8995961af0d3,Nova Lima,5002704.0,50,2022-12-17 01:54:35.3280000 +00:00,2022-12-17 01:54:35.3280000 +00:00
358ed04218d7,Parque Residencial Rita Vieira,5002704.0,50,2021-08-30 20:08:03.5820000 +00:00,2021-08-30 20:08:03.5820000 +00:00
c618e8c8a2cb,Jardim São Pedro,5003702.0,50,2022-01-09 15:52:27.9770000 +00:00,2022-01-09 15:52:41.5660000 +00:00
c0379ab67702,Maguari,1500800.0,15,2022-02-11 11:47:49.1340000 +00:00,2022-02-11 11:47:49.1340000 +00:00
0166a0477b95,Universitário,5002704.0,50,2020-06-17 19:37:24.3580000 +00:00,2020-06-17 19:37:24.3580000 +00:00
57137b0e5035,Pioneiros,5002704.0,50,2020-11-03 21:45:15.8230000 +00:00,2020-11-03 21:45:15.8230000 +00:00
f9f8b4de91ef,Jardim Itatiaia,5002704.0,50,2025-05-30 15:50:40.6510000 +00:00,2025-05-30 15:50:40.6510000 +00:00
cfdf745b9364,Vila Industrial,5003702.0,50,2024-09-18 15:48:57.1740000 +00:00,2024-09-18 15:48:57.1740000 +00:00
c55d568d94ae,Jardim das Nações,5002704.0,50,2024-02-02 18:32:53.3490000 +00:00,2024-02-02 18:32:53.3490000 +00:00
f945171ed0a4,,5005608.0,50,2022-06-23 19:19:40.3560000 +00:00,2022-06-23 19:19:40.3560000 +00:00
2986b3123c47,Santa Fé,5003702.0,50,2026-03-16 17:43:27.0840000 +00:00,2026-03-16 17:43:27.0840000 +00:00
fac070f10b8f,Jardim Aeroporto ,5002704.0,50,2023-02-25 02:37:49.9500000 +00:00,2023-02-25 02:37:49.9500000 +00:00
1db60f3575f9,Solar dos Lagos ,5002209.0,50,2026-02-13 04:04:35.2210000 +00:00,2026-02-13 04:04:35.2210000 +00:00
5642128b5185,Planalto,5004106.0,50,2021-10-02 21:01:29.0620000 +00:00,2021-10-02 21:01:29.0620000 +00:00
6d91f6462792,Vila Nogueira,5002704.0,50,2025-02-23 11:17:45.5380000 +00:00,2025-02-23 11:17:45.5380000 +00:00
0c3ba163c4c3,izanopolis,5002902.0,50,2020-10-30 17:09:38.5480000 +00:00,2020-10-30 17:09:38.5480000 +00:00
eef611b6a34d,centro,5005251.0,50,2022-12-24 14:11:16.9790000 +00:00,2022-12-24 14:11:16.9790000 +00:00
17bc857cebf9,Águas Lindas,1501402.0,15,2025-03-21 18:01:33.3760000 +00:00,2025-03-21 18:01:33.3760000 +00:00
c0bb8d0658fd,Jardim Cristhais,5003702.0,50,2026-03-17 14:00:29.4450000 +00:00,2026-03-17 14:00:29.4450000 +00:00
3c63754a2b56,Vila Piloto,5008305.0,50,2022-06-06 15:57:27.0290000 +00:00,2022-06-06 15:57:27.0290000 +00:00
20632236d7e2,Cidade Nova,1500800.0,15,2021-07-12 17:20:40.4600000 +00:00,2021-07-12 17:20:40.4600000 +00:00
c7e486f2e77e,cophavalle ,5002605.0,50,2025-01-31 18:50:09.0930000 +00:00,2025-01-31 18:52:03.7570000 +00:00
3da667064e1d,Jardim Tijuca,5002704.0,50,2024-02-02 15:27:01.3950000 +00:00,2024-02-02 15:27:01.3950000 +00:00
72f66a01c706,centro,5007695.0,50,2023-04-28 20:16:32.7980000 +00:00,2023-04-28 20:16:32.7980000 +00:00
fde7d1d16172,Jardim do Zé Pereira,5002704.0,50,2021-12-16 16:52:54.4720000 +00:00,2021-12-16 16:53:12.4710000 +00:00
be4a3d8a5028,centro,5001508.0,50,2020-04-30 12:49:14.1400000 +00:00,2020-04-30 12:49:14.1400000 +00:00
fe06d66309a9,Jardim do Sul,5007901.0,50,2024-01-02 04:44:43.9210000 +00:00,2024-01-02 04:44:43.9210000 +00:00
c83cbb398612,,5005806.0,50,2025-12-11 15:28:35.2210000 +00:00,2025-12-11 15:28:35.2210000 +00:00
cf6fb7c6028e,Rural,5007950.0,50,2024-07-25 20:12:16.7920000 +00:00,2024-11-03 17:31:01.0720000 +00:00
47aba7317c86,Aldeia Tereré ,5007901.0,50,2025-09-26 15:45:40.7240000 +00:00,2025-09-26 15:45:40.7240000 +00:00
399f664fbd9e,Gramame,2507507.0,25,2026-04-29 12:13:11.7360000 +00:00,2026-04-29 12:13:11.7360000 +00:00
f69368056c5f,São Francisco,5002704.0,50,2025-01-16 15:52:15.7810000 +00:00,2025-01-16 15:52:15.7810000 +00:00
977be8e14db0,Jardim Colorado,5002704.0,50,2024-04-22 21:08:07.8130000 +00:00,2024-04-22 21:08:07.8130000 +00:00
bb4d5dccbb58,Santa Maria ,5003306.0,50,2022-08-15 23:35:32.7150000 +00:00,2022-11-17 20:41:51.0850000 +00:00
de1ad48c16fa,centro,5002902.0,50,2021-11-09 23:12:59.3910000 +00:00,2021-11-09 23:16:02.7550000 +00:00
9d35456a0032,Vila Planalto,5002704.0,50,2025-09-21 14:28:41.8510000 +00:00,2025-09-21 14:28:41.8510000 +00:00
e4c780e2ca80,Jardim Veraneio,5002704.0,50,2021-01-18 20:00:55.0330000 +00:00,2021-01-18 20:00:55.0330000 +00:00
75a9ffd134aa,Esplanada,5003702.0,50,2025-02-25 01:00:30.8680000 +00:00,2025-02-25 01:00:30.8680000 +00:00
7967ce303723,centro ,5004601.0,50,2022-03-16 03:04:57.7580000 +00:00,2022-03-16 03:05:17.4030000 +00:00
c8724026b7a2,Vila Roma II,5003702.0,50,2022-09-07 03:49:05.7530000 +00:00,2022-09-07 03:49:27.4050000 +00:00
e0454edbe98c,Guanandi,5002704.0,50,2020-04-29 18:03:51.0560000 +00:00,2020-04-29 18:03:51.0560000 +00:00
d39100455c4b,Vila Taveirópolis,5002704.0,50,2020-05-28 16:12:14.6890000 +00:00,2020-05-28 16:12:14.6890000 +00:00
aaa7efd1579b,Jardim Morumbi,3503208.0,35,2023-05-25 21:41:01.0280000 +00:00,2023-05-25 21:41:01.0280000 +00:00
065b1a650bd3,Monte Castelo,5002704.0,50,2024-02-20 00:14:16.3500000 +00:00,2024-02-20 00:14:16.3500000 +00:00
3f12f7d28254,Jardim Dourados,5008305.0,50,2021-08-12 13:52:19.4900000 +00:00,2021-08-12 13:52:19.4900000 +00:00
a164ba7f4259,Jardim Dourados,5008305.0,50,2021-09-13 23:35:32.6600000 +00:00,2021-09-13 23:35:32.6600000 +00:00
dab11a871c3d,Jardim Santa Herminia,5003702.0,50,2023-02-02 20:56:03.8970000 +00:00,2023-02-02 20:56:03.8970000 +00:00
39f2bc39b9f5,Jardim Novo Ipanema,5008305.0,50,2026-06-17 01:33:50.0360000 +00:00,2026-06-17 01:33:50.0360000 +00:00
8331331e0684,Francisco de Paula ,5005152.0,50,2024-01-07 16:37:59.7640000 +00:00,2024-01-07 16:38:59.7960000 +00:00
44d1485fd72b,Santo Antônio,5005202.0,50,2020-04-24 22:40:24.6320000 +00:00,2020-04-24 22:40:24.6320000 +00:00
3f049f39de84,Centro ,5005707.0,50,2023-10-02 23:10:38.2380000 +00:00,2023-10-02 23:10:38.2380000 +00:00
9ad2f18f0266,Jardim Tropical,5002704.0,50,2021-04-01 16:37:01.7370000 +00:00,2021-04-01 16:39:10.4740000 +00:00
92ae931562c5,Jardim Noroeste,5002704.0,50,2022-11-29 23:16:43.8080000 +00:00,2022-11-29 23:16:43.8080000 +00:00
a3128ee80090,Residecial Nelson Trad,5002704.0,50,2022-04-19 14:31:43.8240000 +00:00,2022-04-19 14:31:57.8300000 +00:00
d6f4cca6bd98,colibri ,5002704.0,50,2024-03-12 01:25:26.0020000 +00:00,2024-03-12 01:25:26.0020000 +00:00
c7a54dbb934b,Jardim Noroeste,5002704.0,50,2021-06-23 16:19:07.2830000 +00:00,2021-06-23 16:19:31.6910000 +00:00
fbc353695d0f,Popular Nova,5003207.0,50,2024-09-03 08:58:02.6440000 +00:00,2024-09-03 08:58:14.1650000 +00:00
0af48d90430f,Parque Residencial Rita Vieira,5002704.0,50,2025-06-12 00:31:47.2930000 +00:00,2025-06-12 00:31:47.2930000 +00:00
e97fe591a2ec,Pioneiros,5002704.0,50,2024-02-28 01:03:49.2710000 +00:00,2025-03-19 01:01:22.5890000 +00:00
48f21e9310ba,zona rural ,5004304.0,50,2025-02-12 12:13:09.8270000 +00:00,2025-02-12 12:13:09.8270000 +00:00
8505fe5cdcb3,Rural,5005608.0,50,2023-08-16 00:28:28.4810000 +00:00,2023-08-16 00:28:28.4810000 +00:00
9466805bc953,Coophatrabalho,5002704.0,50,2026-05-01 11:55:22.0240000 +00:00,2026-05-01 11:55:22.0240000 +00:00
c66ec8e0c03d,Vila Palmira,5002704.0,50,2021-12-21 17:49:06.6750000 +00:00,2021-12-21 17:49:43.8020000 +00:00
d72c13d629f8,Daniel Fonseca,3170206.0,31,2021-09-23 11:32:25.0450000 +00:00,2021-09-23 11:32:25.0450000 +00:00
c89599b0c254,Zona 06,4115200.0,41,2021-01-26 11:17:00.5200000 +00:00,2021-01-26 11:17:00.5200000 +00:00
ab7cb5f6774b,Jardim Alvorada ,5008305.0,50,2020-04-28 02:12:56.7520000 +00:00,2020-04-28 02:12:56.7520000 +00:00
477da5358c2f,Coqueiro,1500800.0,15,2026-01-25 03:15:50.9730000 +00:00,2026-01-25 03:15:50.9730000 +00:00
86c3349c7541,Portal do Parque,5006200.0,50,2024-12-10 19:20:56.9690000 +00:00,2024-12-10 19:21:07.9720000 +00:00
fc372dddffae,Centro,5002803.0,50,2024-08-28 20:11:51.6240000 +00:00,2024-08-28 20:11:51.6240000 +00:00
cd2b7dc2eb37,Jardim das Nações,5002704.0,50,2021-05-08 02:03:02.6890000 +00:00,2021-05-08 02:03:02.6890000 +00:00
5a5f8b18d55e,Jardim Noroeste,5002704.0,50,2025-03-24 19:21:57.5000000 +00:00,2025-03-24 19:21:57.5000000 +00:00
a5286fd6aa05,Coophavila II,5002704.0,50,2025-06-28 16:28:25.1950000 +00:00,2025-06-28 16:28:25.1950000 +00:00
a9b966d1c6e8,Centro,5008305.0,50,2021-09-12 12:23:20.3010000 +00:00,2021-09-12 12:23:20.3010000 +00:00
5abca2985b5e,elio Fernando ,5006002.0,50,2024-10-12 00:29:10.2780000 +00:00,2024-10-12 00:29:10.2780000 +00:00
75a9de29e693,Jardim das Grevileas ,5003751.0,50,2025-06-02 02:42:19.3430000 +00:00,2025-06-02 02:43:20.2300000 +00:00
7a30414d69b3,Coronel Antonino,5002704.0,50,2024-06-02 16:44:04.0470000 +00:00,2024-06-02 16:44:04.0470000 +00:00
0c302148b1ff,Jardim Centenário,5002704.0,50,2023-10-29 15:16:13.2820000 +00:00,2023-10-29 15:16:13.2820000 +00:00
368a0c6958a1,Conjunto Residencial Octavio Pécora,5002704.0,50,2024-10-11 05:01:05.5860000 +00:00,2024-10-11 05:01:05.5860000 +00:00
5a281d20b517,Conjunto Guana,5003207.0,50,2025-10-22 18:39:34.7710000 +00:00,2025-10-22 18:39:34.7710000 +00:00
b535e14555fd,Jardim São Lourenço,5002704.0,50,2024-02-03 13:53:43.5350000 +00:00,2024-02-03 13:53:43.5350000 +00:00
f2c5013e34e1,Jardim Aero Rancho,5002704.0,50,2024-04-03 00:45:25.1710000 +00:00,2024-04-03 00:45:25.1710000 +00:00
79392f269891,Campo Grande,3304557.0,33,2024-02-21 21:32:10.9200000 +00:00,2024-02-21 21:34:45.5590000 +00:00
e7dd832dc030,Jardim Bonança,5002704.0,50,2020-05-01 03:51:35.9320000 +00:00,2020-05-01 04:01:59.7240000 +00:00
7786758fc288,Jardim Noroeste,5002704.0,50,2026-07-10 20:45:23.0960000 +00:00,2026-07-10 20:45:23.0960000 +00:00
9fdd081e7473,Panamá,5002704.0,50,2024-12-16 22:01:53.7710000 +00:00,2024-12-16 22:01:53.7710000 +00:00
a81d3085f2dd,Vila Planalto,5002704.0,50,2022-05-03 10:59:32.6720000 +00:00,2022-05-03 10:59:32.6720000 +00:00
0ee7625696e9,Jardim Colibri II,5002704.0,50,2024-08-30 23:38:58.6800000 +00:00,2024-08-30 23:38:58.6800000 +00:00
604e2ee71400,São Jorge,5005681.0,50,2022-05-08 11:30:53.4170000 +00:00,2022-05-08 11:30:53.4170000 +00:00
b46b37b4e8ce,castanheira,1503077.0,15,2025-01-04 20:13:05.0800000 +00:00,2025-01-04 20:13:18.8720000 +00:00
0c0bb6fda762,Jardim Jockey Club,5002704.0,50,2022-03-31 12:18:59.6390000 +00:00,2022-09-02 19:49:08.1690000 +00:00
d7eacbd54279,Estrela Pytã,5003702.0,50,2021-01-21 20:50:19.0490000 +00:00,2021-01-21 20:50:19.0490000 +00:00
e9e971ce53c0,juquita,5005400.0,50,2024-05-04 20:10:50.6070000 +00:00,2024-05-04 20:11:55.1650000 +00:00
a5d189d3a0f8,Parque Iguatemi,5002704.0,50,2020-10-24 19:49:39.1360000 +00:00,2020-10-24 19:49:39.1360000 +00:00
515fb99948ba,Residencial Jose Teruel Filho,5002704.0,50,2025-10-08 22:05:35.0530000 +00:00,2025-10-08 22:05:35.0530000 +00:00
c8af3c57df9d,Portal Caiobá II,5002704.0,50,2023-05-20 14:48:50.2490000 +00:00,2023-05-20 14:48:50.2490000 +00:00
357cbca9134d,Sao joao ,5001904.0,50,2026-05-19 01:48:06.6850000 +00:00,2026-05-19 01:48:06.6850000 +00:00
a96ff5b5aa6f,,1500800.0,15,2025-11-07 01:11:00.1430000 +00:00,2025-11-07 01:11:00.1430000 +00:00
8da8d6c3490b,centro,5002902.0,50,2024-06-17 17:05:48.8840000 +00:00,2024-06-17 17:08:24.4780000 +00:00
1000c6f904fc,Centro,5002704.0,50,2021-01-18 21:25:28.2170000 +00:00,2021-01-18 21:26:08.5830000 +00:00
faf2ea2fc176,Portal do Poço,2503209.0,25,2024-02-23 16:14:44.7860000 +00:00,2024-02-23 16:15:06.5880000 +00:00
72d661539fc0,Jardim Centenário,5002704.0,50,2020-05-04 02:44:10.1620000 +00:00,2020-05-04 02:44:16.8100000 +00:00
2edb9f51b329,Residencial Oliveira,5002704.0,50,2022-01-31 12:45:00.8590000 +00:00,2022-01-31 12:47:28.1930000 +00:00
ad301d1735ec,Pioneiros,5002704.0,50,2026-05-27 16:02:21.1820000 +00:00,2026-05-27 16:02:21.1820000 +00:00
e3549bb11166,Costa e Silva ,5002100.0,50,2022-09-27 01:19:17.4740000 +00:00,2022-09-27 01:19:17.4740000 +00:00
3d85c6fe718e,Guiomar Soares de Andrade ,5006200.0,50,2024-01-25 14:25:11.0160000 +00:00,2024-01-25 14:25:11.0160000 +00:00
91a238a5e726,Jardim Campo Alto,5002704.0,50,2020-04-24 22:37:25.9080000 +00:00,2020-04-24 22:37:25.9080000 +00:00
cef98cdfabb0,Zona Rural ,5007950.0,50,2025-01-09 21:35:00.2050000 +00:00,2025-01-09 21:35:00.2050000 +00:00
56c735d7b40f,Vila Palmira,5002704.0,50,2024-02-25 15:19:01.4060000 +00:00,2024-02-25 15:19:01.4060000 +00:00
7bed4bea64ae,Aeroporto,5003207.0,50,2022-08-31 23:13:29.0330000 +00:00,2022-08-31 23:13:38.4320000 +00:00
99c514dee969,Jardim Parati,5002704.0,50,2023-06-16 00:51:48.1740000 +00:00,2023-06-16 00:52:22.4500000 +00:00
dd693e7011e7,Jardim Aero Rancho,5002704.0,50,2025-10-31 17:13:12.3000000 +00:00,2025-10-31 17:13:12.3000000 +00:00
ff32a96cfd66,Santa Terezinha ,5001102.0,50,2023-04-28 23:07:10.3980000 +00:00,2023-04-28 23:07:20.9870000 +00:00
9e00ec8c13ca,Vila Popular,5002704.0,50,2024-05-10 04:09:10.2670000 +00:00,2024-05-10 04:09:10.2670000 +00:00
f234e0ffaca2,Jardim Maringá,5107909.0,51,2021-08-10 15:42:29.5600000 +00:00,2021-08-10 15:42:29.5600000 +00:00
bd18bb6eccbe,Vila Piratininga,5002704.0,50,2021-03-16 18:24:01.7290000 +00:00,2021-03-16 18:24:01.7290000 +00:00
a975aec5a6be,Progresso,5007208.0,50,2025-11-13 04:37:58.9510000 +00:00,2025-11-13 04:38:06.9970000 +00:00
7adfda94de7e,Jardim Tijuca,5002704.0,50,2024-01-29 04:16:52.8510000 +00:00,2024-01-29 04:21:06.0320000 +00:00
7719dd0cd026,Vila Nasser,5002704.0,50,2021-01-02 22:02:05.9200000 +00:00,2021-01-02 22:06:14.5390000 +00:00
75823b2fc74b,Jardim Samara,5001003.0,50,2022-04-16 17:18:27.4340000 +00:00,2022-04-16 17:18:27.4340000 +00:00
320b53847042,Residencial Oiti,5002704.0,50,2021-01-23 18:54:19.3420000 +00:00,2021-01-23 18:54:19.3420000 +00:00
f1f69e3ee57e,Vila Base Aérea,5002704.0,50,2021-08-04 15:24:20.9490000 +00:00,2021-08-04 15:24:20.9490000 +00:00
9a9ee4bb0667,Vila Guarani,5003207.0,50,2025-04-15 17:14:15.0070000 +00:00,2025-04-15 17:14:15.0070000 +00:00
4b271a2a11e6,Santa Inês,3106200.0,31,2023-12-17 20:56:44.9490000 +00:00,2023-12-17 20:56:44.9490000 +00:00
2684b5ef6cda,Vila Manoel Taveira,5002704.0,50,2026-03-06 19:45:27.8690000 +00:00,2026-03-06 19:51:03.3570000 +00:00
ba7f1d68360b,Jardim Bonança,5002704.0,50,2021-02-27 12:42:07.5340000 +00:00,2021-02-27 12:42:07.5340000 +00:00
ab5ea8cff038,Jardim Presidente,5002704.0,50,2024-12-10 02:10:25.4700000 +00:00,2024-12-10 02:10:25.4700000 +00:00
3ece1b4aa01e,Jardim Márcia,5003702.0,50,2023-06-07 01:47:22.8580000 +00:00,2023-06-07 01:47:22.8580000 +00:00
cc4812cfb41e,Vila Nova Campo Grande,5002704.0,50,2025-03-19 13:31:58.5730000 +00:00,2025-03-19 13:31:58.5730000 +00:00
6d7f6cfe3d7b,,5002951.0,50,2021-11-19 13:47:15.7870000 +00:00,2021-11-19 13:47:15.7870000 +00:00
2ac6c4ea9a86,izanopoles ,5002902.0,50,2022-07-11 17:29:59.1500000 +00:00,2022-07-11 17:35:19.7110000 +00:00
cfa34a4fdcb4,Aeroporto,5003207.0,50,2021-07-01 23:05:02.2780000 +00:00,2021-07-01 23:07:20.7880000 +00:00
c2d6d19ec70d,Cabreúva,5002704.0,50,2021-01-22 05:00:22.1090000 +00:00,2021-04-13 01:17:58.7180000 +00:00
98912f3d2f59,Residencial Ana Maria do Couto,5002704.0,50,2024-02-15 00:45:00.1840000 +00:00,2024-02-15 00:45:13.1420000 +00:00
a3ee25e91be7,Jardim Los Angeles,5002704.0,50,2021-07-06 17:55:47.9270000 +00:00,2021-07-06 17:55:57.6510000 +00:00
e0f0e4fd6b8a,Jandaia,5007901.0,50,2024-09-09 20:20:18.8650000 +00:00,2024-09-09 20:20:18.8650000 +00:00
1236ca5b9144,Guanandi,5002704.0,50,2024-03-14 15:00:39.1000000 +00:00,2024-03-14 15:00:39.1000000 +00:00
1913f80c3f6f,Jardim das Oliveiras,5008305.0,50,2022-01-30 04:01:22.2630000 +00:00,2022-01-30 04:01:22.2630000 +00:00
b5913002e859,Almir Gabriel,1504422.0,15,2024-04-20 01:29:16.2880000 +00:00,2024-04-20 01:29:16.2880000 +00:00
76cf53b3fa2f,Lagoa Dourada,5002704.0,50,2021-11-06 15:19:20.6540000 +00:00,2021-11-06 15:19:41.7580000 +00:00
87139a32c04f,Recanto das Palmeiras,5008305.0,50,2024-08-31 01:57:33.0680000 +00:00,2024-08-31 01:57:33.0680000 +00:00
8e880208f544,Primo Maffissoni ,5007695.0,50,2021-11-07 11:12:29.8530000 +00:00,2021-11-07 11:12:29.8530000 +00:00
4b43a988bfcb,Vila Palmira,5002704.0,50,2022-07-19 16:31:15.9570000 +00:00,2022-07-19 16:31:15.9570000 +00:00
36d43ba6cf95,Vila Esperança,3550308.0,35,2025-05-30 15:59:08.6020000 +00:00,2025-05-30 15:59:08.6020000 +00:00
86a6817a99cd,Vila São Francisco,5003702.0,50,2024-01-10 18:52:22.6940000 +00:00,2024-01-10 18:52:22.6940000 +00:00
aa5cfbb253b0,assentamento santa Lúcia,5007901.0,50,2021-04-29 11:24:23.7460000 +00:00,2021-04-29 11:24:23.7460000 +00:00
5382e32d4a9b,Vila Santa Luzia,5002704.0,50,2024-11-19 18:24:29.1710000 +00:00,2024-11-19 18:24:29.1710000 +00:00
aceee3530c36,jardim américa ,5208806.0,52,2024-05-31 20:17:12.2490000 +00:00,2024-05-31 20:17:12.2490000 +00:00
593a370804e2,Monte Castelo,5002704.0,50,2020-09-29 20:43:26.9690000 +00:00,2020-09-29 20:43:26.9690000 +00:00
9be65644b6ed,Jardim Aprazível ,5002407.0,50,2021-09-08 14:07:47.8090000 +00:00,2021-09-08 14:07:52.4070000 +00:00
f0947a3562f1,Vila Vilas Boas,5002704.0,50,2025-07-19 03:03:05.5010000 +00:00,2025-07-19 03:03:05.5010000 +00:00
3a4227552232,Residencial Capitão Vigário 1,5002407.0,50,2020-06-05 02:21:50.7670000 +00:00,2020-12-20 01:28:17.8420000 +00:00
72fa298c12f8,Residencial Bonanza,5003702.0,50,2024-09-10 00:03:05.1510000 +00:00,2024-09-10 00:03:05.1510000 +00:00
0d975dbb8827,Centro,5002704.0,50,2024-08-24 00:37:22.1520000 +00:00,2024-08-24 00:37:29.4190000 +00:00
94b7735ac623,Vila Glória,5002704.0,50,2021-01-23 14:55:34.2000000 +00:00,2021-01-23 14:55:34.2000000 +00:00
bad49d4936f9,Jardim Alto São Francisco,5002704.0,50,2025-08-02 22:17:10.2940000 +00:00,2025-08-02 22:17:13.4490000 +00:00
60ad0fef4ccb,Cuiá,2507507.0,25,2026-05-15 10:03:11.3230000 +00:00,2026-05-15 10:03:11.3230000 +00:00
286375cde049,Una,1501402.0,15,2023-09-14 16:40:01.1950000 +00:00,2023-09-14 16:40:01.1950000 +00:00
250bda66ecfb,Jardim Paradiso,5002704.0,50,2024-01-09 11:25:52.3750000 +00:00,2024-01-09 11:25:52.3750000 +00:00
11fd89fa3dcf,Jardim Jockey Club,5002704.0,50,2020-04-27 18:28:32.6140000 +00:00,2020-04-27 18:28:32.6140000 +00:00
30fff47775a3,Vila Izolina I,5002605.0,50,2021-02-24 15:54:13.4630000 +00:00,2021-02-24 15:54:13.4630000 +00:00
ce6898b38161,Centro,5005202.0,50,2024-05-14 22:29:01.5890000 +00:00,2024-05-14 22:29:01.5890000 +00:00
39f3205ce4f3,Jardim Nova Capital,5002704.0,50,2024-02-06 20:55:15.7580000 +00:00,2024-02-06 20:55:15.7580000 +00:00
2ff7df456d58,Bairro Seminário,5002704.0,50,2021-08-11 20:25:29.6760000 +00:00,2021-08-11 20:25:29.6760000 +00:00
daa205898bcd,Bom Retiro,5002704.0,50,2024-08-01 13:18:30.0950000 +00:00,2024-08-01 13:18:30.0950000 +00:00
c69e69fd9850,Centro,5006606.0,50,2021-07-02 16:17:21.8370000 +00:00,2021-07-02 16:18:04.9460000 +00:00
2344b2bf1af9,Parque dos Novos Estados,5002704.0,50,2024-03-05 23:08:23.5660000 +00:00,2024-03-05 23:09:02.7660000 +00:00
13706a9801ce,Altos do Barreirão ,5008404.0,50,2024-02-26 17:56:54.9890000 +00:00,2024-02-26 17:57:10.0860000 +00:00
4ff95f2191a4,santa lucia,5006309.0,50,2024-10-21 01:50:09.5720000 +00:00,2024-10-21 01:50:09.5720000 +00:00
2375d25451ad,Jardim Centro Oeste,5002704.0,50,2024-07-26 23:03:00.5030000 +00:00,2024-07-26 23:03:00.5030000 +00:00
bd3b8d385e31,são Jorge da lagoa,5002704.0,50,2021-05-10 13:52:21.6650000 +00:00,2021-05-11 17:26:21.1080000 +00:00
c79a06b23e7b,Vila Moreninha IV,5002704.0,50,2025-06-20 09:47:15.4760000 +00:00,2025-06-20 09:47:15.4760000 +00:00
7514db355d76,Universitário,5003207.0,50,2025-04-09 03:13:32.8870000 +00:00,2025-04-09 03:13:32.8870000 +00:00
4c720629c166,Vila Piloto,5008305.0,50,2020-04-29 11:29:56.0040000 +00:00,2020-04-29 11:29:56.0040000 +00:00
a3149b44390a,Jardim Mansur,5002704.0,50,2020-04-27 20:43:56.6250000 +00:00,2020-04-27 20:43:56.6250000 +00:00
014fa738d9e6,Alto Umuarama,3170206.0,31,2023-06-27 11:09:12.0730000 +00:00,2023-07-31 16:26:15.2240000 +00:00
40b14d75145d,jard primavera ,5000203.0,50,2025-08-21 14:34:11.1790000 +00:00,2025-08-21 14:34:11.1790000 +00:00
881bb1a0f80d,Vila memorial ,5002159.0,50,2026-06-03 00:54:42.6970000 +00:00,2026-06-03 00:54:42.6970000 +00:00
e0f34479bcd7,Centro,5004502.0,50,2026-05-05 01:37:50.1340000 +00:00,2026-05-05 01:37:50.1340000 +00:00
2229f9744527,Jardim Samambaia,5002704.0,50,2025-06-09 19:22:50.4580000 +00:00,2025-06-09 19:22:50.4580000 +00:00
99c0c5a5b860,Vila Áurea,5006606.0,50,2023-11-06 15:22:37.0470000 +00:00,2023-11-06 15:22:37.0470000 +00:00
3d9b1091deeb,Monte Castelo,5002704.0,50,2023-08-01 16:19:58.4810000 +00:00,2023-08-01 16:19:58.4810000 +00:00
16d83bc3e6f5,Vila Carvalho,5002704.0,50,2021-03-31 19:28:47.5020000 +00:00,2021-03-31 19:28:47.5020000 +00:00
92d81e17f0fb,Jardim Batistão,5002704.0,50,2026-03-20 16:56:44.9690000 +00:00,2026-03-20 16:56:44.9690000 +00:00
742a265168f7,Centro,5003702.0,50,2025-02-14 23:37:48.0480000 +00:00,2025-02-14 23:37:48.0480000 +00:00
a49890cddcbe,Jardim Colúmbia,5002704.0,50,2021-12-13 18:28:12.7610000 +00:00,2021-12-13 18:28:12.7610000 +00:00
97d5cca5ce3b,Popular Nova,5003207.0,50,2024-10-06 01:20:22.9780000 +00:00,2024-10-06 01:20:22.9780000 +00:00
2b4bef10541b,centro,5002951.0,50,2026-05-02 11:59:47.5510000 +00:00,2026-05-02 12:00:10.3480000 +00:00
f374a4264b9d,Gramame,2507507.0,25,2025-12-05 17:54:10.9080000 +00:00,2025-12-05 17:54:10.9080000 +00:00
ed97c3d9f670,Vila margarida ,5002704.0,50,2025-02-02 18:42:59.9530000 +00:00,2025-02-02 18:42:59.9530000 +00:00
3455e7b44518,Jardim Rodrigues,5008305.0,50,2022-09-15 21:45:34.5500000 +00:00,2022-09-15 21:45:34.5500000 +00:00
ec77ffe5d8db,Centro,5003306.0,50,2023-11-15 03:45:18.5050000 +00:00,2023-11-15 03:45:18.5050000 +00:00
9d50b4677f50,JD II,5001102.0,50,2021-06-25 00:08:56.7090000 +00:00,2021-06-25 00:10:59.7140000 +00:00
7c403d7e5dd6,Coophatrabalho,5002704.0,50,2022-04-11 18:20:28.2240000 +00:00,2022-04-11 18:20:28.2240000 +00:00
d09074b88980,Jardim Tropical,5003702.0,50,2026-01-28 18:33:37.9640000 +00:00,2026-01-28 18:33:37.9640000 +00:00
974cca7084f8,Polo Universitário,4108304.0,41,2025-02-26 00:04:07.5280000 +00:00,2025-02-26 00:04:07.5280000 +00:00
d347cf88f05c,Residencial Abussafe,4113700.0,41,2024-11-14 17:57:35.3660000 +00:00,2024-11-14 17:57:35.3660000 +00:00
5a442b21f8e6,Residencial Oliveira,5002704.0,50,2022-03-20 20:16:15.1040000 +00:00,2022-03-20 20:16:15.1040000 +00:00
6a9bab452de3,Centro ,5002159.0,50,2020-08-29 01:36:19.7420000 +00:00,2020-08-29 01:36:19.7420000 +00:00
8275099147a8,Cidade Jardim,5002704.0,50,2020-05-04 23:19:22.7920000 +00:00,2025-06-02 01:55:29.2510000 +00:00
86ce15760165,Centro,5000708.0,50,2021-08-17 22:10:29.7910000 +00:00,2021-08-17 22:10:29.7910000 +00:00
56869faabbc5,Santa Fé,5002704.0,50,2026-03-31 01:05:25.4530000 +00:00,2026-03-31 01:05:25.4530000 +00:00
16686a889624,Amambaí,5002704.0,50,2024-04-28 04:35:18.9490000 +00:00,2024-04-28 04:35:18.9490000 +00:00
f09bf15c428a,centro,5007307.0,50,2021-07-15 10:18:29.1890000 +00:00,2021-07-15 10:18:29.1890000 +00:00
3420db10f0f7,Santa Fé,5003702.0,50,2020-04-24 22:33:26.9050000 +00:00,2020-04-24 22:33:26.9050000 +00:00
8917016094bf,Jardim Presidente,5002704.0,50,2025-06-11 11:51:58.1120000 +00:00,2025-06-11 11:51:58.1120000 +00:00
33144c4b6f8f,Conjunto Aero Rancho,5002704.0,50,2025-06-27 03:16:56.9870000 +00:00,2025-06-27 03:17:22.0930000 +00:00
96c64bfd99f3,Vila Santo Eugênio,5002704.0,50,2025-03-01 15:12:27.1800000 +00:00,2025-03-01 15:12:27.1800000 +00:00
31eda0a6dc91,Curuçambá,1500800.0,15,2025-09-19 18:45:25.8610000 +00:00,2025-09-19 18:45:25.8610000 +00:00
86de150da816,Monte Castelo,5002704.0,50,2023-08-15 16:53:55.6470000 +00:00,2023-08-15 17:13:27.9280000 +00:00
42c3c137a387,Gramame,2507507.0,25,2026-03-23 13:36:17.5880000 +00:00,2026-03-23 13:36:17.5880000 +00:00
3878c4962e62,Santa Terezinha ,5001102.0,50,2024-01-28 01:00:35.2460000 +00:00,2024-01-28 01:00:35.2460000 +00:00
184487b358fe,Muçumagro,2507507.0,25,2025-09-28 16:40:02.4630000 +00:00,2025-09-28 16:40:02.4630000 +00:00
b0b138d417a7,Guanandi,5002704.0,50,2025-03-17 22:02:57.5930000 +00:00,2025-03-17 22:02:57.5930000 +00:00
a0c85d9e77dd,magistério ,4301636.0,43,2024-07-01 19:10:38.8370000 +00:00,2024-07-01 19:10:38.8370000 +00:00
5b2244f44e5a,Santos Dumont,5008305.0,50,2021-12-07 14:14:49.4470000 +00:00,2021-12-07 14:14:49.4470000 +00:00
d05f8a47d228,Jardim Aero Rancho,5002704.0,50,2022-04-21 17:16:50.7000000 +00:00,2022-04-21 17:16:50.7000000 +00:00
bd16849e3bc2,Jardim Tarumã,5002704.0,50,2020-05-18 17:11:00.2060000 +00:00,2020-05-18 17:14:49.0440000 +00:00
cc731643c309,Vila Santa Luzia,5002704.0,50,2020-10-30 15:40:50.2260000 +00:00,2020-10-30 15:40:50.2260000 +00:00
32fb3052c8e3,Jardim Itatiaia,5002704.0,50,2026-02-24 20:46:51.1220000 +00:00,2026-02-24 20:47:10.4660000 +00:00
1bd5369e0dbf,Itanhangá Park,5002704.0,50,2022-10-25 03:38:36.3350000 +00:00,2022-10-25 03:38:36.3350000 +00:00
2ac0876293c3,Coophatrabalho,5002704.0,50,2025-01-01 22:58:10.5730000 +00:00,2025-01-01 22:58:10.5730000 +00:00
2f579bc0aa9f,Carandá Bosque,5002704.0,50,2024-02-25 02:36:32.3020000 +00:00,2024-02-25 02:36:32.3020000 +00:00
c1f61beb7a6a,Cristo Redentor,5003207.0,50,2023-02-08 19:12:07.1600000 +00:00,2023-02-08 19:12:07.1600000 +00:00
d2304b590654,Aeroporto,5003207.0,50,2025-01-02 14:22:28.6800000 +00:00,2025-01-02 14:22:28.6800000 +00:00
5700624e0d75,centro ,5007802.0,50,2021-01-22 00:07:13.3900000 +00:00,2025-06-29 18:56:52.6830000 +00:00
2a2e3e34d8de,Sitiocas Campina Verde,5003702.0,50,2021-06-30 14:19:43.8380000 +00:00,2021-06-30 14:20:00.5260000 +00:00
5fe4bc44aa65,Vila Piratininga,5002704.0,50,2024-11-27 21:22:54.3690000 +00:00,2024-11-27 21:22:54.3690000 +00:00
2a7badb73b98,jardim primavera ,5004601.0,50,2023-11-16 12:48:11.4840000 +00:00,2023-11-16 12:48:11.4840000 +00:00
db1011bbcaf6,universitário 2,5006309.0,50,2025-02-20 17:32:59.0770000 +00:00,2025-02-20 17:58:47.4800000 +00:00
60716da96807,Vila Alba,5003702.0,50,2021-08-12 01:42:51.9530000 +00:00,2021-08-12 01:42:51.9530000 +00:00
03b7dd9110a6,Vila Neusa,5002704.0,50,2025-02-26 01:42:47.9880000 +00:00,2025-02-26 01:42:47.9880000 +00:00
b89901f82d63,Jardim Jockey Club,5002704.0,50,2023-04-19 19:35:12.5780000 +00:00,2023-04-19 19:35:12.5780000 +00:00
387a6e06c6ac,Parque Residencial Rita Vieira,5002704.0,50,2025-05-01 00:19:12.4780000 +00:00,2026-06-01 16:33:34.8070000 +00:00
9c29d299a50f,Jardim Aero Rancho,5002704.0,50,2024-11-25 16:25:26.9500000 +00:00,2024-11-25 16:25:39.7610000 +00:00
484e7bc2b636,Jardim Noroeste,5002704.0,50,2024-03-23 16:06:52.6130000 +00:00,2024-03-23 16:06:57.7010000 +00:00
6c19281331b7,Jardim Alto São Francisco,5002704.0,50,2024-02-05 14:42:07.6380000 +00:00,2024-02-05 14:42:07.6380000 +00:00
3793642e5d00,Popular Nova,5003207.0,50,2024-12-09 23:10:18.5610000 +00:00,2024-12-09 23:10:30.2500000 +00:00
ad37ccd58329,Vila Bandeirante,5002704.0,50,2025-11-06 14:15:14.8370000 +00:00,2025-11-06 14:15:14.8370000 +00:00
70d00ea2c9ff,Barra da Tijuca II,5002704.0,50,2023-06-06 01:06:43.6650000 +00:00,2023-06-16 19:53:47.8530000 +00:00
f211dea50134,Vila Sílvia Regina,5002704.0,50,2024-05-06 20:18:02.6670000 +00:00,2024-05-06 20:18:02.6670000 +00:00
767bc284f5c1,nossa senhora Aparecida 2,5005251.0,50,2021-12-20 13:50:29.1480000 +00:00,2021-12-20 13:50:29.1480000 +00:00
ea75a4ab7077,Montese,5004502.0,50,2022-06-20 12:12:43.6220000 +00:00,2022-06-20 12:12:43.6220000 +00:00
db1baa5d9bc1,Sibipiruna,5002951.0,50,2022-06-18 01:51:49.4240000 +00:00,2022-06-18 01:51:49.4240000 +00:00
27b7b56bb411,Jibóia Branca,1500800.0,15,2022-04-20 14:17:03.9250000 +00:00,2022-04-20 14:17:03.9250000 +00:00
c2ba293c8d77,Parque Jardim das Exposições,5006606.0,50,2023-12-22 19:46:20.1430000 +00:00,2023-12-22 19:46:20.1430000 +00:00
1245bb63e132,Cidade Jardim ,5005707.0,50,2023-05-18 11:36:40.4620000 +00:00,2023-05-18 11:36:43.6880000 +00:00
36246c2d0e00,Jardim das Oliveiras,5008305.0,50,2026-06-10 01:56:37.6630000 +00:00,2026-06-10 01:59:08.5550000 +00:00
3cdadfc32d1c,Portinari,5005707.0,50,2021-05-31 04:19:53.3640000 +00:00,2021-05-31 04:19:53.3640000 +00:00
cd3b4cce2dc4,Jardim Tropical,5003702.0,50,2025-03-18 16:57:23.1130000 +00:00,2025-03-18 16:57:23.1130000 +00:00
37723fcc9fb0,Jardim do trabalhador ,5007109.0,50,2024-03-03 23:46:02.4800000 +00:00,2024-03-03 23:46:02.4800000 +00:00
7404be12a2b0,Monte Castelo,5002704.0,50,2023-05-31 12:03:18.0700000 +00:00,2023-05-31 12:03:18.0700000 +00:00
ea45fb5ce0d5,Previsul,5003207.0,50,2021-03-06 20:52:39.0560000 +00:00,2021-03-06 20:53:54.8380000 +00:00
959d7944a7e3,Jardim João Paulo II,5003702.0,50,2024-09-20 18:24:09.5740000 +00:00,2024-09-20 18:24:09.5740000 +00:00
df588b901ad1,Jardim Paranapunga,5008305.0,50,2024-11-14 11:21:27.1670000 +00:00,2024-11-14 11:21:27.1670000 +00:00
dfbdb96cf2fd,Jardim Progresso,5008305.0,50,2020-10-01 20:58:48.3360000 +00:00,2020-10-01 20:58:51.4230000 +00:00
a0dab9a69820,Vila Moreninha II,5002704.0,50,2025-02-12 18:13:28.4300000 +00:00,2025-02-12 18:13:28.4300000 +00:00
ff130d23d98a,Vila São Jorge da Lagoa,5002704.0,50,2024-07-17 01:47:09.7850000 +00:00,2025-04-05 00:14:08.5750000 +00:00
27611a407af9,centro,5002209.0,50,2021-07-01 14:13:25.2560000 +00:00,2021-07-01 14:13:25.2560000 +00:00
d8f4bfc9b2a2,Jardim Colúmbia,5002704.0,50,2020-07-28 18:34:19.5920000 +00:00,2020-07-28 18:34:19.5920000 +00:00
ef749c2be0ef,Centro ,5004007.0,50,2022-01-21 01:37:44.5690000 +00:00,2022-01-21 01:38:16.4800000 +00:00
b2d7ae7eb309,Los Angeles,5002704.0,50,2025-09-11 04:35:18.5560000 +00:00,2025-09-11 04:35:18.5560000 +00:00
9feb55606543,CENTRO,5007935.0,50,2022-04-29 00:21:42.3780000 +00:00,2022-04-29 00:21:42.3780000 +00:00
5a073d9d96b1,Dom Bosco,5003207.0,50,2021-08-31 18:03:31.1150000 +00:00,2021-08-31 18:03:31.1150000 +00:00
a71d0e25d6b9,Jardim Tarumã,5002704.0,50,2022-03-14 03:01:52.4840000 +00:00,2022-04-04 15:02:55.3930000 +00:00
84886b209ca6,Caiçara,5002704.0,50,2024-05-30 12:46:08.7600000 +00:00,2024-05-30 12:46:08.7600000 +00:00
d36beedd6777,Vila Popular,5002704.0,50,2023-09-24 12:09:49.0390000 +00:00,2023-09-24 12:09:54.7260000 +00:00
1560944b8aab,Vila Planalto,5003702.0,50,2021-08-11 15:39:41.3180000 +00:00,2021-08-11 15:39:41.3180000 +00:00
fdd7ba47e2b3,Vila Vilas Boas,5002704.0,50,2021-01-25 14:20:01.6620000 +00:00,2021-01-25 14:20:01.6620000 +00:00
2571b3e3e66b,Carandá Bosque,5002704.0,50,2021-10-02 21:40:17.6670000 +00:00,2021-10-02 21:40:17.6670000 +00:00
7692f42e3851,Jardim Parati,5002704.0,50,2022-01-02 21:21:29.5300000 +00:00,2022-01-02 21:21:43.9710000 +00:00
caf35dd6d787,Jardim Anache,5002704.0,50,2024-02-22 00:33:38.7620000 +00:00,2024-02-22 00:33:38.7620000 +00:00
3f4fe1c4039b,Parque dos Novos Estados,5002704.0,50,2023-10-16 14:12:39.2150000 +00:00,2023-10-16 14:12:39.2150000 +00:00
a10c8f753bc0,Jardim Morenão,5002704.0,50,2020-06-21 20:40:11.4720000 +00:00,2020-06-21 20:40:11.4720000 +00:00
3c3daa0322c8,união ,5002704.0,50,2026-06-15 16:29:50.6720000 +00:00,2026-06-15 16:30:26.8870000 +00:00
f8b55c3c9f50,Vila Toscana,5003702.0,50,2025-06-14 15:46:39.8850000 +00:00,2025-06-14 15:46:39.8850000 +00:00
1dc33b6ec1d6,Caiçara,5002704.0,50,2024-04-27 11:02:13.6080000 +00:00,2024-04-27 11:02:13.6080000 +00:00
e865acec2f5e,Vila Marcos Roberto,5002704.0,50,2022-02-15 15:22:56.9500000 +00:00,2022-02-15 15:22:56.9500000 +00:00
ed0a3070f6b4,Jardim Monte Alegre,5002704.0,50,2026-08-07 01:09:08.7730000 +00:00,2026-08-07 01:09:08.7730000 +00:00
6a5bce13084b,conjunto iporã,5007703.0,50,2025-02-21 21:53:27.7210000 +00:00,2025-02-21 21:53:27.7210000 +00:00
06c682d8b6e0,Jardim Centro Oeste,5002704.0,50,2021-01-23 17:37:02.0520000 +00:00,2021-01-23 17:41:43.9740000 +00:00
51a70b027b9c,São Jorge,5005681.0,50,2025-08-01 01:25:28.2830000 +00:00,2025-08-01 01:25:28.2830000 +00:00
93976b228c8a,Parque do Sol,5002704.0,50,2024-10-07 11:36:10.3670000 +00:00,2024-10-07 11:36:10.3670000 +00:00
9a3e447b7558,Vila Almeida,5002704.0,50,2022-02-07 16:33:30.7130000 +00:00,2022-02-07 16:33:30.7130000 +00:00
0e2e6add9859,Vila Palmira,5002704.0,50,2020-05-01 03:20:34.3930000 +00:00,2020-05-01 03:20:34.3930000 +00:00
5b2c42a262be,Vila Nova Campo Grande,5002704.0,50,2021-08-28 10:16:13.4270000 +00:00,2021-08-28 10:16:13.4270000 +00:00
7e6fec50270b,Residencial Gabura,5002704.0,50,2026-01-06 15:40:49.8610000 +00:00,2026-01-06 15:40:49.8610000 +00:00
103967bd6d24,são bento ,5007901.0,50,2023-02-27 23:21:42.6380000 +00:00,2023-02-27 23:22:00.1030000 +00:00
4ca811c4b683,Santos Dumont,5008305.0,50,2024-11-20 00:47:48.2960000 +00:00,2024-11-20 00:48:08.3810000 +00:00
e273cf223786,Centro,5003207.0,50,2024-03-14 21:56:59.7990000 +00:00,2024-03-14 21:56:59.7990000 +00:00
b15442eb2de4,Vila Belo Horizonte,5002704.0,50,2024-09-09 18:45:48.1580000 +00:00,2024-09-09 18:45:48.1580000 +00:00
5389e3f06ed4,Jardim Lisboa ,5005400.0,50,2024-04-28 15:42:03.0080000 +00:00,2024-04-28 15:42:03.0080000 +00:00
9a107900702a,esplanada ,5002951.0,50,2024-04-02 19:14:01.6080000 +00:00,2024-04-02 19:14:01.6080000 +00:00
a15fdfc5df39,Jardim Carioca,5002704.0,50,2021-08-12 15:47:54.0690000 +00:00,2021-08-12 15:48:51.4580000 +00:00
5d555fe10da2,Novo Oeste,5008305.0,50,2023-05-10 14:00:47.7920000 +00:00,2023-05-10 14:00:51.5590000 +00:00
7145ed165095,Anhandui,5002704.0,50,2022-06-06 22:14:31.6650000 +00:00,2022-06-06 22:14:31.6650000 +00:00
1e5732afdd63,Centro,5006606.0,50,2021-11-21 11:39:17.5510000 +00:00,2021-11-21 11:39:17.5510000 +00:00
03023ac4ae3b,Jardim Acapulco ,5001904.0,50,2024-01-24 17:32:19.8180000 +00:00,2024-01-24 17:32:19.8180000 +00:00
9dcd99030044,Cidade Nova ,5001102.0,50,2022-01-10 00:20:35.7820000 +00:00,2022-01-10 00:20:35.7820000 +00:00
c6303e7bf265,Vila Danúbio Azul,5002704.0,50,2022-06-18 09:06:36.0300000 +00:00,2022-06-18 09:06:36.0300000 +00:00
82313c0e82a4,Jardim Tropical,5003702.0,50,2021-10-09 04:01:11.4340000 +00:00,2021-10-09 04:01:11.4340000 +00:00
f7e0128fa9c9,Jardim Anache,5002704.0,50,2025-04-07 15:27:33.0960000 +00:00,2025-04-07 15:27:33.0960000 +00:00
ae998f09fb9d,Jardim América,5003702.0,50,2024-03-21 22:04:36.1870000 +00:00,2024-04-11 00:53:13.4740000 +00:00
1e6ab3309715,centro ,5002407.0,50,2024-06-25 12:40:30.5290000 +00:00,2024-06-25 12:40:30.5290000 +00:00
cec33ea38802,Residencial Pantanal,5003702.0,50,2024-10-28 23:53:46.6920000 +00:00,2024-10-28 23:53:46.6920000 +00:00
22eeacd2cf70,Monte Castelo,5002704.0,50,2023-07-04 23:51:49.4400000 +00:00,2023-07-04 23:51:49.4400000 +00:00
5fe876e90916,JARDIM PAULISTA ,5001003.0,50,2020-05-20 03:13:56.2720000 +00:00,2020-05-20 03:14:35.4850000 +00:00
8d2150b521fd,Bosque de Ponta Porã,5006606.0,50,2021-07-02 19:44:15.6480000 +00:00,2021-07-02 19:44:15.6480000 +00:00
028653faaec8,Jardim Paulo Coelho Machado,5002704.0,50,2025-01-25 01:54:00.9550000 +00:00,2025-01-25 01:54:07.1890000 +00:00
3951942d63f3,Mata do Segredo,5002704.0,50,2026-02-04 22:25:50.7460000 +00:00,2026-02-04 22:25:50.7460000 +00:00
75b975d6089e,Jardim das Ortências,5008305.0,50,2022-05-12 03:04:27.2270000 +00:00,2022-05-12 03:04:34.2070000 +00:00
ffc58492c18e,Valentina de Figueiredo,2507507.0,25,2025-09-19 16:22:28.7510000 +00:00,2025-09-19 16:24:00.8750000 +00:00
62f95488356f,Jardim Tropical,5002704.0,50,2022-07-28 01:52:42.4000000 +00:00,2022-07-28 01:52:42.4000000 +00:00
45272c007ea7,Jardim Das Estrelas,5003306.0,50,2022-06-01 02:20:17.6780000 +00:00,2022-06-01 02:20:17.6780000 +00:00
6b0dd0b0f091,Residencial Manoel Padial Urel,5006606.0,50,2024-01-30 18:40:22.7410000 +00:00,2024-01-30 18:40:22.7410000 +00:00
2f6929d51539,Vila Nasser,5002704.0,50,2021-01-03 18:45:17.5700000 +00:00,2021-01-03 18:45:22.6620000 +00:00
5ca451deb535,Jardim São João 1ª Seção,5006606.0,50,2023-10-15 02:12:05.9940000 +00:00,2023-10-15 02:12:05.9940000 +00:00
11c3e020d76d,Parque Alvorada,5003702.0,50,2025-01-18 18:40:58.3730000 +00:00,2025-01-18 18:40:58.3730000 +00:00
faf99c37f260,Vila Nova Campo Grande,5002704.0,50,2024-03-06 23:16:55.9780000 +00:00,2024-03-06 23:16:55.9780000 +00:00
e219876c3bac,Pioneiros,5002704.0,50,2022-05-26 00:18:04.1610000 +00:00,2022-05-26 00:18:54.2920000 +00:00
90e3550ca511,Gramame,2507507.0,25,2025-01-03 12:44:54.7730000 +00:00,2025-01-03 12:45:08.8400000 +00:00
b45a7bcf4b32,Santa Rita,5008305.0,50,2024-01-04 22:01:29.7740000 +00:00,2024-05-30 21:51:42.9370000 +00:00
d6bf5c19978e,Conjunto Habitacional Izidro Pedroso,5003702.0,50,2021-07-09 03:36:17.9940000 +00:00,2021-07-09 03:37:11.8440000 +00:00
b4ba4138761e,Nova Serrana,5002704.0,50,2021-01-25 19:50:58.3280000 +00:00,2021-01-25 19:50:58.3280000 +00:00
2011e3a596fe,Parque do Sol,5002704.0,50,2025-02-03 07:32:49.2890000 +00:00,2025-02-03 07:32:49.2890000 +00:00
e4caddee7b18,Cristo Redentor,2507507.0,25,2025-06-12 13:55:52.4850000 +00:00,2025-10-02 14:44:31.4670000 +00:00
02920b0c50f9,Jardim Tijuca,5002704.0,50,2024-06-13 03:13:15.5840000 +00:00,2024-06-13 03:13:15.5840000 +00:00
6b2b33ae3be1,jardim columbia,5002704.0,50,2022-05-09 16:11:33.0600000 +00:00,2022-05-09 16:11:33.0600000 +00:00
f6722ff5b3ee,orlando Viol panorama ,5000609.0,50,2024-02-16 02:30:17.9070000 +00:00,2024-02-16 02:30:17.9070000 +00:00
ceb483ffff13,Morada dos Deuses,5002704.0,50,2024-05-10 11:53:35.7090000 +00:00,2024-05-10 11:53:35.7090000 +00:00
b125855baa9c,jardim Brasília ,5006309.0,50,2024-05-10 01:45:37.6090000 +00:00,2024-05-10 01:45:37.6090000 +00:00
e19d4de0c4d0,Los Angeles,5002704.0,50,2024-08-27 12:00:09.3200000 +00:00,2024-08-27 12:00:09.3200000 +00:00
6ea4d28ae715,Vila Palmira,5002704.0,50,2022-09-21 13:06:17.7950000 +00:00,2022-09-21 13:06:20.7610000 +00:00
24a5ca554f8c,Jiboia Branca,1500800.0,15,2022-08-18 19:19:24.5940000 +00:00,2022-08-18 19:19:24.5940000 +00:00
1395f832027a,Jardim Itália,5002704.0,50,2020-04-28 02:51:43.1530000 +00:00,2020-04-28 02:52:36.2060000 +00:00
dfefdaa8ecba,Jardim Alvorada,5003306.0,50,2023-01-25 13:38:40.3320000 +00:00,2023-01-25 13:38:40.3320000 +00:00
bb09c8bf81d2,Rancho Alegre III,5002704.0,50,2021-09-02 03:27:06.9990000 +00:00,2021-12-06 13:49:11.0030000 +00:00
b52c51aa0814,POLO EMPRESARIAL ,5002951.0,50,2024-08-29 20:05:41.3650000 +00:00,2024-08-29 20:05:41.3650000 +00:00
f1806e6462ce,Flor do cerrado ,5003256.0,50,2023-08-25 01:15:47.1090000 +00:00,2023-08-25 01:15:47.1090000 +00:00
122f2a028a0e,Residencial Oiti,5002704.0,50,2021-07-10 01:31:03.1860000 +00:00,2021-07-10 01:31:09.1960000 +00:00
3b53019182c6,Jardim Anache,5002704.0,50,2025-03-24 01:13:31.4790000 +00:00,2025-03-24 01:13:31.4790000 +00:00
f0861f571b31,Parque Residencial Iracy Coelho Netto,5002704.0,50,2024-03-22 15:31:56.9620000 +00:00,2024-03-22 15:31:56.9620000 +00:00
46267bac4d44,Coophatrabalho,5002704.0,50,2024-08-04 02:53:38.9370000 +00:00,2024-08-04 02:53:38.9370000 +00:00
f715815bb245,Los Angeles,5002704.0,50,2025-03-22 01:29:22.3070000 +00:00,2025-03-22 01:32:46.4000000 +00:00
543136927950,Vila Carlota,5002704.0,50,2023-04-26 17:50:38.9150000 +00:00,2023-04-26 17:50:38.9150000 +00:00
73517d9af50c,Residencial Ponta Porã II,5006606.0,50,2021-07-03 12:32:41.0240000 +00:00,2021-07-03 12:32:41.0240000 +00:00
b5a36a5a8586,Previsul,5003207.0,50,2026-04-12 12:29:54.0700000 +00:00,2026-04-12 12:29:54.0700000 +00:00
2fa75b55d789,São Francisco,5002704.0,50,2026-03-11 16:29:45.1450000 +00:00,2026-03-11 16:29:45.1450000 +00:00
76846f79f6c5,Vila Nogueira,5002704.0,50,2024-05-06 13:08:22.3710000 +00:00,2024-05-06 13:08:22.3710000 +00:00
eb0c91977a3d,Coronel Antonino,5002704.0,50,2024-09-25 13:20:05.4070000 +00:00,2024-09-25 13:20:05.4070000 +00:00
4dc1d0125a47,Vila Rica,5002704.0,50,2020-11-08 15:42:24.4450000 +00:00,2020-11-08 15:42:24.4450000 +00:00
b9819ac502ac,Senhor divino ,5003306.0,50,2025-02-01 01:19:13.2730000 +00:00,2025-02-01 01:19:13.2730000 +00:00
89fd029e6957,Bosque das Araras,5002704.0,50,2021-03-17 15:31:32.8930000 +00:00,2021-03-17 15:31:32.8930000 +00:00
ca70c755d6a8,Vila Cidade Morena,5002704.0,50,2020-11-28 05:52:13.2480000 +00:00,2020-11-28 05:52:13.2480000 +00:00
f6e6979ff784,Jardim Samambaia,5002704.0,50,2020-05-16 17:27:45.3320000 +00:00,2020-05-16 17:27:45.3320000 +00:00
650282db3f7e,Interlagos,5008305.0,50,2025-05-21 12:30:52.5780000 +00:00,2025-05-21 12:30:52.5780000 +00:00
e6988ff0e5c3,Vila Manoel Taveira,5002704.0,50,2023-09-15 02:44:52.3700000 +00:00,2023-09-15 02:45:08.6140000 +00:00
185bee404df2,Jardim Centro Oeste,5002704.0,50,2021-06-14 15:34:32.9500000 +00:00,2021-06-14 15:36:30.7330000 +00:00
8f0b9da5875d,Coronel Antonino,5002704.0,50,2022-11-15 18:49:50.8640000 +00:00,2022-11-15 18:49:50.8640000 +00:00
729ef879d2cf,jardim das Paineiras,5008305.0,50,2021-03-02 07:54:23.8780000 +00:00,2021-03-02 07:54:23.8780000 +00:00
0309e4dbfab5,Flamboyant ,5002951.0,50,2021-07-07 12:51:17.4810000 +00:00,2021-07-07 12:51:17.4810000 +00:00
3769b6fbb820,Vila Moreninha II,5002704.0,50,2024-01-15 22:28:19.4760000 +00:00,2024-01-15 22:28:26.1990000 +00:00
a670d77fceb7,Águas Lindas,1500800.0,15,2026-05-27 14:01:10.7090000 +00:00,2026-05-27 14:01:42.1470000 +00:00
97082a093ea1,Vila Anahy,5002704.0,50,2024-01-08 18:47:45.0720000 +00:00,2024-01-08 18:47:45.0720000 +00:00
e39541c69567,Vila Andrade,3550308.0,35,2023-10-05 15:08:57.8560000 +00:00,2023-10-05 15:08:57.8560000 +00:00
dc6581486ec9,Bairro Seminário,5002704.0,50,2023-03-06 19:21:16.4420000 +00:00,2024-07-03 02:18:16.8370000 +00:00
f87e577aabfd,Centro,5001508.0,50,2023-01-20 20:49:12.4370000 +00:00,2023-01-20 20:49:12.4370000 +00:00
07e97e8c63bc,Centro,5003207.0,50,2021-07-24 13:09:57.1500000 +00:00,2021-09-28 11:17:31.6200000 +00:00
82e25734d63c,Jardim Canguru,5002704.0,50,2024-10-05 02:21:18.8850000 +00:00,2024-10-05 02:21:33.4790000 +00:00
910e13f0127a,Parque Residencial Pelicano,5003702.0,50,2024-12-03 22:31:28.6690000 +00:00,2024-12-03 22:31:28.6690000 +00:00
2e421b7c606d,Guanandi,5002704.0,50,2020-05-04 15:24:43.2910000 +00:00,2020-05-04 15:24:43.2910000 +00:00
2bca9a790577,Jardim Climax,5003702.0,50,2021-12-09 12:57:59.0020000 +00:00,2022-02-14 20:52:49.8230000 +00:00
acd22ed6f26f,Vila Nova Campo Grande,5002704.0,50,2021-01-04 12:00:57.0450000 +00:00,2021-01-04 12:01:03.3700000 +00:00
94e34313d674,Parque do Lageado,5002704.0,50,2023-11-15 15:47:46.8290000 +00:00,2023-11-15 15:47:46.8290000 +00:00
8c4b683c3b67,Parque Residencial Rita Vieira,5002704.0,50,2024-04-24 14:46:24.3080000 +00:00,2024-04-24 14:46:24.3080000 +00:00
899c0adc2a49,Jardim das Violetas,5008305.0,50,2026-04-02 08:28:46.7280000 +00:00,2026-04-02 08:28:46.7280000 +00:00
605958eacfa7,Primo Maffissoni,5007695.0,50,2025-04-24 13:53:59.7810000 +00:00,2025-04-24 13:54:40.4090000 +00:00
62c27285ea36,São Marcos,4209102.0,42,2025-02-20 18:39:32.1250000 +00:00,2025-02-20 18:39:32.1250000 +00:00
c6576c6ee2c3,Conjunto Aero Rancho,5002704.0,50,2024-02-11 02:40:05.0430000 +00:00,2024-05-31 16:00:43.7680000 +00:00
483a1a6bf245,Vila São Jorge da Lagoa,5002704.0,50,2023-06-23 12:08:42.7010000 +00:00,2023-06-23 12:08:42.7010000 +00:00
112732e8d475,imperial 1,1500800.0,15,2025-06-10 17:56:05.7780000 +00:00,2025-06-10 17:59:11.1610000 +00:00
1e83f5530d60,Vila Ubiratan,5003702.0,50,2025-03-26 22:20:34.0850000 +00:00,2025-03-26 22:20:34.0850000 +00:00
9d98e1d8d5d6,Vila Donária ,5002209.0,50,2021-08-26 14:46:42.5580000 +00:00,2021-08-26 14:46:42.5580000 +00:00
6f38ef2fd710,capilé ,5006200.0,50,2024-07-31 03:38:08.8930000 +00:00,2024-07-31 03:38:08.8930000 +00:00
4453723ea070,Residencial Terra Morena,5002704.0,50,2022-07-12 19:38:16.1430000 +00:00,2022-07-12 19:38:16.1430000 +00:00
659a73aa713b,Maria Leite,5003207.0,50,2023-07-12 19:52:09.0080000 +00:00,2023-07-12 19:52:09.0080000 +00:00
c23426f75e03,Rincão da Madalena,4309209.0,43,2021-02-17 17:25:02.8010000 +00:00,2021-02-17 17:25:02.8010000 +00:00
83f599efc591,São Vicente ,5002902.0,50,2022-12-20 20:00:14.4000000 +00:00,2022-12-20 20:00:14.4000000 +00:00
4fc5cfa8fe92,Maria do rosário ,5005608.0,50,2026-07-01 20:44:05.2470000 +00:00,2026-07-01 20:44:05.2470000 +00:00
cad37b03a0bb,Jardim Syria Rasselen,5003702.0,50,2022-10-26 11:58:41.1670000 +00:00,2022-10-26 11:58:58.1880000 +00:00
503af8793210,Centro,5003207.0,50,2026-02-02 00:08:46.9500000 +00:00,2026-02-02 00:08:46.9500000 +00:00
180d6ed4dca1,Cristo Redentor,5003207.0,50,2024-05-05 14:15:47.0670000 +00:00,2024-05-05 14:15:47.0670000 +00:00
e42f20fa43ae,Jardim Brasília ,5006309.0,50,2021-08-31 20:40:02.9960000 +00:00,2021-08-31 20:40:02.9960000 +00:00
2ef77e67b7d9,ZONA RURAL,5001904.0,50,2025-05-12 16:31:40.7430000 +00:00,2025-05-12 16:32:49.6950000 +00:00
96005cc7868a,Jardim Tijuca,5002704.0,50,2022-06-04 15:41:12.2200000 +00:00,2022-06-04 15:41:12.2200000 +00:00
6cb72c2482a3,Jardim Santa Emília,5002704.0,50,2025-04-01 19:53:58.0730000 +00:00,2025-04-01 19:53:58.0730000 +00:00
439e61f0edb8,Jardim Ouro Verde,5005806.0,50,2024-01-23 23:09:40.3280000 +00:00,2024-01-23 23:09:40.3280000 +00:00
96a13a04d03c,Jardim dos Estados,5002704.0,50,2022-11-13 07:23:32.1030000 +00:00,2022-11-13 07:23:36.2360000 +00:00
cc7a3f9edfc0,Ipê Branco ,5006309.0,50,2022-07-14 13:15:07.7710000 +00:00,2022-07-14 13:15:07.7710000 +00:00
18ab41fab06d,Nossa Senhora Aparecida ,5005251.0,50,2023-06-28 20:20:54.1810000 +00:00,2023-06-28 20:20:54.1810000 +00:00
5414f83dc0cb,Vila Santa Luzia,5002704.0,50,2022-06-17 13:54:07.0260000 +00:00,2022-06-17 13:54:22.6280000 +00:00
b2311dae72ee,Vila Neuza,5002704.0,50,2022-10-06 21:37:22.3300000 +00:00,2022-10-06 21:37:37.6020000 +00:00
c22a5e962089,Jardim Centenário,5002704.0,50,2024-03-06 16:53:40.8520000 +00:00,2024-03-06 16:53:44.2770000 +00:00
26b1a8eaa01e,Parque São Carlos,5008305.0,50,2024-04-09 02:01:33.5810000 +00:00,2024-04-09 02:01:33.5810000 +00:00
7097c89e75b7,Conjunto Inacinha Rocha,5005400.0,50,2026-03-29 13:14:43.9400000 +00:00,2026-03-29 13:15:18.6330000 +00:00
477a3186c9c6,Residencial Novo Seminário,5002704.0,50,2026-02-01 23:48:52.3580000 +00:00,2026-02-01 23:48:52.3580000 +00:00
1aaa86f2d71b,Guanandi,5002704.0,50,2024-11-12 10:42:03.6720000 +00:00,2024-11-12 17:10:40.7720000 +00:00
40e8ce68ec1a,Jardim das Macaúbas,5002704.0,50,2024-05-30 15:14:23.5520000 +00:00,2024-05-30 15:14:23.5520000 +00:00
a311b689ed5e,Loteamento Itapitan II,5003702.0,50,2020-05-19 22:46:39.1710000 +00:00,2021-08-12 17:01:44.5650000 +00:00
d92c0a426417,centro,5004601.0,50,2024-08-08 22:37:36.1970000 +00:00,2024-08-08 22:37:36.1970000 +00:00
b12b97986aa8,Parque Residencial Rita Vieira,5002704.0,50,2025-07-12 14:31:58.3980000 +00:00,2025-07-12 14:31:58.3980000 +00:00
38e0ae22bb03,Nova Rio Brilhante,5007208.0,50,2022-02-09 19:42:08.7970000 +00:00,2022-02-09 19:42:17.7280000 +00:00
733efa208aa5,Vila Bandeirante,5002704.0,50,2024-12-01 03:21:08.8700000 +00:00,2024-12-01 03:21:08.8700000 +00:00
68ba04cc8c86,Jardim Nova Ipanema,5008305.0,50,2026-07-08 22:18:35.2760000 +00:00,2026-07-08 22:18:35.2760000 +00:00
0ce25e1bb8f5,Jardim Aero Rancho,5002704.0,50,2025-05-30 20:25:19.9310000 +00:00,2025-05-30 20:25:19.9310000 +00:00
7333115bec41,Vila Nathália,5002704.0,50,2024-05-31 09:37:47.4220000 +00:00,2024-05-31 09:37:47.4220000 +00:00
fcd8b8e85a05,Los Angeles,5002704.0,50,2024-10-28 14:40:53.6890000 +00:00,2024-10-28 14:40:53.6890000 +00:00
214055c60dd6,Afonso Paim ,5000708.0,50,2022-08-09 02:52:27.3280000 +00:00,2024-02-20 05:49:05.1030000 +00:00
aad13ac83a02,Vila Aurora,5003702.0,50,2025-01-28 00:58:57.1300000 +00:00,2025-01-28 00:58:57.1300000 +00:00
33759d88df5f,Jardim Petrópolis,5002704.0,50,2023-09-26 06:13:25.8700000 +00:00,2023-09-26 06:13:25.8700000 +00:00
6f516d41479b,Padre Ernesto Sassida,5003207.0,50,2025-02-24 19:43:41.6330000 +00:00,2025-02-24 19:43:41.6330000 +00:00
bb6501f74a89,Vila Taquarussu,5002704.0,50,2022-03-31 01:04:23.7900000 +00:00,2022-03-31 01:04:23.7900000 +00:00
332f0f120310,Coophamat,5002704.0,50,2026-05-03 03:22:08.5460000 +00:00,2026-05-03 03:22:08.5460000 +00:00
a32dedce779c,Centro,4127700.0,41,2026-05-23 10:29:01.8500000 +00:00,2026-05-23 10:29:01.8500000 +00:00
1cc45edbe25c,centro ,5006903.0,50,2022-06-13 20:47:29.1050000 +00:00,2022-06-13 20:47:29.1050000 +00:00
edb67337aa49,Vila Manoel Taveira,5002704.0,50,2023-03-24 21:56:36.6520000 +00:00,2023-03-24 21:56:36.6520000 +00:00
4ed5e5452857,Conjunto Residencial Nova Olinda,5002704.0,50,2024-02-01 15:56:54.9190000 +00:00,2024-02-01 15:56:54.9190000 +00:00
92c26d57668f,Icuí-Guajará,1500800.0,15,2023-03-21 00:21:00.4650000 +00:00,2023-03-21 00:21:00.4650000 +00:00
82965547ee66,Universitário,5003207.0,50,2021-03-31 18:25:59.0330000 +00:00,2021-03-31 18:25:59.0330000 +00:00
ba0ad374f14b,Jardim Montevideo ,5002704.0,50,2025-04-15 13:52:51.8020000 +00:00,2025-04-15 13:52:51.8020000 +00:00
06140c5adc8d,Jardim Autonomista,5002704.0,50,2022-05-11 02:55:05.6440000 +00:00,2022-09-08 00:01:10.5450000 +00:00
2ac855c644b1,Monti líbano ,5003702.0,50,2024-09-17 16:10:36.5690000 +00:00,2024-09-17 16:10:36.5690000 +00:00
0ea8ed9a300c,Centro,5008305.0,50,2023-02-17 18:40:33.1490000 +00:00,2023-02-17 18:40:33.1490000 +00:00
362c6dbb7d46,Jibóia Branca,1500800.0,15,2023-05-05 14:29:36.8540000 +00:00,2023-05-05 14:29:54.0760000 +00:00
b37f92bb1a6f,Nova Serrana,5002704.0,50,2023-04-14 04:54:24.2330000 +00:00,2023-04-14 04:54:36.4980000 +00:00
46e76a9eb43b,Santo Eugênio ,5002704.0,50,2024-03-02 22:49:54.1610000 +00:00,2024-03-02 22:49:54.1610000 +00:00
beb02b15726a,Monte Carlo,5002704.0,50,2024-05-20 07:17:47.5600000 +00:00,2024-05-20 07:17:47.5600000 +00:00
cccd4b6c1281,Morada Verde,5002704.0,50,2023-12-17 03:04:28.7510000 +00:00,2023-12-17 03:04:28.7510000 +00:00
713666663a01,Jardim Itália,5003702.0,50,2024-03-01 19:04:59.7940000 +00:00,2024-03-01 19:04:59.7940000 +00:00
739d2f3db692,centro,4313904.0,43,2021-08-10 00:24:44.8710000 +00:00,2021-08-10 00:24:44.8710000 +00:00
8be35ca3a785,Vila Nasser,5002704.0,50,2025-04-30 16:30:42.6860000 +00:00,2025-04-30 16:30:54.0940000 +00:00
7a5301e83afc,Campo Dourado,5003702.0,50,2020-05-19 19:39:27.2920000 +00:00,2025-08-30 15:25:37.0100000 +00:00
370c36a9a354,Cohafaba II Plano,5003702.0,50,2024-05-05 14:15:29.6230000 +00:00,2024-05-05 14:15:29.6230000 +00:00
b9dcbdfac94f,Vila Nova Campo Grande,5002704.0,50,2024-03-23 17:56:43.0010000 +00:00,2024-03-23 17:56:43.0010000 +00:00
b3038bbf7ce5,Jardim Santa Emília,5002704.0,50,2024-11-11 08:41:07.1120000 +00:00,2024-11-11 08:41:28.4720000 +00:00
6524f04a3b83,Universitário,5003207.0,50,2023-04-11 17:44:24.7620000 +00:00,2023-04-11 17:52:03.3870000 +00:00
276d4e4ef585,Conjunto Habitacional Izidro Pedroso,5003702.0,50,2021-12-10 21:29:24.9460000 +00:00,2021-12-10 21:29:24.9460000 +00:00
a311135773a3,Jardim Paulista,5003702.0,50,2024-10-06 18:06:01.5710000 +00:00,2024-10-06 18:06:01.5710000 +00:00
60c61cf0672d,Pioneiros,5002704.0,50,2022-09-13 12:47:33.8370000 +00:00,2022-09-13 12:47:37.0470000 +00:00
b5e7c29e2244,Parque dos Novos Estados,5002704.0,50,2024-03-30 01:56:24.0200000 +00:00,2024-03-30 01:56:24.0200000 +00:00
6c93e7779e04,jardim dos estados ,5007109.0,50,2025-02-20 16:55:08.6260000 +00:00,2025-02-20 16:55:08.6260000 +00:00
cb379b60928c,Parque Alvorada,5003702.0,50,2020-04-29 17:26:26.7200000 +00:00,2020-04-29 17:26:31.6620000 +00:00
5c0eb6942270,Campo Verde,5006200.0,50,2026-08-12 05:28:02.7710000 +00:00,2026-08-12 05:28:24.1510000 +00:00
1a5890c3783e,Jardim Monumento,5002704.0,50,2021-03-04 19:20:00.6340000 +00:00,2021-03-04 19:20:00.6340000 +00:00
0d9826b8cb53,,5002100.0,50,2021-06-24 21:52:03.0160000 +00:00,2021-06-24 21:52:03.0160000 +00:00
21904740456c,Gramame,2507507.0,25,2024-07-15 14:09:57.4990000 +00:00,2024-07-15 14:09:57.4990000 +00:00
ff322e25476c,Centro,5003207.0,50,2025-02-13 20:23:07.7210000 +00:00,2025-02-13 20:23:07.7210000 +00:00
faaba187d88d,Vila São Francisco,5003702.0,50,2021-08-19 20:59:28.1640000 +00:00,2021-08-19 20:59:28.1640000 +00:00
e8d26cb2df31,Bairro da Granja,5006606.0,50,2025-11-06 12:56:57.9360000 +00:00,2025-11-06 12:56:57.9360000 +00:00
6352d5911ffd,Arnaldo Estevão Figueiredo,5002704.0,50,2024-04-01 11:53:39.3760000 +00:00,2024-04-01 11:53:39.3760000 +00:00
8875cc453549,Vila São Jorge da Lagoa,5002704.0,50,2025-09-16 01:37:20.3670000 +00:00,2025-09-16 01:37:20.3670000 +00:00
ba73dff98e40,Flor do Cerrado ,5003256.0,50,2023-08-08 14:29:33.9870000 +00:00,2023-08-08 14:29:33.9870000 +00:00
405e56ec0ea7,vila verde ,1304062.0,13,2025-07-23 02:51:43.8920000 +00:00,2025-07-23 02:51:43.8920000 +00:00
0308e5c8e448,Residencial Bonanza,5003702.0,50,2020-11-27 11:04:00.0130000 +00:00,2020-11-27 11:04:00.0130000 +00:00
6399acb998b3,Maria Aparecida Pedrossian,5002704.0,50,2020-06-19 19:59:06.7080000 +00:00,2020-06-19 19:59:06.7080000 +00:00
4b6e80be4a8f,Vila Nova Campo Grande,5002704.0,50,2020-05-14 11:29:45.9760000 +00:00,2020-05-15 18:49:08.9280000 +00:00
873af6ea3388,Jardim Jockey Club,5002704.0,50,2023-11-24 11:02:00.6140000 +00:00,2023-11-24 11:02:00.6140000 +00:00
bf38b423b0bd,Jardin Veneza ,5005400.0,50,2024-03-17 17:52:31.1730000 +00:00,2024-03-17 17:52:31.1730000 +00:00
47a19fb404ac,Jardim Tijuca,5002704.0,50,2021-08-12 02:52:50.2110000 +00:00,2021-08-12 02:52:50.2110000 +00:00
82e5c88beb63,Caiçara,5002704.0,50,2024-02-07 05:48:33.6500000 +00:00,2024-02-07 05:48:33.6500000 +00:00
6c9ac838dc3e,Vila Ieda,5002704.0,50,2024-06-28 22:13:37.0360000 +00:00,2024-07-04 15:37:27.6710000 +00:00
a99a8b766554,Jardim Guanabara,5006002.0,50,2021-08-25 18:07:16.3240000 +00:00,2021-08-25 18:07:16.3240000 +00:00
128a066ea541,Sobrinho,5002704.0,50,2025-11-19 04:52:30.4550000 +00:00,2025-11-19 04:52:37.7460000 +00:00
31f9f378348b,Alto,5001102.0,50,2024-10-13 21:18:33.1670000 +00:00,2024-10-13 21:18:33.1670000 +00:00
ffd873ebe265,Lages do Batata ,2917508.0,29,2022-12-12 22:36:40.2610000 +00:00,2022-12-12 22:51:57.2040000 +00:00
322d57fd3153,Jardim São Pedro,5003702.0,50,2026-03-02 10:54:13.8430000 +00:00,2026-03-02 10:54:28.1050000 +00:00
bb2f51b858d8,CIDADE NOVA,5001102.0,50,2026-02-21 18:04:48.0470000 +00:00,2026-02-21 18:04:48.0470000 +00:00
2d9af3ffa521,Vila Margarida,5002704.0,50,2024-09-03 22:56:30.5930000 +00:00,2024-09-03 22:56:30.5930000 +00:00
35c919ce35a5,Jardim Centenário,5002704.0,50,2021-08-12 00:23:00.4870000 +00:00,2021-08-12 00:23:09.6580000 +00:00
7188e44d9635,Sitiocas Campina Verde,5003702.0,50,2025-02-13 16:54:55.3300000 +00:00,2025-02-13 16:54:55.3300000 +00:00
614f80134f98,Fazenda Itamarati,5006606.0,50,2025-12-03 00:46:43.2470000 +00:00,2025-12-03 00:46:43.2470000 +00:00
6929ed345097,Cidade Jardim ,5005707.0,50,2025-02-17 12:54:45.7550000 +00:00,2025-02-17 12:54:54.0370000 +00:00
9d84c8d8f78b,Lagoa Park,5002704.0,50,2025-04-09 22:03:06.2870000 +00:00,2025-04-09 22:03:06.2870000 +00:00
b5a606c9752f,Residencial Ponta Porã I,5006606.0,50,2021-07-02 17:00:08.3490000 +00:00,2021-07-02 17:00:08.3490000 +00:00
34c612c63d30,Centro,5002704.0,50,2021-11-18 11:24:00.4790000 +00:00,2021-11-18 11:24:00.4790000 +00:00
7f77efafe3cc,Jardim Atlântico 1 ° etapa ,5214606.0,52,2022-06-08 04:54:24.7350000 +00:00,2022-06-08 04:54:38.1380000 +00:00
b4e288b3b7cf,Vila Nasser,5002704.0,50,2024-04-18 17:46:19.8160000 +00:00,2024-04-18 17:46:19.8160000 +00:00
0f2c6e229dc2,Coophasul,5002704.0,50,2024-02-18 17:13:21.1980000 +00:00,2024-02-18 17:13:21.1980000 +00:00
b0c467520b48,Jardim Flórida,5003702.0,50,2024-01-03 21:16:21.9900000 +00:00,2024-01-03 21:17:41.8900000 +00:00
7701c25cd151,Jardim Parati,5002704.0,50,2020-11-28 23:54:27.4970000 +00:00,2020-11-28 23:54:27.4970000 +00:00
b283ed6600f3,Bairro Esperança ,5002951.0,50,2022-06-14 11:45:53.7650000 +00:00,2022-06-14 11:45:53.7650000 +00:00
cc87fa7d94bd,Jardim Manaíra,5002704.0,50,2025-03-14 17:42:30.2820000 +00:00,2025-03-14 17:42:30.2820000 +00:00
94d9d663bea3,Jardim da Mooca,5002704.0,50,2025-01-27 12:58:30.6040000 +00:00,2025-01-27 12:58:30.6040000 +00:00
89a5ad0ca1fa,Residencial Ana Maria do Couto,5002704.0,50,2025-10-06 15:58:48.7670000 +00:00,2025-10-06 15:58:48.7670000 +00:00
8c0d9cd28b36,Vila Juquita,5005400.0,50,2025-06-19 15:54:03.9880000 +00:00,2026-02-01 22:31:54.0340000 +00:00
b2248a4cc063,Jardim Nova Capital,5002704.0,50,2024-02-06 20:37:14.4870000 +00:00,2024-02-06 20:37:14.4870000 +00:00
e81e05d84c86,classe A,5005707.0,50,2020-11-13 02:55:24.3880000 +00:00,2020-11-13 02:55:24.3880000 +00:00
0c67fe354d73,Santos Dumont,5008305.0,50,2025-01-19 03:14:51.9730000 +00:00,2025-01-19 03:14:51.9730000 +00:00
1bada6fe94ca,Sobrinho,5002704.0,50,2024-01-09 15:38:23.6850000 +00:00,2025-01-09 12:42:57.3340000 +00:00
8433907ee3d1,Jardim São Silvestre,4115200.0,41,2023-04-18 17:14:52.1890000 +00:00,2023-04-18 17:14:52.1890000 +00:00
c416d3cda2b3,Vila Alba,5002704.0,50,2021-11-17 18:53:11.4800000 +00:00,2021-11-17 18:53:43.0290000 +00:00
9ae1d249f35d,Monte Castelo,5002704.0,50,2022-03-30 13:55:42.3500000 +00:00,2022-03-30 13:55:42.3500000 +00:00
849fc0d09a65,Polo Empresarial,5002951.0,50,2026-01-30 22:43:42.7400000 +00:00,2026-01-30 22:43:42.7400000 +00:00
445106e6aab9,Jardim Noroeste,5002704.0,50,2023-05-04 12:46:46.4910000 +00:00,2023-05-04 12:46:46.4910000 +00:00
2bfd7068331a,eco park ll,5005707.0,50,2023-11-24 00:04:14.5270000 +00:00,2023-11-24 00:04:14.5270000 +00:00
068e06975b00,Sol Nascente,5005707.0,50,2021-11-19 01:24:18.3720000 +00:00,2021-11-19 01:24:18.3720000 +00:00
cbcea7ba35b8,Vila Nossa Senhora das Graças,5002704.0,50,2024-04-16 19:56:16.6110000 +00:00,2024-04-16 19:56:16.6110000 +00:00
6d52878858d6,esperança,5002951.0,50,2020-11-17 11:11:09.0700000 +00:00,2020-11-17 11:11:09.0700000 +00:00
369eaeeb480d,Residencial Oliveira,5002704.0,50,2024-03-20 10:30:36.1010000 +00:00,2024-03-20 10:30:36.1010000 +00:00
4ad7a715a9b4,Maracacuera (Icoaraci),1501402.0,15,2024-04-06 12:46:16.6740000 +00:00,2024-04-06 12:46:16.6740000 +00:00
a34a106b1fba,Chácaras Trevo,5003702.0,50,2024-08-13 15:25:39.9020000 +00:00,2024-08-13 15:25:39.9020000 +00:00
639a7ccbb55c,Jardim Guanabara ,5006002.0,50,2024-05-13 17:50:47.1700000 +00:00,2024-05-13 17:50:47.1700000 +00:00
fef144fd78de,Vila Alba,5002704.0,50,2024-06-18 11:45:10.2650000 +00:00,2024-06-18 11:45:10.2650000 +00:00
bac57771a54b,Palhada,3303500.0,33,2024-04-24 16:26:04.0890000 +00:00,2024-04-24 16:26:04.0890000 +00:00
0587a4aafc5e,Vila Nova Campo Grande,5002704.0,50,2023-10-22 20:09:12.5970000 +00:00,2023-10-22 20:09:12.5970000 +00:00
c8369218aa3b,Jardim Água Boa,5003702.0,50,2024-01-30 13:07:07.2410000 +00:00,2024-01-30 13:07:07.2410000 +00:00
63e367c13dd2,Coophavila II,5002704.0,50,2022-03-28 13:47:34.5040000 +00:00,2022-03-28 13:47:34.5040000 +00:00
7dfbbbbb3e07,Parque Alvorada,5003702.0,50,2022-04-07 14:30:41.4540000 +00:00,2022-04-07 14:30:41.4540000 +00:00
b601202bccf8,Residencial dos Ipês,5000609.0,50,2025-09-15 00:03:39.8620000 +00:00,2025-09-15 00:03:52.3750000 +00:00
e596d33c2646,Jardim do Zé Pereira,5002704.0,50,2024-12-03 23:22:40.5640000 +00:00,2024-12-03 23:23:16.7700000 +00:00
d8a8db763cc7,Los Angeles,5002704.0,50,2026-03-11 01:42:52.2450000 +00:00,2026-03-11 01:42:52.2450000 +00:00
0977ca58850a,Altiplano Cabo Branco,2507507.0,25,2024-07-09 02:55:07.9270000 +00:00,2024-07-09 02:55:07.9270000 +00:00
218e943e1d07,Jardim Santa Maria,5003702.0,50,2024-10-21 15:18:02.4930000 +00:00,2024-10-21 15:18:02.4930000 +00:00
6d343aabd9bc,Jardim Petrópolis,5002704.0,50,2020-05-06 23:20:00.1960000 +00:00,2021-04-01 22:45:09.4690000 +00:00
8487ba9b64f8,Jardim Centro Oeste,5002704.0,50,2024-06-22 01:28:21.8630000 +00:00,2024-06-22 01:28:21.8630000 +00:00
414be4678732,Jardim TV Morena,5002704.0,50,2025-01-18 18:13:01.3690000 +00:00,2025-01-18 18:13:01.3690000 +00:00
3306ef433a31,Jardim Itamaracá,5002704.0,50,2025-09-10 00:18:36.0430000 +00:00,2025-09-10 00:18:36.0430000 +00:00
67f38e46541f,Vila Piratininga,5002704.0,50,2025-03-11 00:59:16.1850000 +00:00,2025-03-11 00:59:16.1850000 +00:00
9de65e156871,Vila Taveirópolis,5002704.0,50,2020-04-29 20:15:15.0450000 +00:00,2020-04-29 20:15:15.0450000 +00:00
8eafbc75e668,Parque Residencial Rita Vieira,5002704.0,50,2026-05-19 21:27:01.1860000 +00:00,2026-05-19 21:27:01.1860000 +00:00
27e7d145c039,Vila Santo Eugênio,5002704.0,50,2024-02-25 11:21:58.6080000 +00:00,2024-02-25 11:21:58.6080000 +00:00
214968307b87,Parque Residencial Iracy Coelho Netto,5002704.0,50,2024-06-25 19:46:09.5210000 +00:00,2024-06-25 19:46:42.9680000 +00:00
e19be523a652,Vila Duque de Caxias,5002704.0,50,2026-06-22 20:22:38.9180000 +00:00,2026-06-22 20:32:35.1520000 +00:00
e54e9cc28341,vila Marques,5001243.0,50,2025-02-28 20:36:54.8240000 +00:00,2025-02-28 20:39:14.5950000 +00:00
7749a09e5f66,Mata do Jacinto,5002704.0,50,2020-08-17 16:27:28.4430000 +00:00,2020-08-17 16:27:28.4430000 +00:00
ea8a17feff04,JARDIM TIJUCA,5002704.0,50,2024-03-07 14:35:47.0000000 +00:00,2024-03-07 14:35:47.0000000 +00:00
65a8313cc787,Vila Planalto,5002704.0,50,2021-08-11 16:35:49.7840000 +00:00,2021-08-11 16:35:49.7840000 +00:00
d6c4d8ef0c8f,Conjunto Habitacional Terenos,5008008.0,50,2025-12-03 14:04:39.7600000 +00:00,2025-12-03 14:04:39.7600000 +00:00
cba0954521ac,Residencial Eco Park,5005707.0,50,2020-04-29 16:04:01.0420000 +00:00,2026-06-23 12:04:05.9470000 +00:00
a9696f944994,Parque Residencial Rita Vieira,5002704.0,50,2024-01-30 16:55:17.4910000 +00:00,2024-01-30 16:55:17.4910000 +00:00
25fa8ce39123,Beirute Residence Park,5002704.0,50,2026-02-27 22:35:21.1500000 +00:00,2026-02-27 22:35:21.1500000 +00:00
ab13184bd1d0,Centro,3518800.0,35,2021-10-20 21:56:58.2570000 +00:00,2021-10-20 21:58:25.1040000 +00:00
53456535a3f6,São Francisco ,5001904.0,50,2025-07-13 21:56:48.4980000 +00:00,2025-07-13 21:56:48.4980000 +00:00
eae2545de722,Residencial Terra Morena,5002704.0,50,2022-08-05 15:02:25.4290000 +00:00,2022-08-05 15:02:48.7690000 +00:00
3f644b097b88,Vila Miguel Couto,5002704.0,50,2024-05-26 19:21:54.8080000 +00:00,2024-05-26 19:35:02.5940000 +00:00
e33de9ad71bf,Jardim Água Boa,5003702.0,50,2021-07-07 14:17:13.3850000 +00:00,2021-07-07 14:18:57.1380000 +00:00
64645a7682e6,Lagoa dourada ,5003306.0,50,2022-06-12 18:15:30.9780000 +00:00,2022-06-12 18:15:30.9780000 +00:00
9fabd84ea527,Núcleo Habitacional Buriti,5002704.0,50,2021-04-16 14:12:47.8380000 +00:00,2021-04-16 14:12:47.8380000 +00:00
74530065596b,Parque Residencial Rita Vieira,5002704.0,50,2022-12-07 11:49:43.2160000 +00:00,2022-12-07 11:49:43.2160000 +00:00
7e6578fcc065,Jardim Nashville,5002704.0,50,2024-02-29 17:45:03.0720000 +00:00,2024-02-29 17:45:03.0720000 +00:00
dd6b172b7b56,Vila Cachoeirinha,5003702.0,50,2021-09-23 01:44:15.0820000 +00:00,2021-09-23 01:44:15.0820000 +00:00
f1d0c0f9fd13,Residencial Oliveira,5002704.0,50,2021-08-12 13:38:17.5810000 +00:00,2021-08-12 13:38:17.5810000 +00:00
33e2f39a17db,Jardim Parati,5002704.0,50,2025-03-11 00:50:18.8390000 +00:00,2025-12-02 19:52:44.2650000 +00:00
528459bf87f3,Nova Lima,5002704.0,50,2024-11-19 20:24:04.8830000 +00:00,2024-11-19 20:24:04.8830000 +00:00
cec7aa5ecf7e,Monte Castelo,5002704.0,50,2024-07-19 19:09:20.9380000 +00:00,2024-07-19 19:09:20.9380000 +00:00
885697108038,Jardim Leblon,5002704.0,50,2026-06-02 14:06:14.4130000 +00:00,2026-06-02 14:06:14.4130000 +00:00
a670bf8c55d6,Vila Operária,5006200.0,50,2024-07-31 03:24:55.5940000 +00:00,2026-08-01 13:27:22.6410000 +00:00
a14c3a4b385a,Jardim Uirapuru,5002704.0,50,2026-03-28 05:40:55.6390000 +00:00,2026-03-28 19:23:12.0560000 +00:00
21c14cc02db7,Jardim das Violetas,5008305.0,50,2022-11-17 19:09:50.0380000 +00:00,2022-11-17 19:11:35.1690000 +00:00
dd1185c633dd,Jardim Jacy,5002704.0,50,2020-06-26 19:01:21.6060000 +00:00,2020-06-26 19:01:21.6060000 +00:00
f7a4d94a8e1e,leblon,5002704.0,50,2026-03-26 05:34:37.7490000 +00:00,2026-03-26 05:34:37.7490000 +00:00
d0c3434b6591,Jardim Sayonara,5002704.0,50,2022-06-27 15:37:31.6520000 +00:00,2022-06-29 17:24:13.2850000 +00:00
d74bc5fa6d8f,,5005251.0,50,2021-02-11 20:35:55.8210000 +00:00,2021-02-11 20:35:55.8210000 +00:00
254ca501cd18,vila nova ,5006358.0,50,2024-10-27 02:53:03.7980000 +00:00,2024-10-27 02:53:03.7980000 +00:00
60a88bd08ffe,Jardim Noroeste,5002704.0,50,2020-04-28 02:42:27.7430000 +00:00,2020-04-28 02:42:56.6510000 +00:00
e933f5d15ec8,Jardim São Pedro,5003702.0,50,2023-05-10 14:32:46.9780000 +00:00,2023-05-10 14:32:46.9780000 +00:00
f3f094a4d908,Parque do Lageado,5002704.0,50,2024-09-03 21:34:15.0440000 +00:00,2024-09-03 21:35:19.0710000 +00:00
6e214c6dc3de,Jd Portinari ,5005707.0,50,2024-06-01 16:00:59.0880000 +00:00,2024-06-01 16:01:04.6410000 +00:00
8e29140cedaa,senhor divino ,5003306.0,50,2022-04-12 00:09:09.4180000 +00:00,2022-04-12 00:09:09.4180000 +00:00
a065f6091867,Jardim Itália,5003702.0,50,2025-10-16 18:59:56.3680000 +00:00,2025-10-16 18:59:56.3680000 +00:00
dc8e3b8bffa1,,5002704.0,50,2022-03-24 16:23:38.0080000 +00:00,2022-03-24 16:23:38.0080000 +00:00
f529a1f5a6fd,Mata do Segredo,5002704.0,50,2023-12-31 19:47:29.5840000 +00:00,2023-12-31 19:47:29.5840000 +00:00
7a73f0f9692f,Residencial Terra Morena,5002704.0,50,2025-01-24 02:04:47.7780000 +00:00,2025-01-24 02:04:47.7780000 +00:00
5f6c1e9ce118,Jardim Flórida,5003702.0,50,2024-04-04 20:30:59.2810000 +00:00,2024-04-04 20:30:59.2810000 +00:00
e92254d40019,Vila Rosali,3305109.0,33,2026-03-24 14:42:03.1510000 +00:00,2026-03-24 14:42:03.1510000 +00:00
21fbfc5e3a0d,Jd dos Estados,5003306.0,50,2025-06-09 11:46:13.8710000 +00:00,2025-06-09 11:46:13.8710000 +00:00
a4335caf7957,Celina Gonçalves ,5006200.0,50,2022-02-02 15:09:24.1140000 +00:00,2023-04-16 17:24:39.6210000 +00:00
a9476b6188de,Guanabara,1500800.0,15,2022-03-16 16:30:00.5020000 +00:00,2022-03-16 16:30:00.5020000 +00:00
03c3df4bd3df,Jardim Itaipú,5003702.0,50,2021-08-26 00:53:50.0280000 +00:00,2021-08-26 00:53:50.0280000 +00:00
78bdcff15db3,Vila Margarida,5002704.0,50,2021-09-29 18:33:03.2580000 +00:00,2021-09-29 18:33:03.2580000 +00:00
c7be05cf43ee,Monte Castelo,5002704.0,50,2023-11-13 15:40:16.0570000 +00:00,2023-11-13 15:40:16.0570000 +00:00
5120b0ff010a,Vila Carlota,5002704.0,50,2024-09-30 14:48:14.9220000 +00:00,2024-09-30 14:48:14.9220000 +00:00
8d13913df55a,Jardim Maracanã,5003702.0,50,2021-08-15 23:41:55.1360000 +00:00,2021-08-15 23:41:55.1360000 +00:00
1d66f15a0ba4,América 3 ,5001904.0,50,2026-08-09 09:29:08.4410000 +00:00,2026-08-09 09:29:08.4410000 +00:00
13cf83c93ccd,Fazenda Itamarati,5006606.0,50,2024-05-07 18:33:51.2700000 +00:00,2024-05-07 18:34:43.5680000 +00:00
86c887f233e2,Giazone Olegário de Lima,5005400.0,50,2026-08-10 00:32:00.7570000 +00:00,2026-08-10 00:32:08.2890000 +00:00
6fab5b4c6878,horto florestal,5006200.0,50,2025-01-07 19:41:39.5810000 +00:00,2025-01-07 19:41:39.5810000 +00:00
0b86c651b8c9,Rincão Bonito ,5002209.0,50,2020-04-27 20:48:02.9890000 +00:00,2020-04-27 20:48:03.0360000 +00:00
5ff9ab252ab5,Parque Isabel Garden's,5002704.0,50,2021-08-22 20:47:05.1800000 +00:00,2021-08-22 20:47:05.1800000 +00:00
095536e78af1,Jardim Guanabara,5003702.0,50,2022-07-01 23:08:19.8040000 +00:00,2022-07-01 23:08:19.8040000 +00:00
e9f6fcffa52a,Jardim Canguru,5002704.0,50,2023-02-09 12:05:43.2570000 +00:00,2023-02-09 12:05:43.2570000 +00:00
4036ee7205cd,Jardim Tarumã,5002704.0,50,2024-05-20 15:40:59.3790000 +00:00,2024-05-20 15:40:59.3790000 +00:00
3f5fc866a794,Vila Nova Campo Grande,5002704.0,50,2023-10-30 17:55:39.7350000 +00:00,2023-10-30 17:55:39.7350000 +00:00
b5228df4e9b3,Jd. Imperial,5006309.0,50,2023-10-23 21:44:48.6710000 +00:00,2023-10-23 21:44:48.6710000 +00:00
0359b1daba9f,Jardim TV Morena,5002704.0,50,2026-04-08 02:11:58.2460000 +00:00,2026-04-08 02:11:58.2460000 +00:00
f655624acd05,Jardim Carioca,5002704.0,50,2022-06-19 15:17:14.3350000 +00:00,2023-02-22 02:30:03.4780000 +00:00
40cec2ea5efe,Jardim dos Eucaliptos,5003702.0,50,2025-02-15 11:58:55.5250000 +00:00,2025-12-16 14:44:11.1220000 +00:00
1c7db6de8bf2,Amambaí,5002704.0,50,2025-04-27 22:39:58.7950000 +00:00,2025-04-27 22:39:58.7950000 +00:00
136c1475377d,Nova Serrana,5002704.0,50,2025-12-31 04:45:05.2570000 +00:00,2025-12-31 04:45:13.9460000 +00:00
a2678a3ed8a9,Jardim Monte Alegre,5002704.0,50,2024-01-30 03:38:59.2750000 +00:00,2024-01-30 03:38:59.2750000 +00:00
3771413a6495,Jardim Monumento,5002704.0,50,2020-06-01 12:26:52.7840000 +00:00,2020-06-01 12:26:52.7840000 +00:00
48e603618363,Centro,5006606.0,50,2021-07-02 16:55:36.3870000 +00:00,2021-07-02 16:55:36.3870000 +00:00
fbf94c6a0201,Jardim Noroeste,5002704.0,50,2020-04-30 02:29:10.6180000 +00:00,2020-04-30 02:29:10.6180000 +00:00
2b1ba7d9b04d,Jardim Zélia,3523107.0,35,2024-06-22 23:44:47.7710000 +00:00,2024-06-22 23:44:47.7710000 +00:00
6dd9728b705e,Aldeia Jaguapiru,5003702.0,50,2025-01-03 16:31:47.3030000 +00:00,2025-01-03 16:33:33.0810000 +00:00
87972c29b5e3,Jardim Pio XII,4104303.0,41,2024-11-21 16:01:00.5770000 +00:00,2024-11-21 16:01:00.5770000 +00:00
c7dc1b7b6107,Vila Anahy,5002704.0,50,2024-05-11 01:12:30.2120000 +00:00,2024-05-11 01:12:30.2120000 +00:00
5a9fd3c85c0d,vila pinheiro ,5001102.0,50,2025-02-14 16:38:11.9660000 +00:00,2025-02-14 16:38:14.6630000 +00:00
99fe0c97b7e6,Jardim dos Estados,5003702.0,50,2026-05-24 11:50:34.1630000 +00:00,2026-05-24 11:50:34.1630000 +00:00
1999c63bdee6,Vila Albuquerque,5002704.0,50,2023-03-07 10:26:57.5560000 +00:00,2023-03-07 10:26:57.5560000 +00:00
e637940b109b,Vila Aimoré,5002704.0,50,2023-09-01 12:50:53.4680000 +00:00,2023-09-01 12:51:12.9170000 +00:00
173c2d6c30b9,Jardim São Pedro,5003702.0,50,2021-05-27 13:36:20.1170000 +00:00,2021-05-27 13:36:20.1170000 +00:00
ab1d03ce6e89,Jardim Rasslem,5003702.0,50,2025-02-07 05:49:18.1570000 +00:00,2025-02-07 05:49:18.1570000 +00:00
699066384a4a,Centro,5002704.0,50,2024-02-28 00:41:24.3470000 +00:00,2024-02-28 00:41:24.3470000 +00:00
eba7418a08e0,Cassiano Marcelo ,5000609.0,50,2025-12-12 14:16:36.2240000 +00:00,2025-12-12 14:16:36.2240000 +00:00
2f0e825e1b02,Jardim Parati,5002704.0,50,2026-01-03 09:52:15.3460000 +00:00,2026-01-03 09:52:15.3460000 +00:00
8bb4db4fbdfd,Núcleo Habitacional Buriti,5002704.0,50,2021-01-29 18:47:04.0070000 +00:00,2021-01-29 18:47:04.0070000 +00:00
aad9517ac3b6,Jardim Aero Rancho,5002704.0,50,2021-03-30 03:18:04.0780000 +00:00,2021-03-30 03:18:04.0780000 +00:00
deae1f82f6cc,Jardim Tijuca,5002704.0,50,2025-09-26 16:58:38.9630000 +00:00,2025-09-26 16:58:38.9630000 +00:00
8bb5bb64602d,centro,5003801.0,50,2021-08-24 00:11:02.1990000 +00:00,2021-08-24 00:11:02.1990000 +00:00
e20485e5d173,Centro,5006200.0,50,2021-07-09 20:01:11.5160000 +00:00,2021-07-09 20:02:00.6240000 +00:00
4f56c52e7436,Jardim Vida Nova,5002704.0,50,2025-01-11 21:41:12.1750000 +00:00,2025-01-11 21:41:12.1750000 +00:00
3e69400c7b9f,Vila salomé,5006309.0,50,2022-07-24 14:23:26.7910000 +00:00,2022-07-24 14:23:39.3200000 +00:00
73ce4212a80c,Aeroporto,5003207.0,50,2021-06-28 15:25:23.0150000 +00:00,2021-06-28 15:25:23.0150000 +00:00
c0ed6474fa9f,Jardim progresso ,5005707.0,50,2022-10-12 19:59:39.9980000 +00:00,2022-10-12 19:59:39.9980000 +00:00
f649c675893c,Portal do Parque,5006200.0,50,2022-06-08 23:39:59.3400000 +00:00,2022-06-08 23:39:59.3400000 +00:00
059b72f7aa7a,Jardim Monumento,5002704.0,50,2020-08-16 20:05:12.1740000 +00:00,2020-08-16 20:05:12.1740000 +00:00
68d23cd27cb0,Conjunto Habitacional Estrela D'Alva II,5002704.0,50,2025-03-13 01:44:23.6450000 +00:00,2025-03-13 01:44:23.6450000 +00:00
d34c9b924123,Nova Tereré ,5007901.0,50,2024-02-04 17:14:08.6410000 +00:00,2024-02-04 17:15:31.5320000 +00:00
f1c1effb2ddc,Vila Santo Eugênio,5002704.0,50,2025-04-28 11:17:35.2950000 +00:00,2025-04-28 11:17:35.2950000 +00:00
1bf345124f23,Jardim Santa Felicidade,5002704.0,50,2020-10-20 19:55:30.4360000 +00:00,2020-10-20 20:02:27.3940000 +00:00
614e3285bb74,Interlagos,5008305.0,50,2021-01-21 14:09:52.7400000 +00:00,2021-01-21 14:10:38.4940000 +00:00
569a934abd38,Ceac,5005202.0,50,2021-01-21 19:44:07.4010000 +00:00,2021-01-21 19:44:07.4010000 +00:00
9e55b83dc2c2,Parque Alvorada,5003702.0,50,2023-08-18 15:36:34.1810000 +00:00,2023-08-18 15:36:34.1810000 +00:00
b0f1a1b6d27f,Carandá Bosque,5002704.0,50,2020-10-19 04:43:35.7640000 +00:00,2020-10-19 04:44:27.8290000 +00:00
72810dbee7f1,Tiradentes,5002704.0,50,2021-01-21 18:59:47.6040000 +00:00,2021-01-21 18:59:47.6040000 +00:00
365f6bd69df6,Aeroporto,5003207.0,50,2024-12-24 03:16:37.3790000 +00:00,2024-12-24 03:16:48.1770000 +00:00
649d36cc2371,Gramame,2507507.0,25,2025-06-04 12:35:37.8510000 +00:00,2025-06-04 12:35:37.8510000 +00:00
5a931b1530bf,Aeroporto,5003207.0,50,2021-06-14 14:46:51.0880000 +00:00,2021-06-14 14:46:51.0880000 +00:00
29f95c186976,Jardim Los Angeles,5002704.0,50,2021-03-15 00:39:21.1060000 +00:00,2021-03-15 00:39:24.4420000 +00:00
986a670e4e21,Vila Industrial,5003702.0,50,2024-02-09 19:46:12.7580000 +00:00,2024-02-09 19:46:12.7580000 +00:00
7f555b94d7a8,Vila Deputado Aral Moreira,5006606.0,50,2021-07-07 12:08:16.6190000 +00:00,2021-07-07 12:08:16.6190000 +00:00
c13a4d748985,Bairro Seminário,5002704.0,50,2024-04-06 15:29:08.5880000 +00:00,2024-04-06 15:29:58.8040000 +00:00
510991dd8cee,Centro Educacional,5006200.0,50,2025-12-23 22:50:12.1620000 +00:00,2025-12-23 22:50:47.5460000 +00:00
1bfa3e0a54fc,Centro,5005707.0,50,2020-10-12 05:30:25.4780000 +00:00,2020-10-12 05:30:25.4780000 +00:00
cf7ea26765d0,Vila Marli,5002704.0,50,2023-02-17 14:11:05.3800000 +00:00,2023-02-17 14:11:36.8540000 +00:00
e1625f70b530,vila ferreira ,5008008.0,50,2024-04-23 22:25:54.5350000 +00:00,2024-04-23 22:25:54.5350000 +00:00
015fef596175,Anhandui,5002704.0,50,2023-08-15 16:48:50.4800000 +00:00,2023-08-15 16:48:50.4800000 +00:00
fd3703f023a2,Jardim das Macaúbas,5002704.0,50,2024-06-18 19:46:04.3840000 +00:00,2024-06-18 19:46:04.3840000 +00:00
9e2307beca4e,Jardim Alvorada,5008305.0,50,2021-08-13 05:03:33.9570000 +00:00,2021-08-13 05:03:33.9570000 +00:00
7e6a23809655,Amambai ,5002704.0,50,2024-08-14 21:44:46.6920000 +00:00,2024-08-14 21:44:46.6920000 +00:00
8d6b484c9062,São Bento ,5007901.0,50,2024-07-29 14:14:29.6010000 +00:00,2024-07-29 14:14:29.6010000 +00:00
bb67251b0c18,Centro,5003801.0,50,2025-09-22 13:19:27.1600000 +00:00,2025-09-22 13:19:27.1600000 +00:00
e8d13a7b335c,Vila Vilas Boas,5002704.0,50,2025-05-28 19:19:51.3860000 +00:00,2025-05-28 19:19:51.3860000 +00:00
525815cc7f6e,Santa Terezinha,5001102.0,50,2020-04-14 23:44:17.8790000 +00:00,2020-04-14 23:44:17.8790000 +00:00
93778cec5226,Vila São Jorge da Lagoa,5002704.0,50,2023-09-05 02:28:56.3240000 +00:00,2023-09-05 02:28:56.3240000 +00:00
cedff3e72a72,Vila Roma II,5003702.0,50,2022-04-22 09:33:19.4120000 +00:00,2022-04-22 09:33:19.4120000 +00:00
77c723fc18c8,São Francisco,5002704.0,50,2022-03-24 04:25:53.3890000 +00:00,2022-03-24 04:25:53.3890000 +00:00
18a0dc5483bc,Vila Santa Luzia,5002704.0,50,2020-04-30 15:34:38.0790000 +00:00,2020-04-30 15:34:38.0790000 +00:00
ac152f38671b,Centro ,5005202.0,50,2022-02-25 21:30:16.1170000 +00:00,2022-02-25 21:30:21.9680000 +00:00
9b5a2b2225b7,Vila Nossa Senhora das Graças,5002704.0,50,2020-10-19 19:30:37.0750000 +00:00,2020-10-19 19:30:37.0750000 +00:00
3619911e1807,Vila Marli,5002704.0,50,2021-08-13 17:17:17.9940000 +00:00,2021-08-13 17:17:23.6260000 +00:00
73c9b6d39669,Residencial Kamel Saad,5006606.0,50,2022-03-19 03:34:34.6920000 +00:00,2022-03-19 03:34:34.6920000 +00:00
2e310e1be02c,Chácaras Trevo,5003702.0,50,2020-04-30 01:36:31.4370000 +00:00,2020-04-30 01:36:47.0990000 +00:00
ba984fdf3ce8,Coophavila II,5002704.0,50,2024-07-21 20:04:15.3810000 +00:00,2024-07-21 20:04:15.3810000 +00:00
98e06085d23c,,5002100.0,50,2024-04-11 11:53:41.8740000 +00:00,2024-04-11 11:53:41.8740000 +00:00
26a2ecfa79dc,Parque Residencial Rita Vieira,5002704.0,50,2024-10-24 15:48:49.3710000 +00:00,2024-10-24 15:48:49.3710000 +00:00
394f248af633,Jardim Flórida,5003702.0,50,2025-10-30 21:05:19.4400000 +00:00,2025-10-30 21:05:19.4400000 +00:00
9a8e353720da,Coronel Antonino,5002704.0,50,2024-02-13 18:29:24.2420000 +00:00,2024-02-13 18:33:11.4000000 +00:00
c3d8b4e64f08,Vila Deputado Aral Moreira,5006606.0,50,2021-07-07 11:53:52.3510000 +00:00,2021-07-07 11:54:40.1510000 +00:00
0f9ec0cb5829,Coophasul,5002704.0,50,2022-10-12 21:12:46.0550000 +00:00,2022-10-12 21:12:46.0550000 +00:00
a5e775308350,Jardim América,5002704.0,50,2025-07-01 04:22:55.5910000 +00:00,2025-07-01 04:23:06.1920000 +00:00
738e6301c695,Jardim Cristhais,5003702.0,50,2022-02-19 22:08:20.1390000 +00:00,2022-02-19 22:08:20.1390000 +00:00
95e9c7069956,Nova Corumbá,5003207.0,50,2024-10-03 21:17:05.4720000 +00:00,2024-10-03 21:17:05.4720000 +00:00
08a7aee460f0,Vila Camisão ,5005004.0,50,2022-11-14 22:38:30.0510000 +00:00,2022-11-14 22:38:30.0510000 +00:00
587b614e7f6c,Vila Aimoré,5002704.0,50,2026-06-07 21:50:38.8840000 +00:00,2026-06-07 21:50:38.8840000 +00:00
5c423c66bbed,Núcleo Habitacional Universitárias,5002704.0,50,2024-10-04 17:46:05.0760000 +00:00,2024-10-04 17:46:23.6990000 +00:00
66a404d0be0c,Jardim Paraíso ,5007901.0,50,2024-04-30 04:41:05.8060000 +00:00,2024-04-30 04:48:09.8690000 +00:00
34943e88b84c,Coophavila 2 da praia1036,5002704.0,50,2023-12-31 01:49:32.9890000 +00:00,2023-12-31 01:49:32.9890000 +00:00
5700939cd5f4,Jardim Anache,5005004.0,50,2023-01-28 15:58:01.7300000 +00:00,2023-01-28 15:58:12.6610000 +00:00
f2bc171a7c49,Certo ,5003504.0,50,2024-11-28 09:54:11.0700000 +00:00,2024-11-28 09:54:20.5680000 +00:00
867eb9e96bb2,Vivendas do Parque,5002704.0,50,2022-01-08 10:30:31.8740000 +00:00,2022-01-08 10:30:31.8740000 +00:00
937207e5ba26,Pioneiros,5002704.0,50,2024-02-08 23:55:52.6440000 +00:00,2024-02-08 23:56:00.3490000 +00:00
3a8b5f5ef47c,Tiradentes,5002704.0,50,2021-09-01 23:01:18.9150000 +00:00,2023-02-08 23:48:43.9120000 +00:00
53f5f6ab46d7,Bairro Seminário,5002704.0,50,2026-03-26 20:52:20.7550000 +00:00,2026-03-26 20:52:20.7550000 +00:00
cbeba2360943,parques das arara,5003504.0,50,2022-04-28 20:10:20.4030000 +00:00,2022-04-28 20:10:20.4030000 +00:00
5e4319d3518e,Santo Antônio,5002704.0,50,2024-02-06 23:32:40.7500000 +00:00,2024-02-06 23:32:40.7500000 +00:00
0244d4fbe9e0,Vila Rosa,5003702.0,50,2024-10-07 22:30:18.5790000 +00:00,2024-10-07 22:30:18.5790000 +00:00
51ad92fffd2f,Vila Jussara,5002704.0,50,2022-01-15 04:30:29.9370000 +00:00,2022-01-15 04:30:29.9370000 +00:00
b6b26830ce5a,Vila Margarida,5002704.0,50,2024-10-03 21:50:28.0740000 +00:00,2024-11-24 12:29:25.5680000 +00:00
d7b35f42905b,Guanandi,5002704.0,50,2025-01-29 11:59:02.8570000 +00:00,2025-01-29 11:59:02.8570000 +00:00
81297e67bfd1,assentamento Patagônia ,5008008.0,50,2025-07-15 23:51:38.3110000 +00:00,2025-07-15 23:51:38.3110000 +00:00
35bf2636693d,Jardim real,5001904.0,50,2024-01-10 23:27:58.4030000 +00:00,2024-01-10 23:27:58.4030000 +00:00
5166838f9c6b,Jardim Água Boa,5003702.0,50,2025-02-19 15:23:29.0220000 +00:00,2025-02-28 14:38:27.7250000 +00:00
caa25c817e63,centro ,5107958.0,51,2021-06-25 12:35:16.1290000 +00:00,2021-06-25 12:35:16.1290000 +00:00
b64dbcae0541,Nova Lima,5002704.0,50,2024-04-29 22:17:17.6120000 +00:00,2024-04-29 22:17:17.6120000 +00:00
40ec24e34acf,Jardim Maracanã ,5003702.0,50,2023-05-31 05:24:58.6280000 +00:00,2023-05-31 05:25:27.9850000 +00:00
0327e5facfae,Grotão,2507507.0,25,2025-01-03 14:40:15.4760000 +00:00,2025-01-03 14:40:15.4760000 +00:00
5fb16861b06a,morada altos são Pedro ,5003306.0,50,2025-11-11 20:09:19.8320000 +00:00,2025-11-11 20:09:19.8320000 +00:00
d8f9b227039a,Nova Lima,5002704.0,50,2023-10-19 03:13:42.3600000 +00:00,2023-10-19 03:13:58.8630000 +00:00
5eb2322621e9,jardim Samambaia,5002704.0,50,2020-08-26 20:50:53.6600000 +00:00,2020-08-26 20:50:53.6600000 +00:00
ba03da2fd431,Aparecida ,5005608.0,50,2025-01-22 23:13:22.9430000 +00:00,2025-01-22 23:13:22.9430000 +00:00
a5484d53c897,Centro,5003702.0,50,2021-07-10 15:37:06.4830000 +00:00,2021-07-10 15:37:06.4830000 +00:00
94e88232a912,Jardim Ibirapuera,5006606.0,50,2023-05-28 17:12:41.7140000 +00:00,2023-05-28 17:12:41.7140000 +00:00
cadb1b486498,Jardim Noroeste,5002704.0,50,2025-09-27 01:42:02.1540000 +00:00,2025-09-27 01:42:02.1540000 +00:00
1d992682e9bb,SETSUL,5008305.0,50,2026-05-29 13:37:22.6170000 +00:00,2026-05-29 13:37:22.6170000 +00:00
f363968c3ed9,centro,5007703.0,50,2020-05-04 23:15:14.2440000 +00:00,2020-05-04 23:15:14.2440000 +00:00
70786ad32edc,Vila Nathália,5002704.0,50,2026-01-08 20:59:02.2290000 +00:00,2026-01-08 20:59:02.2290000 +00:00
3c3866174de4,Conjunto Guatos,5003207.0,50,2020-05-01 01:09:16.8650000 +00:00,2020-05-01 01:09:16.8650000 +00:00
10a7ae222db5,Vila industrial ,5004007.0,50,2024-10-10 00:52:09.3670000 +00:00,2024-10-10 00:52:09.3670000 +00:00
bf677d30590f,Vila Antônio Vendas,5002704.0,50,2024-08-15 02:11:11.4910000 +00:00,2024-08-15 02:11:11.4910000 +00:00
13cda2051193,Centro,5006606.0,50,2022-03-03 13:56:15.2310000 +00:00,2022-03-03 13:56:15.2310000 +00:00
820071b98f5e,Idelfonso Pedroso,5003702.0,50,2026-02-13 14:46:44.4600000 +00:00,2026-02-13 14:46:47.6740000 +00:00
2b934a223b5f,Centro,5008305.0,50,2025-09-19 13:00:40.9850000 +00:00,2025-09-22 15:28:59.1500000 +00:00
08280dae8d01,Vila Duque de Caxias,5002704.0,50,2022-11-29 01:01:00.7330000 +00:00,2022-11-29 01:01:00.7330000 +00:00
83bd03d70b1b,piraveve,5004700.0,50,2021-10-18 23:47:38.8170000 +00:00,2021-10-18 23:47:38.8170000 +00:00
0170881d9e91,centro ,5000252.0,50,2025-01-25 16:32:01.5610000 +00:00,2025-01-25 16:32:01.5610000 +00:00
e026fdf690c3,Jardim das Oliveiras,5008305.0,50,2026-07-09 21:22:55.1740000 +00:00,2026-07-09 21:22:55.1740000 +00:00
67930eba9406,santa luzia,5002704.0,50,2024-02-01 16:13:24.4440000 +00:00,2024-02-01 16:13:24.4440000 +00:00
f9c9353d4dd9,Jardim Aero Rancho,5002704.0,50,2023-11-18 14:09:09.7020000 +00:00,2023-11-18 14:09:09.7020000 +00:00
201465cf7515,jardim vila Verde,5008305.0,50,2021-01-19 14:43:26.5960000 +00:00,2021-01-19 14:43:26.5960000 +00:00
94eab11bef5f,rita Vieira ,5002704.0,50,2024-04-16 16:29:23.4190000 +00:00,2024-04-16 16:29:23.4190000 +00:00
323c00caa4d5,Portal Caiobá,5002704.0,50,2020-12-01 20:20:29.7540000 +00:00,2020-12-01 20:20:29.7540000 +00:00
3632242be5fe,Barreirinho,5220108.0,52,2021-01-01 16:17:20.0330000 +00:00,2021-01-01 16:17:36.0760000 +00:00
3f5954370431,rural,2922656.0,29,2025-02-08 03:00:56.8630000 +00:00,2025-02-08 03:01:34.2420000 +00:00
c40353741f95,Pioneiros,5002704.0,50,2024-03-14 01:15:11.9660000 +00:00,2024-03-14 01:15:11.9660000 +00:00
55d0fd3ca64a,centro,5007935.0,50,2021-01-21 17:09:33.6940000 +00:00,2021-01-21 17:09:33.6940000 +00:00
87cc0f5c64e9,Universitário 2,5006309.0,50,2022-02-21 18:08:55.5760000 +00:00,2022-02-21 18:08:55.5760000 +00:00
c5352436540f,Benedito Rondon ,5007208.0,50,2024-06-01 21:00:05.4810000 +00:00,2024-06-01 21:00:05.4810000 +00:00
4d6b175bcb05,Vila Vitória,5006606.0,50,2021-12-22 18:08:42.2760000 +00:00,2026-06-23 16:06:16.3150000 +00:00
1044c4e1724c,Vila Nova Campo Grande,5002704.0,50,2021-05-28 15:44:22.2000000 +00:00,2021-05-28 15:44:57.9970000 +00:00
9560dca5ea38,Jardim Novo Eldorado ,5003751.0,50,2022-08-04 16:03:03.1250000 +00:00,2022-08-04 16:03:03.1250000 +00:00
9f316c130515,Centro,5003207.0,50,2023-04-15 00:58:13.6300000 +00:00,2023-04-15 00:58:17.9770000 +00:00
3aad73d1d573,Centro,5003207.0,50,2024-05-16 13:37:39.1660000 +00:00,2024-05-16 13:37:39.1660000 +00:00
dfdc7b34687b,Arnaldo Estevão Figueiredo,5002704.0,50,2025-09-17 05:12:18.6620000 +00:00,2025-09-17 05:12:18.6620000 +00:00
4f7c30e8ddef,Jardim Los Angeles,5002704.0,50,2021-08-13 15:38:28.3840000 +00:00,2021-08-13 15:38:28.3840000 +00:00
26c27ff4edae,Jardim Colorado,5002704.0,50,2025-12-08 00:29:14.0610000 +00:00,2025-12-08 00:29:14.0610000 +00:00
15386dadb5cd,Jardim Cangalha,5008305.0,50,2025-05-26 22:06:18.1840000 +00:00,2025-05-26 22:06:18.1840000 +00:00
a5eab3e02f9a,alto,5001102.0,50,2024-04-16 12:43:30.1840000 +00:00,2024-04-16 12:43:30.1840000 +00:00
160d3653ea7b,Vila Nova Campo Grande,5002704.0,50,2024-04-22 21:33:42.8150000 +00:00,2024-04-22 21:33:42.8150000 +00:00
c0aaf0b2ceff,Vila Flório,5002704.0,50,2024-03-11 16:42:40.3150000 +00:00,2024-03-11 16:42:40.3150000 +00:00
ba5c7546b41f,cherogamin,5002209.0,50,2021-07-15 14:04:42.4090000 +00:00,2021-07-15 14:04:42.4090000 +00:00
d44ef4345371,Vila Rica,5002704.0,50,2026-01-26 12:17:33.4560000 +00:00,2026-01-26 12:17:33.4560000 +00:00
62e9dc9dc259,esplanada 3,5002951.0,50,2026-02-13 16:21:47.1260000 +00:00,2026-08-05 19:29:07.9580000 +00:00
f90f381d0b9d,Vila Gomes,5002704.0,50,2024-03-09 15:00:00.3870000 +00:00,2024-03-09 15:00:00.3870000 +00:00
6b14fcf48963,Residencial Kairós,5003702.0,50,2023-10-25 17:50:31.9290000 +00:00,2023-10-25 17:50:31.9290000 +00:00
7130309b0bb1,Nossa Senhora das Graças,5008305.0,50,2021-08-26 12:38:08.7360000 +00:00,2021-08-26 12:38:08.7360000 +00:00
420ab9b77ad5,Jardim Europa,5003702.0,50,2022-05-25 02:24:37.1980000 +00:00,2022-05-25 02:25:13.4330000 +00:00
3d7d42535801,Jardim São Conrado,5002704.0,50,2020-10-19 03:20:40.2600000 +00:00,2020-10-19 03:23:11.0480000 +00:00
38597fdcf2a6,Bosque Santa Mônica II,5002704.0,50,2024-08-27 16:04:39.3490000 +00:00,2024-08-27 16:04:39.3490000 +00:00
c576841e3d3b,Parque Nova Dourados,5003702.0,50,2020-05-04 15:43:16.8700000 +00:00,2020-05-04 15:43:34.2740000 +00:00
a550cd66a8c3,Parque Alvorada,5003702.0,50,2026-06-08 17:12:50.1240000 +00:00,2026-06-08 17:12:50.1240000 +00:00
cac2ab63869a,Santa Fé,5002704.0,50,2024-08-21 02:47:12.1120000 +00:00,2024-08-21 02:47:12.1120000 +00:00
6bee7caa41ed,agermiro ortega ,5006200.0,50,2023-08-21 17:02:04.5130000 +00:00,2023-08-21 17:02:04.5130000 +00:00
594f99095545,Progresso,5007208.0,50,2021-08-11 23:44:42.8220000 +00:00,2021-08-11 23:44:42.8220000 +00:00
e43eb317ffaa,Jardim Flórida,5003702.0,50,2025-01-24 18:22:53.4340000 +00:00,2025-01-24 18:22:53.4340000 +00:00
876415cbbb76,Mangabeira,2507507.0,25,2023-04-25 13:43:59.0460000 +00:00,2023-04-25 13:43:59.0460000 +00:00
f513ed4b502a,Jardim Bom Jesus,5004403.0,50,2021-12-09 19:36:45.3310000 +00:00,2021-12-09 19:36:45.3310000 +00:00
93b9388e2478,Laranja Doce,5003702.0,50,2020-06-27 06:46:48.1780000 +00:00,2020-06-27 06:46:48.1780000 +00:00
23a4f4732bff,Jardim Flórida,5003702.0,50,2025-09-07 18:12:56.1400000 +00:00,2025-09-07 18:12:56.1400000 +00:00
6afff156ce27,Residencial Damha II,5002704.0,50,2023-07-24 20:29:30.9240000 +00:00,2023-07-24 20:29:30.9240000 +00:00
a9526e280485,Vila Rosa Pires,5002704.0,50,2024-07-24 00:51:58.4950000 +00:00,2024-07-24 00:51:58.4950000 +00:00
9661dd58bbb1,Vila Planalto,5002704.0,50,2025-07-11 14:55:54.4230000 +00:00,2025-07-11 14:55:54.4230000 +00:00
62cdaf06186f,Centro,5005707.0,50,2021-09-05 22:28:00.7970000 +00:00,2021-09-05 22:28:00.7970000 +00:00
a39cabb20405,Vila Almeida,5002704.0,50,2024-02-07 18:36:35.4920000 +00:00,2024-02-07 18:36:35.4920000 +00:00
8bc114b252d6,Centro,5002704.0,50,2025-05-22 18:47:04.6790000 +00:00,2025-05-22 18:47:23.4960000 +00:00
c514805e5d25,jardim cidade alta ,5000856.0,50,2022-03-29 14:18:03.5470000 +00:00,2022-03-29 14:18:32.8770000 +00:00
3870d1a778b4,Vila Maria Auxiliadora,5006606.0,50,2022-07-18 07:36:35.1360000 +00:00,2022-07-18 07:36:35.1360000 +00:00
9919c9ecb85f,Coronel Antonino,5002704.0,50,2022-07-06 18:06:48.1440000 +00:00,2022-07-06 18:06:48.1440000 +00:00
d3fb65ad3935,Estrela Tovy,5003702.0,50,2026-03-11 15:31:04.2930000 +00:00,2026-03-11 15:31:04.2930000 +00:00
f79def789a35,centro,5002951.0,50,2023-12-05 13:46:21.2130000 +00:00,2023-12-05 13:51:03.5770000 +00:00
dc5f5a47baa1,Residencial Terra Morena,5002704.0,50,2021-08-31 15:02:43.9750000 +00:00,2021-08-31 15:02:43.9750000 +00:00
7776b7092484,vida nova ,2930709.0,29,2024-09-16 19:15:31.0730000 +00:00,2024-09-16 19:15:53.1520000 +00:00
de7b747c8706,Chácaras Trevo,5003702.0,50,2020-10-06 00:43:32.3160000 +00:00,2020-10-06 00:43:32.3160000 +00:00
06a8878ef5d7,Monte Castelo,5002704.0,50,2024-01-22 16:13:03.3300000 +00:00,2024-01-22 16:13:03.3300000 +00:00
2f9116f73207,Vila Ubiratan,5003702.0,50,2025-12-18 14:25:37.1270000 +00:00,2025-12-18 14:25:37.1270000 +00:00
1754fb7dbb4a,Parque das Nações II,5003702.0,50,2024-03-18 17:01:43.7030000 +00:00,2024-03-18 17:01:55.7440000 +00:00
8c05e7befc31,Monte Castelo,5002704.0,50,2020-06-30 05:36:13.8450000 +00:00,2020-06-30 05:36:13.8450000 +00:00
ca1bc2844177,multirão ,5004106.0,50,2024-10-06 13:25:07.0820000 +00:00,2024-10-06 13:25:26.7270000 +00:00
7dec885a5866,Jardim gramado ,5007695.0,50,2025-03-26 21:49:39.2700000 +00:00,2025-03-26 21:49:39.2700000 +00:00
b7be137387a2,Conjunto Habitacional Izidro Pedroso,5003702.0,50,2020-07-05 01:08:42.9860000 +00:00,2020-07-05 01:08:42.9860000 +00:00
08ff05db9502,Vila Rica,5008404.0,50,2025-10-29 17:41:49.5430000 +00:00,2025-10-29 17:41:49.5430000 +00:00
ed44402cf78e,Vila Industrial,5003702.0,50,2021-05-16 18:37:08.0040000 +00:00,2021-05-16 18:37:08.0040000 +00:00
87e3ab155078,Milani,5007695.0,50,2024-11-29 21:55:29.5790000 +00:00,2026-05-22 14:47:13.1070000 +00:00
1017dcf75369,Vila Industrial,5003702.0,50,2023-06-26 03:36:16.9280000 +00:00,2023-06-26 03:36:16.9280000 +00:00
8918f4129fbf,Jardim Vitória,5003702.0,50,2023-01-13 22:42:16.1440000 +00:00,2023-01-13 22:42:16.1440000 +00:00
d68005c8541c,Parque Residencial Rita Vieira,5002704.0,50,2024-03-26 17:43:45.0600000 +00:00,2024-03-26 17:43:45.0600000 +00:00
a950ba8ffeda,Santos Dumont,5008305.0,50,2024-06-03 18:50:52.5940000 +00:00,2024-06-03 18:50:52.5940000 +00:00
16f2ee269be7,Vila São José,5008305.0,50,2023-09-06 19:35:58.4970000 +00:00,2023-09-06 19:35:58.4970000 +00:00
0480f8efeb0d,Jd Piratininga ,5003702.0,50,2024-08-03 11:33:50.4020000 +00:00,2024-08-03 11:33:50.4020000 +00:00
8ebf349424ea,Residencial Damha II,5002704.0,50,2024-07-04 22:36:23.9280000 +00:00,2024-07-04 22:36:23.9280000 +00:00
09bfcec64d08,Vila Giocondo Orsi,5002704.0,50,2021-11-07 21:49:37.7330000 +00:00,2021-11-07 21:49:51.9470000 +00:00
0aad2f6ccf69,Jardim Noroeste,5002704.0,50,2021-04-05 13:37:37.2170000 +00:00,2021-04-05 13:37:37.2170000 +00:00
76332390307e,Sitiocas Campina Verde,5003702.0,50,2025-08-19 22:03:42.6870000 +00:00,2025-08-19 22:04:12.2140000 +00:00
a15d99f5a0d6,Parque Nova Dourados,5003702.0,50,2025-04-08 15:52:01.6090000 +00:00,2025-04-08 15:52:01.6090000 +00:00
002bb60b44a0,Los Angeles,5002704.0,50,2022-04-24 14:50:23.7540000 +00:00,2022-04-24 14:50:23.7540000 +00:00
ca57712add03,Bonjardim,5002704.0,50,2026-07-18 02:29:59.4560000 +00:00,2026-07-18 02:29:59.4560000 +00:00
0b0f42c63ea5,nova Rio Brilhante ,5007208.0,50,2025-08-25 14:20:24.4070000 +00:00,2025-08-25 14:20:24.4070000 +00:00
67297f5f0176,esplanada ,5002951.0,50,2022-04-15 23:45:44.8630000 +00:00,2022-05-22 19:51:58.6410000 +00:00
52ebf889970b,Parque das Nações,5003702.0,50,2021-08-30 16:48:02.4560000 +00:00,2021-08-30 16:48:02.4560000 +00:00
3b846ed3a2b2,Jardim das Nações,5002704.0,50,2023-04-30 01:02:25.6480000 +00:00,2023-04-30 01:02:25.6480000 +00:00
8f25ef3808d4,Sitiocas Campina Verde,5003702.0,50,2025-09-19 15:08:52.8620000 +00:00,2025-09-19 15:08:52.8620000 +00:00
6fb416a93afa,Vila Vilas Boas,5002704.0,50,2022-07-28 20:58:38.4000000 +00:00,2022-07-28 20:58:38.4000000 +00:00
3bc118c4a12f,Chácara Cachoeira,5002704.0,50,2023-03-18 16:38:04.6960000 +00:00,2023-03-18 16:38:04.6960000 +00:00
9e71f952932d,Vila Carlota,5002704.0,50,2024-01-25 16:41:03.2380000 +00:00,2024-01-25 16:41:03.2380000 +00:00
026c26b19cc4,Jardim Campanário ,5000708.0,50,2024-10-15 15:32:05.2720000 +00:00,2024-10-15 15:32:05.2720000 +00:00
7f4052b6c5bd,Parque Residencial Rita Vieira,5002704.0,50,2021-10-18 14:49:49.4760000 +00:00,2021-10-18 14:49:49.4760000 +00:00
2cbc7a8064bf,Coronel Antonino,5002704.0,50,2025-07-17 23:56:10.3200000 +00:00,2025-07-17 23:56:10.3200000 +00:00
1446c6887733,Centro,5000708.0,50,2021-08-13 20:56:22.6410000 +00:00,2021-08-13 20:56:54.5220000 +00:00
88609033a6f0,Monte Castelo,5002704.0,50,2021-08-19 20:12:17.7290000 +00:00,2021-08-19 20:12:17.7290000 +00:00
1936c66099de,Jardim Tijuca,5002704.0,50,2025-07-10 14:15:35.1790000 +00:00,2025-07-10 14:15:35.1790000 +00:00
493a289c641b,aldeia taquara MS juti ,5002407.0,50,2026-02-08 01:11:58.0210000 +00:00,2026-02-08 01:11:58.0500000 +00:00
d8f10ccb5eb5,Parque do Lageado,5002704.0,50,2025-12-29 04:49:41.6210000 +00:00,2025-12-29 04:49:41.6210000 +00:00
9d3f9756112d,Centro educacional ,5003801.0,50,2024-08-06 02:49:49.1960000 +00:00,2024-08-06 02:49:49.1960000 +00:00
e7fc2dac0023,Planalto ,5002951.0,50,2022-09-08 23:31:42.8230000 +00:00,2022-09-08 23:31:42.8230000 +00:00
46b68aa6965e,Vila Roma II,5003702.0,50,2024-02-11 15:33:46.6850000 +00:00,2024-02-11 15:33:46.6850000 +00:00
6ca8ac3d7dd2,Chácara Cachoeira,5002704.0,50,2024-09-25 17:14:20.2780000 +00:00,2024-09-25 17:14:20.2780000 +00:00
0ef7b3103f20,Guanandi II,5002704.0,50,2022-06-13 20:25:28.2710000 +00:00,2022-06-13 20:25:28.2710000 +00:00
e2dc1cbc5307,José Brejão,5005400.0,50,2022-07-05 00:23:42.4190000 +00:00,2022-07-05 00:23:42.4190000 +00:00
0ba831a2f349,Recanto das Palmeiras,5002704.0,50,2023-02-19 16:34:38.9500000 +00:00,2023-02-19 16:34:38.9500000 +00:00
2a96ba1b6100,Bairro da Granja,5006606.0,50,2022-07-26 15:09:42.5540000 +00:00,2022-07-26 15:09:42.5540000 +00:00
ee59c62588e0,Vila Vilas Boas,5002704.0,50,2021-01-23 15:56:35.8490000 +00:00,2021-01-23 15:56:44.8860000 +00:00
bec90ece79ed,Jardim das Acácias,5008305.0,50,2025-06-16 22:00:57.3900000 +00:00,2025-06-16 22:01:16.5920000 +00:00
4ae54eddd96c,rural ,5006358.0,50,2022-02-16 19:43:47.7000000 +00:00,2022-02-16 19:43:47.7000000 +00:00
fe2c9d028884,Bairro Seminário,5002704.0,50,2025-02-21 13:28:07.8350000 +00:00,2025-02-21 13:28:07.8350000 +00:00
a06e13bf2824,centro ,5005608.0,50,2024-05-29 20:45:59.9040000 +00:00,2024-05-29 20:45:59.9040000 +00:00
cbfc43db6987,Jardim Itatiaia,5002704.0,50,2020-10-29 18:04:38.3890000 +00:00,2020-10-29 18:04:38.3890000 +00:00
b6718dca7efb,Aldeinha ,5000708.0,50,2025-09-25 02:40:51.6560000 +00:00,2025-09-25 02:40:51.6560000 +00:00
93673a053de8,Vila Planalto,5003702.0,50,2022-08-09 02:38:51.2910000 +00:00,2022-08-09 02:38:51.2910000 +00:00
d98c3149f690,Universitário,5003207.0,50,2023-06-05 23:03:21.7130000 +00:00,2023-06-05 23:03:21.7130000 +00:00
cf7a8419c60c,Jardim Água Boa,5003702.0,50,2022-05-26 20:35:48.0610000 +00:00,2022-05-26 20:35:48.0610000 +00:00
8d04ffcd4c05,Santa Fé,5002704.0,50,2024-02-13 21:18:14.3970000 +00:00,2024-02-13 21:18:14.3970000 +00:00
6fa8bc0b9680,Jardim Sayonara,5002704.0,50,2022-02-23 15:10:49.1470000 +00:00,2022-02-23 15:10:49.1470000 +00:00
239beacd4e53,Egídio Ribeiro ,5005400.0,50,2022-11-12 19:29:20.1740000 +00:00,2022-11-12 19:29:20.1740000 +00:00
4f5d4971a2f9,Paraguai ,5005400.0,50,2025-01-17 02:38:47.9990000 +00:00,2025-01-17 02:38:47.9990000 +00:00
de3ab449bbd8,Pioneiros,5002704.0,50,2023-03-15 02:11:09.0590000 +00:00,2023-03-15 02:11:09.0590000 +00:00
b06548057280,Centro ,5002407.0,50,2025-07-14 02:04:47.8080000 +00:00,2025-07-14 02:06:01.0910000 +00:00
a9249002830b,Vila Moreninha II,5002704.0,50,2021-08-13 18:59:50.4890000 +00:00,2021-09-02 14:13:19.6280000 +00:00
0b92f18f8ff8,Parque Residencial União,5002704.0,50,2025-01-06 11:22:37.6810000 +00:00,2025-01-06 11:22:37.6810000 +00:00
94342dcef518,zona rural,5002407.0,50,2026-03-26 15:18:39.3750000 +00:00,2026-03-26 15:18:39.3750000 +00:00
3e75f161ece5,Vila Sargento Amaral,5002704.0,50,2026-02-27 17:55:28.2650000 +00:00,2026-02-27 17:55:28.2650000 +00:00
c5c914a02d15,Vila São Jorge da Lagoa,5002704.0,50,2026-03-10 21:52:57.4880000 +00:00,2026-03-10 21:52:57.4880000 +00:00
2ecba982db4e,Popular Nova,5003207.0,50,2026-01-28 20:39:25.2470000 +00:00,2026-01-28 20:39:25.2470000 +00:00
22afc498a380,Sobrinho,5002704.0,50,2023-03-20 00:18:05.9950000 +00:00,2023-03-20 00:18:05.9950000 +00:00
b3f4f3fcb0a0,Vila Santo Eugênio,5002704.0,50,2021-10-27 02:42:23.0050000 +00:00,2021-10-27 02:43:40.8070000 +00:00
7a0030b8cbd8,Bairro da Moóca,5006606.0,50,2024-03-26 02:30:03.4000000 +00:00,2025-07-18 01:03:01.9060000 +00:00
a20231caa2ed,Jardim América,5002704.0,50,2021-02-15 00:20:23.4610000 +00:00,2021-02-15 00:20:23.4610000 +00:00
381e815a449f,Jardim dos Estados,5002704.0,50,2024-10-29 09:13:56.1820000 +00:00,2024-10-29 09:13:56.1820000 +00:00
d994dbfff34d,Jardim Centro Oeste,5002704.0,50,2025-10-19 14:12:42.9480000 +00:00,2025-10-19 14:12:42.9480000 +00:00
80f9c1030f73,Jardim São Pedro,5003702.0,50,2023-05-13 21:21:17.2900000 +00:00,2023-05-13 21:21:40.5970000 +00:00
2f1f3741a9bc,Jardim Maristela,3550308.0,35,2026-03-25 20:50:13.0190000 +00:00,2026-03-25 20:50:13.0190000 +00:00
b565c801015a,Jardim Pantanal,5001102.0,50,2024-08-26 12:41:44.4410000 +00:00,2024-08-26 12:41:44.4410000 +00:00
085e8d163cfc,Jardim Tarumã,5002704.0,50,2022-10-10 15:16:24.8760000 +00:00,2022-10-10 15:16:24.8760000 +00:00
936ee6dbf6c3,Vila Popular,5002704.0,50,2023-12-16 17:35:08.8600000 +00:00,2023-12-16 17:35:22.3670000 +00:00
9c6e8d8ba1a8,Vila Taquarussu,5002704.0,50,2024-01-31 03:22:23.5210000 +00:00,2024-01-31 03:22:23.5210000 +00:00
753a33c1142b,Loteamento Recife,2611101.0,26,2024-07-27 15:42:57.0860000 +00:00,2024-07-27 15:42:57.0860000 +00:00
958cd8ef4ecd,Coophavila II,5002704.0,50,2025-12-20 13:01:53.3830000 +00:00,2025-12-20 13:01:53.3830000 +00:00
9ac0ca6c370c,Jardim Nova Americana,5008305.0,50,2024-08-24 13:02:23.9180000 +00:00,2024-08-24 13:02:23.9180000 +00:00
cc332a9aa3b9,Parque dos Novos Estados,5002704.0,50,2020-04-29 03:08:13.1290000 +00:00,2020-04-29 03:08:13.1290000 +00:00
51bd95e6a925,Nova Três Lagoas,5008305.0,50,2024-11-25 15:40:57.8710000 +00:00,2024-11-25 15:42:48.5920000 +00:00
246fcfd1ac46,Tiradentes,5002704.0,50,2021-08-26 17:40:58.3930000 +00:00,2021-08-26 17:40:58.3930000 +00:00
a200ca2341a9,Centro,5002407.0,50,2023-05-03 02:36:47.0750000 +00:00,2023-05-03 02:36:47.0750000 +00:00
4043b6843596,Parque Residencial Santa Gertrudes,3529005.0,35,2023-04-03 11:41:54.8420000 +00:00,2023-04-03 11:41:54.8420000 +00:00
ff3ed2750db9,Irman Ribeiro,5006200.0,50,2021-10-13 01:15:17.3760000 +00:00,2021-10-13 01:15:17.3760000 +00:00
38a0efdbdabb,Centro,1500800.0,15,2023-07-17 16:14:55.6350000 +00:00,2023-07-17 16:14:58.8410000 +00:00
337f41c6be5b,Jardim Nossa Senhora do Perpétuo Socorro,5002704.0,50,2023-12-22 19:14:29.2390000 +00:00,2023-12-22 19:14:41.8790000 +00:00
c10b20edf881,Jardim Noroeste,5002704.0,50,2024-10-17 17:34:07.3850000 +00:00,2024-10-17 17:34:07.3850000 +00:00
6142813c0c6f,Jardim Imá,5002704.0,50,2023-03-23 20:58:27.6930000 +00:00,2023-03-23 20:58:27.6930000 +00:00
70832574d584,Parque Residencial União,5002704.0,50,2025-03-11 15:29:57.8680000 +00:00,2025-03-11 15:40:42.9340000 +00:00
c3ea7d128dec,Jardim Presidente,5002704.0,50,2024-08-06 10:36:08.7870000 +00:00,2024-08-06 10:36:08.7870000 +00:00
1b75a96be6d5,Conjunto Habitacional Izidro Pedroso,5003702.0,50,2025-06-27 21:48:16.2800000 +00:00,2025-06-27 21:48:16.2800000 +00:00
0400ab67539c,Parque dos Laranjais,5002704.0,50,2020-03-28 13:20:32.6580000 +00:00,2022-01-10 00:46:07.8000000 +00:00
7c7dedb632b6,Vila Margarida,5002704.0,50,2022-01-18 14:04:45.2610000 +00:00,2022-01-18 14:04:51.8960000 +00:00
33b9d87e0561,Vila Nogueira,5002704.0,50,2026-07-29 20:30:53.4990000 +00:00,2026-07-29 20:31:06.5080000 +00:00
8323ee8ebf29,centro ,5005152.0,50,2021-09-20 15:34:54.7320000 +00:00,2021-11-25 17:18:34.2110000 +00:00
0cc3cdcac285,Jardim Novo horizonte ,5000203.0,50,2022-07-28 19:15:42.9520000 +00:00,2022-07-28 19:15:42.9520000 +00:00
f9df820cf22c,Vila Santa Catarina,5003702.0,50,2025-04-14 19:10:50.5110000 +00:00,2025-04-14 19:10:50.5110000 +00:00
ca4045a64252,Centro,5005251.0,50,2025-06-28 14:44:05.4820000 +00:00,2025-06-28 14:44:05.4820000 +00:00
1f6977d6069e,Lagoa da Cruz,5002704.0,50,2022-08-12 23:26:33.5520000 +00:00,2022-08-12 23:26:33.5520000 +00:00
d1eadbbf6875,Atalaia,1500800.0,15,2023-01-30 22:45:34.3580000 +00:00,2023-01-30 22:45:50.3260000 +00:00
d97bd1da98d4,Jardim Guanabara,5003702.0,50,2024-01-13 20:45:16.6740000 +00:00,2024-01-13 20:45:16.6740000 +00:00
f6d433dca966,Jardim Flórida,5003702.0,50,2021-09-19 22:51:59.3590000 +00:00,2021-09-19 22:51:59.3590000 +00:00
5f895951b959,Centro ( Nova Casa Verde),5006200.0,50,2025-05-22 19:06:18.9340000 +00:00,2025-05-22 19:07:31.7780000 +00:00
0d82eebcad0d,Vorstadt,4202404.0,42,2026-06-14 10:56:41.9790000 +00:00,2026-06-14 10:57:33.1790000 +00:00
e4032a46a8a6,Tiradentes,5002704.0,50,2022-01-06 14:00:16.7670000 +00:00,2022-03-12 14:54:26.0460000 +00:00
069ec3669ebf,Jardim dos Estados,5002704.0,50,2026-03-19 23:39:44.9260000 +00:00,2026-03-19 23:39:44.9260000 +00:00
d8b74cfbf0d7,Jardim Colúmbia,5002704.0,50,2026-04-08 18:47:38.5990000 +00:00,2026-04-08 18:47:38.5990000 +00:00
84f19f78dbe7,Vila Vilas Boas,5002704.0,50,2025-10-01 23:24:22.6760000 +00:00,2025-10-01 23:24:22.6760000 +00:00
018f680ec8fc,Vila Nova Campo Grande,5002704.0,50,2020-04-29 04:06:26.7450000 +00:00,2020-04-29 04:06:26.7450000 +00:00
2748641ef858,centro,5007208.0,50,2021-07-29 00:07:28.1510000 +00:00,2021-07-29 00:07:28.1510000 +00:00
5ff5e5b609ba,Belo Norte,2208007.0,22,2024-11-29 15:08:20.9800000 +00:00,2024-11-29 15:08:20.9800000 +00:00
e1ff7273984a,Jardim Tropical,5003702.0,50,2022-04-27 16:00:05.7600000 +00:00,2022-04-27 16:00:17.5490000 +00:00
2f3d126c307e,Jardim Batistão,5002704.0,50,2025-05-09 16:44:56.8980000 +00:00,2025-05-09 16:44:56.8980000 +00:00
d0c23e9df96b,Aeroporto,5003207.0,50,2026-05-19 23:16:17.4860000 +00:00,2026-05-19 23:16:17.4860000 +00:00
7568abb6f036,Amambaí,5002704.0,50,2023-04-06 21:22:51.5370000 +00:00,2023-04-06 21:22:51.5370000 +00:00
d957d2b5cea3,Fênix ,5007695.0,50,2024-04-25 16:10:50.1900000 +00:00,2024-04-25 16:10:50.1900000 +00:00
66617b3c340d,Jardim Imá,5002704.0,50,2024-06-14 19:18:45.8710000 +00:00,2024-06-14 19:18:45.8710000 +00:00
7c30121c4e30,Vila São Luiz,5000609.0,50,2021-01-24 02:48:24.1630000 +00:00,2021-01-24 02:48:24.1630000 +00:00
f754689ec63c,Vila Rosa,5003702.0,50,2021-08-19 16:52:37.6130000 +00:00,2021-08-19 16:52:37.6130000 +00:00
f79a417eab58,Vila São Jorge da Lagoa,5002704.0,50,2025-09-02 14:22:53.9120000 +00:00,2025-09-02 14:22:53.9120000 +00:00
ebf722d5cce4,Conjunto Aero Rancho,5002704.0,50,2023-12-21 00:13:58.4600000 +00:00,2023-12-21 00:13:58.4600000 +00:00
16c6d4aa192a,Jardim Paulista,5003702.0,50,2024-12-18 03:58:59.8790000 +00:00,2024-12-18 03:58:59.8790000 +00:00
6aee10dfc6ec,Nova Campo Grande ,5002704.0,50,2022-10-08 20:44:32.2780000 +00:00,2022-10-08 20:44:32.2780000 +00:00
faeb7dd1e5c3,Conjunto Aero Rancho,5002704.0,50,2020-10-19 18:31:26.1910000 +00:00,2020-10-19 18:31:26.1910000 +00:00
a4ee0d32ce67,Parque Alvorada,5003702.0,50,2025-03-28 20:30:57.7890000 +00:00,2025-03-28 20:30:57.7890000 +00:00
dd7d287e9dff,Jardim das Cerejeiras,5002704.0,50,2023-10-23 03:59:40.9830000 +00:00,2023-10-23 03:59:40.9830000 +00:00
ea82ecaef35b,Parque Alvorada,5003702.0,50,2022-01-28 16:41:48.8360000 +00:00,2022-01-28 16:41:48.8360000 +00:00
ef9a1a0c79a3,Gramame,2507507.0,25,2024-06-18 15:27:27.5730000 +00:00,2024-06-18 15:27:27.5730000 +00:00
f279ecd70b74,Monte Castelo,5002704.0,50,2024-10-14 14:14:09.3930000 +00:00,2024-10-14 14:14:09.3930000 +00:00
3f53809e0510,Icuí-Guajará,1500800.0,15,2023-10-13 16:26:17.0210000 +00:00,2023-10-13 16:26:51.6200000 +00:00
a30ea879ab8c,Jardim Brandini ,5001003.0,50,2025-09-15 18:58:00.1640000 +00:00,2025-09-15 18:58:00.1640000 +00:00
8e2ae4f24492,Vila Nasser,5002704.0,50,2025-11-23 17:46:59.4430000 +00:00,2025-11-23 17:46:59.4430000 +00:00
2dcd943190ce,Jardim Jóquei Clube,5003702.0,50,2022-01-29 17:52:15.5490000 +00:00,2022-01-29 17:52:15.5490000 +00:00
91c0189f9a6a,Popular Nova,5003207.0,50,2021-01-25 21:03:35.4820000 +00:00,2021-01-25 21:03:35.4820000 +00:00
c03b197e62ce,Cambarai ,5005400.0,50,2021-09-03 15:07:30.1770000 +00:00,2021-09-03 15:07:37.7990000 +00:00
a85fbd5dfc3f,Vila Roma II,5003702.0,50,2022-01-14 21:56:26.7690000 +00:00,2022-01-14 21:56:26.7690000 +00:00
78b0ab8c1a85,Novo Horizonte,5003900.0,50,2026-05-27 02:02:51.5530000 +00:00,2026-05-27 02:05:35.5390000 +00:00
4a760b35b2bf,Residencial Mário Cóvas,5002704.0,50,2024-02-12 17:56:58.4030000 +00:00,2024-02-12 17:56:58.4030000 +00:00
676074e1e2fe,Parque São Carlos,5008305.0,50,2022-02-18 14:41:28.4370000 +00:00,2022-02-18 14:41:28.4370000 +00:00
f61cad547e56,centro,5002951.0,50,2026-01-22 09:54:07.5620000 +00:00,2026-01-22 09:54:07.5620000 +00:00
e68e5472d83f,centro ,5000807.0,50,2024-07-30 14:23:29.5920000 +00:00,2024-07-30 14:23:41.2920000 +00:00
75d066be99bc,Monte Castelo,5002704.0,50,2025-06-28 22:24:54.6710000 +00:00,2025-06-28 22:24:54.6710000 +00:00
7a2e58c8290b,Centro ,5000906.0,50,2021-10-03 14:08:57.3190000 +00:00,2021-12-16 18:25:39.4580000 +00:00
891795f2d1bc,Vila Taveirópolis,5002704.0,50,2021-04-08 23:59:45.1790000 +00:00,2021-04-08 23:59:45.1790000 +00:00
2e4eeb84f2b0,Aeroporto,5003207.0,50,2021-01-24 23:58:00.5270000 +00:00,2021-01-24 23:58:00.8040000 +00:00
d5d48c721fc4,Jardim Cidade Universitária,2507507.0,25,2026-05-20 07:49:12.4840000 +00:00,2026-05-20 07:49:41.2910000 +00:00
072433ad0da7,Coophafé,5002704.0,50,2023-07-04 18:06:59.9030000 +00:00,2023-07-04 18:07:09.8280000 +00:00
31c6fa53d62d,Universitário,5003207.0,50,2021-01-23 22:51:42.6720000 +00:00,2021-01-23 22:55:50.2320000 +00:00
32b3a67f1265,Parque Novo Século,5002704.0,50,2022-02-07 02:28:18.3420000 +00:00,2022-02-07 02:28:18.3420000 +00:00
06d7347adb9b,Jardim Monumento,5002704.0,50,2023-11-18 15:15:36.5430000 +00:00,2023-11-18 15:15:36.5430000 +00:00
bdbf7ecf4ae8,Jardim Paulista,5003702.0,50,2022-02-12 02:51:18.9750000 +00:00,2022-02-12 02:51:18.9750000 +00:00
53e82b6a5566,Bairro Seminário,5002704.0,50,2024-06-06 19:57:36.1780000 +00:00,2024-06-06 19:58:14.7260000 +00:00
e7259ee41a00,Centro,5002209.0,50,2025-06-19 02:48:03.2910000 +00:00,2025-06-19 02:49:10.3800000 +00:00
ee09ea0b2e9d,green ville,5005400.0,50,2024-03-22 16:05:54.7510000 +00:00,2024-03-22 16:06:31.6890000 +00:00
645f0c3908dd,Jardim São Conrado,5002704.0,50,2021-04-28 17:46:19.3230000 +00:00,2021-04-28 17:46:19.3230000 +00:00
7e32419b08e3,Indianópolis,2604106.0,26,2024-08-01 16:32:01.1430000 +00:00,2024-08-01 16:32:01.1430000 +00:00
0f99ded3fcd3,Santa Fé,5002704.0,50,2024-10-03 18:28:16.2510000 +00:00,2024-10-03 18:30:06.4010000 +00:00
cb7cc025b324,,5001508.0,50,2024-01-07 22:01:40.7000000 +00:00,2024-01-07 22:01:40.7000000 +00:00
205badd0675b,São Francisco,5002704.0,50,2020-11-18 23:09:45.9860000 +00:00,2020-11-18 23:09:45.9860000 +00:00
042dc351d0b1,Jardim Radialista,5002704.0,50,2023-11-24 22:39:55.4720000 +00:00,2023-11-24 22:39:55.4720000 +00:00
c316dd2038b2,Jardim Nova Ipanema,5008305.0,50,2025-01-24 11:10:40.1670000 +00:00,2025-01-24 11:10:40.1670000 +00:00
e0b1bd4b3892,Jardim Panambí,5006606.0,50,2024-04-05 23:28:40.9330000 +00:00,2024-04-05 23:29:17.6710000 +00:00
20a85674a5a9,Vila Taveirópolis,5002704.0,50,2024-10-05 02:02:59.1340000 +00:00,2024-10-05 02:02:59.1340000 +00:00
c05c4e9a6ee8,Sonho Meu 2,5003256.0,50,2022-04-04 18:30:28.4550000 +00:00,2022-04-04 18:30:28.4550000 +00:00
220ce4aa2667,Paiol de Pólvora,3303203.0,33,2024-09-26 08:46:53.3790000 +00:00,2024-09-26 08:48:24.6720000 +00:00
573e4fadceca,Paraíso do Lageado,5002704.0,50,2023-09-06 05:47:06.5610000 +00:00,2023-09-06 05:47:06.5610000 +00:00
ba6a6bbfe8e5,Jardim Veraneio,5002704.0,50,2024-09-26 12:24:36.6430000 +00:00,2024-09-26 12:24:40.7960000 +00:00
a4d5c8a104bd,centro,5002209.0,50,2021-08-11 14:53:01.8260000 +00:00,2021-08-11 14:54:48.7930000 +00:00
458495e11196,Antônia Nantes ,5002001.0,50,2022-11-29 13:01:54.8080000 +00:00,2022-11-29 13:02:04.3080000 +00:00
da4f71b6ba13,Parque Alvorada,5003702.0,50,2022-01-11 22:37:32.8420000 +00:00,2022-01-11 22:37:32.8420000 +00:00
3964b546ef31,Jardim Ouro Verde,5007109.0,50,2021-09-29 20:58:47.7720000 +00:00,2021-09-29 20:58:47.7720000 +00:00
286f57b47692,Vila Ipiranga,5002704.0,50,2024-04-26 02:48:11.7050000 +00:00,2024-04-26 02:48:15.8670000 +00:00
a80bc95d92eb,Jardim Paulista,5003702.0,50,2024-06-14 14:46:39.7810000 +00:00,2024-06-14 14:48:30.8740000 +00:00
81d1cea404c6,Amambaí,5002704.0,50,2020-08-06 21:58:48.1220000 +00:00,2020-08-06 21:58:48.1220000 +00:00
4906c9911f28,Centro,5008305.0,50,2025-06-28 00:29:44.0840000 +00:00,2025-06-28 00:29:44.0840000 +00:00
c5e50c411f30,Aparecida,5005608.0,50,2023-08-01 14:51:06.3970000 +00:00,2023-08-01 14:51:06.3970000 +00:00
e54f43da12d4,Cidade Jardim,5002704.0,50,2024-03-12 16:31:27.4700000 +00:00,2024-03-12 16:31:27.4700000 +00:00
ad0073b6697f,Vila (Mosqueiro),1501402.0,15,2024-09-01 17:16:31.8840000 +00:00,2024-09-01 17:16:31.8840000 +00:00
29b1e1a65a7c,Vila Vilas Boas,5002704.0,50,2021-05-18 17:04:28.7780000 +00:00,2021-05-18 17:04:28.7780000 +00:00
8eb18d5bad4f,são Sebastião ,5007109.0,50,2022-11-07 23:11:09.5370000 +00:00,2022-11-07 23:11:09.5370000 +00:00
b12e3d96ca8b,Jardim Aero Rancho,5002704.0,50,2024-02-06 03:14:58.1500000 +00:00,2024-02-06 03:14:58.1500000 +00:00
1797b1467fa6,Vila São Jorge da Lagoa,5002704.0,50,2022-06-02 19:24:19.2900000 +00:00,2022-06-02 19:24:41.4400000 +00:00
3417c17c4a7a,Centro ,5008404.0,50,2022-02-18 16:01:40.4610000 +00:00,2022-02-18 16:09:19.2790000 +00:00
c6c251172cc8,Jardim Aero Rancho,5002704.0,50,2023-04-15 19:56:50.2560000 +00:00,2023-04-15 19:56:50.3840000 +00:00
2bae5b851a8b,Vila Nova Campo Grande,5002704.0,50,2024-01-19 06:52:14.6870000 +00:00,2024-01-19 06:52:14.6870000 +00:00
42176d171546,Centro,5007802.0,50,2021-12-13 14:54:12.5720000 +00:00,2021-12-13 14:54:12.5720000 +00:00
dafd9c80c97f,Coophavila II,5002704.0,50,2023-10-29 19:54:39.1770000 +00:00,2023-10-29 19:54:51.8820000 +00:00
4b13a9994c45,centro,5000252.0,50,2024-03-14 12:21:44.2120000 +00:00,2024-03-14 12:21:44.2120000 +00:00
0aa0d713a0d6,Jardim Carioca,5002704.0,50,2023-01-21 00:43:35.7150000 +00:00,2023-01-21 00:43:41.0220000 +00:00
d26a2f670dc4,Serra Verde,5007406.0,50,2021-08-18 15:16:00.6120000 +00:00,2021-08-18 15:16:00.6120000 +00:00
e5b9d111acd4,Vila Albuquerque,5002704.0,50,2024-11-29 21:48:06.1050000 +00:00,2024-11-29 21:48:06.1050000 +00:00
f64a876a882b,Jardim Tijuca,5002704.0,50,2020-04-28 03:10:19.7290000 +00:00,2020-04-28 03:10:19.7290000 +00:00
30069abe00f1,Vila Progresso,5002704.0,50,2025-04-19 19:09:07.6880000 +00:00,2025-04-19 19:09:17.5310000 +00:00
5fb35da0a8e3,rural,5002951.0,50,2022-06-20 20:28:29.7940000 +00:00,2022-06-20 20:28:29.7940000 +00:00
c3e92d180a02,Loteamento Tarcila do Amaral,5002704.0,50,2024-12-08 18:20:50.9780000 +00:00,2024-12-08 18:20:50.9780000 +00:00
3abee8d3d38f,Bosque das Araras,5002704.0,50,2025-12-26 22:42:42.8340000 +00:00,2025-12-26 22:42:42.8340000 +00:00
5df0225c68df,Jardim São João 1ª Seção,5006606.0,50,2025-11-20 00:04:53.8330000 +00:00,2025-11-20 00:05:06.7430000 +00:00
716ab83d79a7,Morada do Sol ,5007208.0,50,2025-03-21 19:24:05.3310000 +00:00,2025-03-21 19:24:05.3310000 +00:00
0835468c8d76,Jardim Colúmbia,5002704.0,50,2024-07-30 02:53:39.3860000 +00:00,2024-07-30 02:53:39.3860000 +00:00
41afa16f36b7,Pioneiros,5002704.0,50,2022-01-21 18:29:57.3020000 +00:00,2022-01-21 18:29:57.3020000 +00:00
c0b2658e195f,Jardim Boa Vista,5002100.0,50,2024-07-22 18:02:07.6950000 +00:00,2024-07-22 18:02:07.6950000 +00:00
1a967b32f68b,Jardim Tijuca,5002704.0,50,2023-04-13 13:15:57.9490000 +00:00,2023-04-13 13:15:57.9490000 +00:00
88b2bf856daf,Jardim Samambaia,5002704.0,50,2023-08-24 18:52:59.8980000 +00:00,2023-08-24 18:53:09.2150000 +00:00
e8fe4d625829,Jardim América,5006606.0,50,2021-07-02 16:59:11.7350000 +00:00,2021-07-02 16:59:11.7350000 +00:00
0ec268c3b273,Vila Almeida,5002704.0,50,2025-04-27 12:58:37.7870000 +00:00,2025-04-27 12:58:37.7870000 +00:00
8a79cac75936,centro ,5002605.0,50,2022-03-12 03:10:50.3990000 +00:00,2022-03-12 03:10:50.3990000 +00:00
3d3cdc790316,Jardim Marambaia,5006606.0,50,2021-07-02 18:24:30.8030000 +00:00,2021-07-02 18:24:30.8030000 +00:00
dc2e279069cf,Jardim Jacy,5002704.0,50,2020-04-29 04:45:05.3250000 +00:00,2020-04-29 04:45:05.3250000 +00:00
fd2152d1324c,Jardim Itamaracá,5002704.0,50,2026-01-31 23:56:51.4340000 +00:00,2026-01-31 23:56:51.4340000 +00:00
63ea6ff619e3,Vila Nasser,5002704.0,50,2026-01-20 01:47:09.5450000 +00:00,2026-01-20 01:47:09.5450000 +00:00
add274c2aa50,Parque Alvorada,5003702.0,50,2021-07-30 14:33:59.2420000 +00:00,2021-07-30 14:35:17.7750000 +00:00
e215e0af6137,Tiradentes,5002704.0,50,2023-10-21 00:23:00.8750000 +00:00,2023-10-21 00:23:00.8750000 +00:00
9ebfa5e1f7c0,Conjunto Habitacional Izidro Pedroso,5003702.0,50,2026-06-02 22:12:10.4920000 +00:00,2026-06-02 22:12:10.4920000 +00:00
bef0df309faa,Residencial Mário Cóvas,5002704.0,50,2022-08-16 12:54:25.0230000 +00:00,2022-08-16 12:54:45.1860000 +00:00
0e5b86a7b220,Padre Ernesto Sassida,5003207.0,50,2024-12-30 11:34:54.6680000 +00:00,2025-09-02 17:23:57.0200000 +00:00
1ab567985634,Coophamat,5002704.0,50,2024-03-07 03:46:36.9990000 +00:00,2024-03-07 03:46:36.9990000 +00:00
bd1b9cc1aee7,Vila São Paulo ,5003306.0,50,2024-09-10 17:05:01.4650000 +00:00,2024-09-10 17:05:01.4650000 +00:00
418fd7555189,Vila São Pedro,5003702.0,50,2025-02-19 18:48:34.8600000 +00:00,2025-02-19 18:48:34.8600000 +00:00
2dd98345cb2c,Nova Lima,5002704.0,50,2024-01-06 13:33:02.1890000 +00:00,2024-01-06 13:33:02.1890000 +00:00
dc8739015180,Jardim Manaíra,5002704.0,50,2024-06-04 12:59:05.6590000 +00:00,2024-10-11 02:46:12.6900000 +00:00
26e6b5b04034,Conjunto Guatos,5003207.0,50,2021-07-23 14:40:30.4470000 +00:00,2021-07-23 14:40:30.4470000 +00:00
1d5098a04aa3,Centro,5002704.0,50,2021-01-21 21:55:13.8330000 +00:00,2021-01-21 21:55:13.8330000 +00:00
6a40dee5360e,Nova Lima,5002704.0,50,2025-04-05 12:49:57.3350000 +00:00,2025-04-05 12:49:57.3350000 +00:00
0c9785d575e6,Jardim Novo Horizonte,5003702.0,50,2023-06-01 21:57:10.0930000 +00:00,2023-06-01 21:58:50.9740000 +00:00
42dd47c9b7e1,Copacabana ,5000609.0,50,2024-04-05 16:29:59.8210000 +00:00,2024-04-05 16:29:59.8210000 +00:00
283dc20e1469,Vila piratininga,5002704.0,50,2024-09-28 02:34:59.8940000 +00:00,2024-09-28 02:34:59.8940000 +00:00
f7c1082f78b0,Osvaldo Monteiro ,5005004.0,50,2024-12-04 18:19:56.3860000 +00:00,2024-12-04 18:22:09.5100000 +00:00
3f0b83ed26f0,Los Angeles,5002704.0,50,2026-02-13 20:32:59.8550000 +00:00,2026-02-13 20:32:59.8550000 +00:00
552d2d46a824,Jardim Tropical,5002704.0,50,2024-08-25 01:26:20.6100000 +00:00,2024-08-25 01:26:20.6100000 +00:00
6864c7c4751a,Esplanada,5003702.0,50,2024-10-10 01:16:47.8930000 +00:00,2024-10-10 01:16:47.8930000 +00:00
0392959c911d,Centro,5005707.0,50,2021-10-18 14:38:35.5750000 +00:00,2021-10-18 14:38:35.5750000 +00:00
c1ae9901aa9c,Pioneiros,5002704.0,50,2020-04-24 18:53:11.3480000 +00:00,2020-04-24 18:53:40.0290000 +00:00
ee0153fd9909,Centro,5006200.0,50,2025-03-08 05:27:04.1700000 +00:00,2025-03-08 05:27:04.1700000 +00:00
12bec90afc07,Conjunto Aero Rancho,5002704.0,50,2022-04-17 04:28:14.5030000 +00:00,2022-04-17 04:28:14.5030000 +00:00
9e2c08a4375a,Vila Nogueira,5002704.0,50,2025-06-01 01:44:31.0940000 +00:00,2025-06-01 01:44:31.0940000 +00:00
68782fed5800,Coophatrabalho,5002704.0,50,2023-07-11 19:17:57.1570000 +00:00,2023-07-11 19:17:57.1570000 +00:00
c2e928048d98,Nova Lima,5002704.0,50,2023-06-06 12:36:58.5180000 +00:00,2023-06-06 12:36:58.5180000 +00:00
f3b5f6448df1,Cristo Rei,5005251.0,50,2024-07-18 17:59:28.1910000 +00:00,2024-07-18 17:59:28.1910000 +00:00
c5f5137d8799,Jardim Los Angeles,5002704.0,50,2020-04-29 03:58:52.5120000 +00:00,2020-04-29 03:59:22.6820000 +00:00
e199b8d14a55,nova Rio brilhante ,5007208.0,50,2024-03-01 10:38:21.2800000 +00:00,2024-03-01 10:38:21.2800000 +00:00
203bef5437da,Chácara Cachoeira,5002704.0,50,2025-03-10 18:21:00.3830000 +00:00,2025-03-10 18:21:00.3830000 +00:00
926e898f73b2,Jardim Guanabara,5003702.0,50,2024-03-02 19:25:34.3710000 +00:00,2024-03-02 19:25:34.3710000 +00:00
4e8dac1ef861,Campo Dourado,5003702.0,50,2021-08-12 02:20:09.1040000 +00:00,2021-08-12 02:20:09.1040000 +00:00
bf7ab3b51dd6,Pulinópolis,4114104.0,41,2022-11-09 05:56:22.8230000 +00:00,2022-11-09 05:56:47.2740000 +00:00
31ad70612290,Monte Castelo,5002704.0,50,2020-08-14 03:11:48.4320000 +00:00,2020-08-14 03:11:48.4320000 +00:00
e01ee4c4bdd9,Vila Rosa,5003702.0,50,2021-08-11 14:12:36.7300000 +00:00,2021-08-11 14:12:36.7300000 +00:00
a03f2e0f80b7,,5006275.0,50,2021-08-17 19:44:48.9990000 +00:00,2021-08-17 19:47:59.7740000 +00:00
322a01c1d7c9,Jardim Tijuca,5002704.0,50,2024-02-07 20:35:44.8910000 +00:00,2024-02-07 20:35:44.8910000 +00:00
cca8c844e0e4,Tiradentes,5002704.0,50,2023-01-14 16:18:43.3600000 +00:00,2024-08-05 01:36:26.9920000 +00:00
202005f80724,Tiradentes,5002704.0,50,2021-01-09 12:26:14.0720000 +00:00,2021-01-09 12:26:14.0720000 +00:00
656dedbffe2a,Esplanada IV,5002951.0,50,2025-05-19 18:10:48.7050000 +00:00,2025-05-19 18:10:48.7050000 +00:00
f00dd589da48,espatodia,5002951.0,50,2024-12-10 23:58:59.6130000 +00:00,2024-12-10 23:58:59.6130000 +00:00
a31c29ce12f6,Nova Rio Brilhante ,5007208.0,50,2022-09-02 09:52:21.4620000 +00:00,2022-09-02 09:52:21.4620000 +00:00
12f7667dafbd,Loteamento Vespasiano Martins,5002704.0,50,2021-05-18 19:09:43.9490000 +00:00,2021-05-18 19:09:43.9490000 +00:00
1c81faeee0c6,Vila Industrial,5003702.0,50,2025-08-18 01:26:24.6980000 +00:00,2025-08-18 01:26:24.6980000 +00:00
f9a5fa0cfd89,Panamá,5002704.0,50,2024-09-02 18:54:53.3400000 +00:00,2024-09-02 18:54:53.3400000 +00:00
c3ebde016025,Pioneiro,5003801.0,50,2021-12-21 03:49:24.1700000 +00:00,2021-12-21 03:49:24.1700000 +00:00
7887074ea45f,Jardim Tijuca,5002704.0,50,2020-05-03 12:25:18.2460000 +00:00,2020-05-03 12:25:18.2460000 +00:00
fd3f1aac524e,Vila Cachoeirinha,5003702.0,50,2025-01-17 23:09:25.5690000 +00:00,2025-01-17 23:09:25.5690000 +00:00
b476136db3d6,vila piratininga,5002704.0,50,2021-12-27 13:17:01.0030000 +00:00,2021-12-27 13:17:01.0030000 +00:00
74cc7e3b0e8d,Tiradentes,5002704.0,50,2025-01-13 03:10:36.8720000 +00:00,2025-01-13 03:11:23.2950000 +00:00
fd60ebffa80a,Parque dos Novos Estados,5002704.0,50,2021-04-12 19:44:23.7800000 +00:00,2021-04-12 19:45:26.9230000 +00:00
427f3cbedb3a,Jardim América,5006606.0,50,2024-01-29 15:19:28.5450000 +00:00,2024-01-29 15:19:28.6330000 +00:00
7abc18bbc1e7,Mata do Jacinto,5002704.0,50,2023-11-11 17:55:17.7340000 +00:00,2023-11-11 17:55:17.7340000 +00:00
07bf0f388874,Panambi,5003702.0,50,2023-02-11 01:40:24.4540000 +00:00,2023-02-11 01:40:24.4540000 +00:00
f65dfddbc9aa,Santa Mônica ,5008008.0,50,2022-03-08 16:45:24.4810000 +00:00,2022-03-08 16:45:28.3940000 +00:00
9c369f0fd049,Terra Firme,1501402.0,15,2021-09-02 16:08:39.0840000 +00:00,2021-12-07 15:17:06.0490000 +00:00
036edad918a7,ESPERANÇA,5002951.0,50,2026-05-27 19:52:12.7930000 +00:00,2026-05-27 19:52:12.7930000 +00:00
45ddb31d302c,Parque das Nações,5003702.0,50,2022-01-01 22:31:10.0260000 +00:00,2022-01-01 22:31:10.0260000 +00:00
a8852df0e5a1,Jardim Novo Horizonte,5003702.0,50,2024-01-30 16:34:34.0170000 +00:00,2024-01-30 16:34:34.0170000 +00:00
2ae72046c2fb,Vila Antônio Vendas,5002704.0,50,2023-08-21 15:47:01.6560000 +00:00,2023-08-21 15:47:01.6560000 +00:00
df4220ef725b,Aeroporto,5003207.0,50,2023-01-17 14:21:14.3740000 +00:00,2023-01-17 14:21:32.0200000 +00:00
9112002b3e8a,Residencial Terra Morena,5002704.0,50,2023-12-01 13:39:29.2160000 +00:00,2023-12-01 13:39:29.2160000 +00:00
708e12a6891b,Jardim São Pedro,5003702.0,50,2022-07-14 01:32:29.9310000 +00:00,2022-07-14 01:32:29.9310000 +00:00
712774700483,Tiradentes,5002704.0,50,2022-04-29 19:24:38.1490000 +00:00,2022-04-29 19:25:27.9860000 +00:00
497e44135012,Carandá Bosque,5002704.0,50,2021-01-26 22:51:18.2620000 +00:00,2021-01-26 22:51:18.2620000 +00:00
e4f4f3e6d709,Jardim Colibri,5003702.0,50,2021-08-11 17:23:16.4480000 +00:00,2021-08-11 17:23:24.7990000 +00:00
432faf1eef7e,Centro,5002704.0,50,2021-12-27 00:28:54.7250000 +00:00,2021-12-27 00:28:54.7250000 +00:00
c977f8c2a155,Jardim Flórida,5003702.0,50,2023-12-06 22:03:56.4550000 +00:00,2023-12-06 22:03:56.4550000 +00:00
62c389b33e9d,Centro,5007695.0,50,2025-08-09 07:20:24.2000000 +00:00,2025-08-09 07:20:24.2000000 +00:00
0018d7cf7f34,Vila Taquarussu,5002704.0,50,2024-04-06 16:03:31.4750000 +00:00,2024-04-06 16:03:31.4750000 +00:00
ffdfde77a5e6,Residencial Caio Martins,3124104.0,31,2024-04-18 00:07:51.8070000 +00:00,2024-04-18 00:07:51.8070000 +00:00
700b15b55d6f,Guiomar Soares Andrade,5006200.0,50,2026-06-26 18:59:48.5750000 +00:00,2026-06-26 18:59:48.5750000 +00:00
9b795c600161,Popular Velha,5003207.0,50,2024-06-26 08:49:05.2850000 +00:00,2024-06-26 08:49:05.2850000 +00:00
e75c10de6bcd,Santo Antônio ,5006309.0,50,2024-06-02 02:29:32.8560000 +00:00,2024-06-02 02:29:32.8560000 +00:00
43d909d93031,,5006309.0,50,2020-04-28 02:12:39.6910000 +00:00,2020-04-28 02:12:39.6910000 +00:00
e11429c2e660,Parque Alvorada,5003702.0,50,2025-10-02 02:37:46.4550000 +00:00,2025-10-02 02:38:24.5590000 +00:00
d3dc571e7a0e,nova esperança ,5007109.0,50,2023-07-01 23:23:08.8910000 +00:00,2023-07-01 23:23:08.8910000 +00:00
31ab6000e94c,Jardim Bonança,5002704.0,50,2024-03-10 15:14:12.9670000 +00:00,2024-03-10 15:14:32.4960000 +00:00
ebc13f8616e6,Conjunto Aero Rancho,5002704.0,50,2025-11-14 20:48:48.0770000 +00:00,2025-11-14 20:48:48.0770000 +00:00
5785e35d0a0d,Santana,5003256.0,50,2024-01-29 20:13:02.6280000 +00:00,2024-01-29 20:13:02.6280000 +00:00
e53aa22dbb37,Jardim Márcia,5003702.0,50,2024-09-08 17:52:24.4500000 +00:00,2024-09-08 17:52:24.4500000 +00:00
1c0c503969ce,Carandá Bosque,5002704.0,50,2024-02-20 15:14:45.7420000 +00:00,2024-02-20 15:14:45.7420000 +00:00
c2450618f35e,Jardim Morenão,5002704.0,50,2020-05-14 15:47:26.1480000 +00:00,2020-05-14 15:47:26.1480000 +00:00
fd47fb5e53aa,Santa Maria ,5004502.0,50,2024-12-22 23:06:45.3790000 +00:00,2024-12-22 23:06:59.8980000 +00:00
34002af1d5ff,Jardim São Paulo ,5003801.0,50,2023-01-20 05:25:57.0140000 +00:00,2023-02-28 00:06:59.9420000 +00:00
aab08e04cfb7,Coopharádio,5002704.0,50,2023-03-31 20:09:40.2220000 +00:00,2023-03-31 20:09:40.2220000 +00:00
1af6d725965c,Jardim Walkíria,3549805.0,35,2021-03-04 14:22:23.8160000 +00:00,2021-03-04 14:22:23.8160000 +00:00
9c38b7777baa,Cristo Rei,5000708.0,50,2023-10-18 12:28:58.0980000 +00:00,2023-10-18 12:28:58.0980000 +00:00
accce8a7a804,Vila Barbosa ,5001003.0,50,2024-01-20 15:17:53.1300000 +00:00,2024-01-20 15:17:53.1300000 +00:00
007b9d96236d,Vila Miguel Couto,5002704.0,50,2026-05-29 04:43:38.1890000 +00:00,2026-05-29 04:44:29.6540000 +00:00
baae4e137a12,Centro,5002902.0,50,2026-02-05 01:26:26.1440000 +00:00,2026-02-05 01:26:26.1440000 +00:00
d3bfefdfaf2e,Jardim Márcia,5003702.0,50,2025-10-29 17:33:22.9460000 +00:00,2025-10-29 17:33:22.9460000 +00:00
96cd6dc0619c,Vila Nasser,5002704.0,50,2023-10-21 15:32:50.2980000 +00:00,2023-10-21 15:32:50.2980000 +00:00
67a231c0f5be,Jardim Nova Americana,5008305.0,50,2025-04-18 19:26:18.7070000 +00:00,2025-04-18 19:26:18.7070000 +00:00
75ce5d8364be,Residencial Búzios,5002704.0,50,2024-10-23 14:23:17.5810000 +00:00,2024-10-23 14:23:17.5810000 +00:00
d8e8f8f83ceb,Monte Castelo,5002704.0,50,2024-04-22 17:03:02.2230000 +00:00,2024-04-22 17:03:02.2230000 +00:00
61fa70d261d5,Vila Jussara,5002704.0,50,2023-11-18 01:49:39.4710000 +00:00,2023-11-18 01:49:39.4710000 +00:00
a6dc616aabf8,centro,5005707.0,50,2025-01-13 20:14:26.0900000 +00:00,2025-01-13 20:15:20.6760000 +00:00
28bac5da0f44,Loteamento Bosque da Esperança,5002704.0,50,2021-01-21 17:09:52.8830000 +00:00,2021-01-21 17:09:52.8830000 +00:00
986c68f37fc8,Pioneiros,5002704.0,50,2022-07-11 15:20:50.7930000 +00:00,2022-07-11 15:20:50.7930000 +00:00
e1c922f4df1c,Parque São Carlos,5008305.0,50,2025-04-25 08:45:11.4910000 +00:00,2025-04-25 08:45:11.4910000 +00:00
751a011e1192,Jardim Rasslem,5003702.0,50,2024-11-02 22:35:57.3860000 +00:00,2024-11-02 22:36:09.9430000 +00:00
9676dc1b9e95,Vivendas do Parque,5002704.0,50,2024-04-25 13:16:32.6700000 +00:00,2024-04-25 13:16:32.6700000 +00:00
16308a336082,Conjunto Napoleão ,5005400.0,50,2021-12-10 01:48:05.9080000 +00:00,2021-12-10 01:48:05.9080000 +00:00
aced697a0377,Primo Maffissoni,5007695.0,50,2026-01-03 04:40:32.5200000 +00:00,2026-01-03 04:40:32.5200000 +00:00
6e9817a6bda8,Conjunto Aero Rancho,5002704.0,50,2024-12-06 18:45:41.6770000 +00:00,2024-12-06 18:46:38.1840000 +00:00
25075336ed24,BNH,5003801.0,50,2022-07-07 04:58:24.7080000 +00:00,2022-07-07 04:58:35.0090000 +00:00
4fb08f09aa68,Bairro Seminário,5002704.0,50,2020-03-24 16:23:02.2050000 +00:00,2020-03-24 16:23:02.2050000 +00:00
8371656ecc47,Residencial Ana Maria do Couto,5002704.0,50,2023-06-06 04:48:27.6430000 +00:00,2023-06-06 04:49:18.0330000 +00:00
b0560b6a70e7,Residencial Por do Sol I,5000609.0,50,2021-05-08 18:41:58.2010000 +00:00,2021-05-08 18:41:58.2010000 +00:00
e9ef730f1e72,Parque Residencial Rita Vieira,5002704.0,50,2025-01-02 22:05:33.3800000 +00:00,2025-01-02 22:05:33.3800000 +00:00
c4ebbdf552c6,Centro ,2614105.0,26,2025-05-19 02:37:59.4070000 +00:00,2025-05-19 02:39:17.3590000 +00:00
c47234e63fa7,Jardim Enseada dos Pássaros,5002704.0,50,2024-09-12 00:37:56.0680000 +00:00,2024-09-12 00:37:56.0680000 +00:00
58eb6ad7dff7,Jardim Noroeste,5002704.0,50,2024-08-19 23:31:28.4090000 +00:00,2024-08-19 23:31:41.5190000 +00:00
3cd46755e93b,Jardim Deoclécio Artuzzi,5003702.0,50,2023-12-07 17:17:33.0280000 +00:00,2023-12-07 17:17:33.0280000 +00:00
58620ecc9987,Jardim Paulista,5002704.0,50,2021-10-01 06:08:04.6850000 +00:00,2021-10-01 06:08:38.2570000 +00:00
2c0ead739e20,Vila Taquarussu,5002704.0,50,2024-07-16 01:10:00.4240000 +00:00,2024-07-16 01:10:00.4240000 +00:00
07a61e56ff6f,Jardim Paranapunga,5008305.0,50,2025-03-05 20:45:22.0330000 +00:00,2025-03-05 20:45:22.0330000 +00:00
432ecd8ea760,2235,5006200.0,50,2021-12-13 12:31:24.9390000 +00:00,2021-12-13 12:31:24.9390000 +00:00
4a481b7c08b6,Gramame,2507507.0,25,2026-04-24 13:28:49.4280000 +00:00,2026-04-24 13:28:49.4280000 +00:00
3422128b1828,Jardim Angélica,5008305.0,50,2020-06-19 20:58:05.6480000 +00:00,2020-06-19 20:58:05.6480000 +00:00
c44eb5bc6856,CENTRO,5005806.0,50,2022-09-18 00:26:13.9270000 +00:00,2022-09-18 00:26:17.4850000 +00:00
8226bff145c3,Recanto das Paineiras,5002704.0,50,2021-08-18 03:42:00.9570000 +00:00,2021-08-18 03:42:00.9570000 +00:00
e3fe638f58c5,Vila Juquita,5005400.0,50,2024-01-09 13:59:01.7910000 +00:00,2024-01-24 20:52:00.7250000 +00:00
3c480f921cf7,Vista Alegre ,5002605.0,50,2022-06-14 13:41:46.4600000 +00:00,2022-06-14 13:41:46.4600000 +00:00
c58722f8ea33,Primo Maffissoni ,5007695.0,50,2025-04-24 16:03:34.6910000 +00:00,2025-04-24 16:03:34.6910000 +00:00
c5933db76434,Jardim primavera,5007695.0,50,2022-06-23 00:11:10.4220000 +00:00,2022-06-23 00:11:10.4220000 +00:00
0dddcccbb79f,Vila Taquarussu,5002704.0,50,2025-04-23 22:32:00.8820000 +00:00,2025-04-23 22:32:00.8820000 +00:00
4f03a5c6c11f,planalto ,5002100.0,50,2022-01-27 19:32:34.3100000 +00:00,2022-01-27 19:32:34.3100000 +00:00
f13a2ba61ad2,Jardim Tijuca,5002704.0,50,2024-05-06 18:33:12.4570000 +00:00,2024-05-06 18:33:12.4570000 +00:00
350247ec8032,Nova Corumbá,5003207.0,50,2021-06-27 21:03:20.3220000 +00:00,2021-06-27 21:03:40.6040000 +00:00
95ab596d29bb,Jardim Presidente,5002704.0,50,2025-05-17 14:47:35.2860000 +00:00,2025-05-17 14:47:35.2860000 +00:00
86f0e76ff0d0,Solar do Vale,5004700.0,50,2024-06-18 22:36:22.8650000 +00:00,2024-06-18 22:36:22.8650000 +00:00
b196a29d4402,Centro Velho,5000203.0,50,2024-04-25 15:08:21.1080000 +00:00,2024-04-25 15:08:21.1080000 +00:00
a24698b45360,Vila Rica,5003256.0,50,2026-07-16 17:18:46.7540000 +00:00,2026-07-16 17:18:56.5290000 +00:00
e235b8da7b6d,Alto Maracaju,5005400.0,50,2026-01-18 01:35:34.5240000 +00:00,2026-01-18 01:35:44.3490000 +00:00
b6576e675b8a,bairro alto,5001102.0,50,2023-10-19 00:38:33.3630000 +00:00,2023-10-19 00:38:33.3630000 +00:00
d7f80c4b582e,centro,5003488.0,50,2022-01-07 21:17:16.1670000 +00:00,2022-01-07 21:17:16.1670000 +00:00
66dcf2a1b257,Jardim Aero Rancho,5002704.0,50,2024-07-09 18:25:47.0620000 +00:00,2024-07-09 18:25:47.0620000 +00:00
425d8601caf0,Jardim América,5002704.0,50,2025-11-24 10:49:19.1240000 +00:00,2025-11-24 10:49:19.1240000 +00:00
e1319ada9740,Jardim São Conrado,5002704.0,50,2021-11-20 21:45:10.4120000 +00:00,2021-11-20 21:45:10.4120000 +00:00
2be4a38cf629,Centro ,5005004.0,50,2024-07-01 11:29:59.5640000 +00:00,2024-07-01 11:29:59.5640000 +00:00
72a5c116efe2,Benedito rondon ,5007208.0,50,2022-03-06 18:36:45.7790000 +00:00,2022-03-06 18:36:45.7790000 +00:00
e099c20e374a,Vivendas do Parque,5002704.0,50,2023-03-16 14:50:47.7940000 +00:00,2023-03-16 14:50:47.7940000 +00:00
c16feade8b63,Indápolis,5003702.0,50,2021-12-01 23:12:49.4180000 +00:00,2021-12-01 23:12:49.4180000 +00:00
07a9f363d2a1,Parque das Nações,5003702.0,50,2024-02-26 00:50:36.8000000 +00:00,2024-11-01 14:13:16.0110000 +00:00
a3fa744d2a9c,Centro,5002704.0,50,2026-01-13 14:46:47.7520000 +00:00,2026-01-13 14:47:25.0400000 +00:00
3e7fe1fb10a1,Jardim Eldorado,3541505.0,35,2026-05-06 16:45:37.6670000 +00:00,2026-05-06 16:45:37.6670000 +00:00
3e36cbed3b78,Tiradentes,5002704.0,50,2020-05-06 05:20:48.7200000 +00:00,2020-05-06 05:20:48.7200000 +00:00
9a0262648e98,centro educacional ,5003801.0,50,2023-12-01 06:01:20.5760000 +00:00,2023-12-01 06:02:00.0680000 +00:00
175fab4fb269,Jardim Imperial,5103403.0,51,2024-11-17 19:13:30.3830000 +00:00,2025-10-23 19:46:06.0590000 +00:00
2efdc8b3cafa,Loteamento Vespasiano Martins,5002704.0,50,2024-02-12 17:08:16.1010000 +00:00,2024-02-12 17:08:16.1010000 +00:00
ba2fc889c6de,Jardim gramado ,5007695.0,50,2024-11-30 21:51:06.6690000 +00:00,2024-11-30 21:51:06.6690000 +00:00
fae75399611a,Jardim Panamà,5002704.0,50,2023-05-17 12:40:39.4390000 +00:00,2023-05-17 12:41:16.3150000 +00:00
d009d36efd95,Vila Popular,5002704.0,50,2024-04-18 12:55:17.9270000 +00:00,2024-04-18 12:55:17.9270000 +00:00
f789dd49fa7b,Loteamento Flor de Lis,5003702.0,50,2026-01-22 17:31:50.0460000 +00:00,2026-01-22 17:31:50.0460000 +00:00
66728609b0e4,Jardim Cangalha,5008305.0,50,2021-06-17 13:03:20.2340000 +00:00,2021-06-17 13:03:58.7920000 +00:00
dd7b3228f1cb,Bairro Seminário,5002704.0,50,2023-05-04 13:52:54.6040000 +00:00,2023-05-04 13:52:54.6040000 +00:00
c432fa672330,Afonso paim ,5000708.0,50,2023-07-30 04:13:13.3080000 +00:00,2023-07-30 04:13:13.3080000 +00:00
ffb699bd2736,Jardim Tarumã,5002704.0,50,2026-02-03 00:56:44.7670000 +00:00,2026-02-03 00:56:44.7670000 +00:00
4533cd77be35,Jardim Aymores,5003256.0,50,2023-06-01 03:49:22.9490000 +00:00,2023-06-01 03:51:08.5070000 +00:00
091e30ebc754,Vival dos Ipês,5003702.0,50,2021-08-19 13:18:38.0240000 +00:00,2025-11-14 06:02:06.4540000 +00:00
2f7d074c9471,São Vicente,5006200.0,50,2021-01-21 21:51:01.9660000 +00:00,2021-01-21 21:51:09.9040000 +00:00
cd812d915251,Jardim Alvorada ,5007109.0,50,2024-10-14 11:52:26.1980000 +00:00,2024-10-14 11:52:26.1980000 +00:00
26f529dbdfa5,jardim vista alegre,5003306.0,50,2020-06-24 00:16:11.0260000 +00:00,2020-07-16 04:30:01.7710000 +00:00
172de5fd8976,Jardim Paradiso,5002704.0,50,2023-06-25 23:13:50.0500000 +00:00,2023-06-25 23:13:50.0500000 +00:00
d8c510d0bef4,Jardim das Nações,5002704.0,50,2024-06-01 17:28:48.5520000 +00:00,2024-06-01 17:28:48.5520000 +00:00
05f1cc4b6a77,Jd Taita,5005004.0,50,2024-11-08 03:22:04.1700000 +00:00,2024-11-08 03:22:04.1700000 +00:00
88b44e4b4135,Jardim Fluminense,5002704.0,50,2024-03-22 11:10:49.0570000 +00:00,2024-03-22 11:10:49.0570000 +00:00
bf86c73ecf80,Jardim Nhanhá,5002704.0,50,2024-11-02 02:46:27.2890000 +00:00,2024-11-02 02:46:27.2890000 +00:00
b6bc01b2d35b,Vila São Jorge da Lagoa,5002704.0,50,2023-10-31 18:08:13.9320000 +00:00,2023-10-31 18:08:13.9320000 +00:00
5a89637f5ca6,Jardim Cristhais,5003702.0,50,2022-06-28 22:08:37.7500000 +00:00,2022-06-28 22:08:37.7500000 +00:00
fd53a5e8882b,Centro,5006309.0,50,2023-01-17 21:40:02.5790000 +00:00,2023-01-17 21:40:02.5790000 +00:00
73bd24ad9b8c,Jardim Márcia,5003702.0,50,2026-06-24 17:43:15.9610000 +00:00,2026-06-24 17:47:07.8360000 +00:00
b38cb8337f75,São João,3306305.0,33,2024-09-30 05:03:38.5700000 +00:00,2024-09-30 05:03:38.5700000 +00:00
ab7fc728cd7d,Aeroporto,5003207.0,50,2025-03-11 13:16:12.1590000 +00:00,2025-03-11 13:16:12.1590000 +00:00
36934e7ee32a,Serraville,5002704.0,50,2024-07-14 22:59:44.5600000 +00:00,2024-07-14 22:59:44.5600000 +00:00
501e0d03345f,Tiradentes,5002704.0,50,2021-01-28 13:09:56.0220000 +00:00,2022-05-24 18:48:52.0910000 +00:00
dcc4c0952fe8,Parque Alvorada,5003702.0,50,2022-01-24 15:10:50.7100000 +00:00,2023-08-31 18:05:51.6430000 +00:00
686481113779,Nova Corumbá,5003207.0,50,2020-10-19 23:53:33.0050000 +00:00,2020-10-19 23:53:33.0050000 +00:00
1ffd34013c8b,Jd indaiá II,5006002.0,50,2021-09-24 03:07:03.9350000 +00:00,2021-09-24 03:07:03.9350000 +00:00
eec96e7c78b2,Vila Morumbi,5002704.0,50,2023-01-24 18:15:50.7710000 +00:00,2023-05-03 19:54:02.6050000 +00:00
2343cc4882e0,Conjunto Habitacional Izidro Pedroso,5003702.0,50,2021-12-21 20:02:14.3790000 +00:00,2021-12-21 20:03:44.8420000 +00:00
f6952a4895e0,Santos Dumont,5008305.0,50,2023-06-01 23:03:35.9780000 +00:00,2023-06-01 23:07:51.8720000 +00:00
1e750f3777f1,Macuba,5003702.0,50,2021-03-16 22:57:26.3050000 +00:00,2021-03-16 22:57:26.3050000 +00:00
317ac4eca4b1,Vila Giocondo Orsi,5002704.0,50,2023-10-22 19:43:21.0750000 +00:00,2023-10-22 19:43:21.0750000 +00:00
12b05f2010e9,Mata do Jacinto,5002704.0,50,2022-12-05 18:24:22.8590000 +00:00,2022-12-05 18:24:22.8590000 +00:00
10c643530d30,Vila Valéria,5003108.0,50,2021-10-22 12:27:11.7560000 +00:00,2021-10-22 12:36:52.4200000 +00:00
d12ac723fe27,Jardim Caramuru,5003702.0,50,2026-03-23 02:19:53.4310000 +00:00,2026-03-23 02:19:53.4310000 +00:00
8c18a3209426,Primo Maffissoni,5007695.0,50,2026-04-02 19:58:28.3400000 +00:00,2026-04-02 19:58:40.2340000 +00:00
fe3445c8efb2,Jardim Água Boa,5003702.0,50,2021-08-27 19:09:23.1800000 +00:00,2021-08-27 19:09:23.1800000 +00:00
bb7e6757081b,Maria Aparecida Pedrossian,5002704.0,50,2021-07-03 14:45:24.7640000 +00:00,2021-12-06 11:02:25.3100000 +00:00
93d041d06602,Vila Terezinha,5008305.0,50,2024-10-09 11:36:28.8730000 +00:00,2024-10-09 11:36:28.8730000 +00:00
9d7eb55a9950,Parque dos Novos Estados,5002704.0,50,2025-02-25 01:20:26.4810000 +00:00,2025-02-25 01:20:35.6680000 +00:00
69be67492f4e,Coophafé,5002704.0,50,2024-02-09 18:14:32.2950000 +00:00,2024-02-09 18:14:32.2950000 +00:00
a2a8b13daf48,Bairro Santa Isabel,5006606.0,50,2023-12-06 12:56:22.5670000 +00:00,2023-12-06 12:56:22.5670000 +00:00
b1ad19417802,Vila Santa Luzia,5002704.0,50,2022-11-22 11:49:31.9370000 +00:00,2022-11-22 11:49:44.1020000 +00:00
38f474ce88dd,santa alice,3123601.0,31,2026-03-25 12:42:39.1510000 +00:00,2026-03-25 12:42:39.1510000 +00:00
5c009c57b40b,esplanada 1,5002951.0,50,2024-04-21 13:15:41.8840000 +00:00,2024-04-21 13:15:41.8840000 +00:00
8073097179e8,Jardim Centenário,5002704.0,50,2020-11-30 18:52:41.4990000 +00:00,2020-11-30 18:52:41.4990000 +00:00
73b6ca56fd07,Coronel Antonino,5002704.0,50,2026-04-19 03:54:45.8280000 +00:00,2026-04-19 03:57:46.1330000 +00:00
a2fffbd61da4,Jardim Aero Rancho,5002704.0,50,2026-01-06 02:19:48.3210000 +00:00,2026-01-06 02:19:48.3210000 +00:00
820769dd8295,Jardim Tijuca,5002704.0,50,2022-04-28 21:53:10.3640000 +00:00,2022-04-28 21:53:10.3640000 +00:00
bc6ed47b3725,Coophavila II,5002704.0,50,2025-09-03 00:48:09.3110000 +00:00,2025-09-03 00:48:09.3110000 +00:00
15b523f301a0,Centro,5002704.0,50,2026-01-15 03:13:55.8290000 +00:00,2026-01-15 03:13:55.8290000 +00:00
6d5663a070f9,Centro América,5003207.0,50,2024-05-02 11:11:48.6680000 +00:00,2024-05-02 11:11:48.6680000 +00:00
fed0e760258c,Jardim Centenário,5002704.0,50,2021-01-31 11:46:09.6700000 +00:00,2021-01-31 11:46:09.6700000 +00:00
6bf066b83e6c,jardim Europa ,5003306.0,50,2024-08-17 13:26:11.2950000 +00:00,2024-08-17 13:26:11.2950000 +00:00
df61a1a0f6a0,Residencial Ramez Tebet,5002704.0,50,2024-11-09 11:04:49.7950000 +00:00,2024-11-09 11:04:49.7950000 +00:00
441008e4ed63,CENTRO ,5007901.0,50,2022-07-25 20:17:24.4120000 +00:00,2022-07-25 20:17:24.4120000 +00:00
27e2fa14b25e,Residencial Ana Maria do Couto,5002704.0,50,2020-04-30 03:03:14.6350000 +00:00,2020-04-30 03:03:14.6350000 +00:00
bcc8d2bc0e6a,Jardim São Pedro,5003702.0,50,2022-01-09 16:01:20.9130000 +00:00,2022-01-09 16:01:20.9130000 +00:00
4d69c23867c6,Cristo Rei ,5000708.0,50,2024-01-02 19:00:03.4900000 +00:00,2024-01-02 19:00:03.4900000 +00:00
e808fbfe7d85,Jardim Colibrí,5002704.0,50,2024-12-18 05:13:11.5820000 +00:00,2024-12-18 05:13:11.5820000 +00:00
22ccdd19bd91,Vila Santa Luzia,5002704.0,50,2022-03-16 01:27:33.3010000 +00:00,2022-03-16 01:27:33.3010000 +00:00
c9a21b1a6f95,Vila Prateada,5005400.0,50,2024-02-20 04:29:16.7460000 +00:00,2024-04-22 23:27:46.2400000 +00:00
a62ac2910438,camisao ,5005004.0,50,2025-02-12 11:43:49.0630000 +00:00,2025-02-12 11:43:49.0630000 +00:00
3b526d1a7e35,Itanhangá Park,5002704.0,50,2025-02-21 23:22:43.2750000 +00:00,2025-02-21 23:22:43.2750000 +00:00
2e33457be145,Residencial Ilhéus,5002704.0,50,2024-10-07 19:36:11.2270000 +00:00,2024-10-07 19:36:11.2270000 +00:00
e2b0316f177c,Jardim Água Boa,5003702.0,50,2022-02-26 23:27:44.0980000 +00:00,2022-02-26 23:27:53.3990000 +00:00
a89c32027ac3,são Bento ,5007901.0,50,2024-12-05 23:36:49.1690000 +00:00,2024-12-05 23:37:04.7000000 +00:00
09db8c0323cc,Planalto ,5007208.0,50,2025-01-29 00:01:10.0970000 +00:00,2025-01-29 00:01:10.0970000 +00:00
ecc9e1a0d917,Bairro Seminário,5002704.0,50,2021-12-06 14:10:41.1950000 +00:00,2021-12-06 14:10:41.1950000 +00:00
4470b9df37ca,Caiçara,5002704.0,50,2024-05-11 23:42:29.6810000 +00:00,2024-05-11 23:42:29.6810000 +00:00
434505f12e5d,Vila Taquarussu,5002704.0,50,2024-01-25 18:58:17.7330000 +00:00,2024-01-25 18:58:17.7330000 +00:00
c666bf8bd718,Vival dos Ipês,5003702.0,50,2026-08-05 23:55:47.1480000 +00:00,2026-08-05 23:55:47.1480000 +00:00
13c7e23d630e,Parque dos Laranjais,5002704.0,50,2022-03-18 11:32:01.7630000 +00:00,2022-03-18 11:32:49.1700000 +00:00
f08a55df54b1,Portal Caiobá,5002704.0,50,2020-10-18 22:40:50.8350000 +00:00,2020-10-18 22:40:50.8350000 +00:00
f869585eed82,alto da Boa Vista ,5008305.0,50,2024-01-05 17:07:21.8760000 +00:00,2024-01-05 17:07:21.8760000 +00:00
443ced7e88b5,Jardim Paulista,5003702.0,50,2021-10-02 02:15:47.7100000 +00:00,2021-10-02 02:15:47.7100000 +00:00
0e1e8e282ee0,Jardim Minas Gerais,5002902.0,50,2025-08-05 12:52:21.5090000 +00:00,2025-08-05 12:52:21.5090000 +00:00
7860632db7d2,Monte Carmelo,3143302.0,31,2024-02-15 09:15:28.5500000 +00:00,2024-02-15 09:15:28.5500000 +00:00
dbe8671bfdfd,cidade nova ,5001102.0,50,2025-02-28 17:46:15.1360000 +00:00,2025-02-28 17:46:15.1360000 +00:00
5beddf7ed319,Pinheiro,5001102.0,50,2021-08-12 03:03:05.8530000 +00:00,2021-08-12 03:03:05.8530000 +00:00
457e1e29ea14,Esplanada,5003702.0,50,2024-11-12 11:31:50.9770000 +00:00,2024-11-12 11:31:50.9770000 +00:00
9235bd80a028,Parque do Lageado,5002704.0,50,2025-02-13 22:18:11.2370000 +00:00,2025-02-13 22:25:37.8250000 +00:00
1789cea0f3e0,Jardim Central,5003702.0,50,2021-04-14 22:32:59.9170000 +00:00,2021-04-14 22:32:59.9170000 +00:00
2238b9665442,Flamboyant ,5002951.0,50,2023-06-03 14:32:51.0720000 +00:00,2023-06-03 14:33:15.5690000 +00:00
772dfdf6226d,Carandá Bosque,5002704.0,50,2025-08-25 13:53:34.9480000 +00:00,2025-08-25 13:53:34.9480000 +00:00
10cc9ab2c169,Jardim Colibri II,5002704.0,50,2024-02-09 15:57:54.4940000 +00:00,2024-02-09 15:57:54.4940000 +00:00
3c9adb442271,Conjunto Aero Rancho,5002704.0,50,2024-01-26 21:14:28.2220000 +00:00,2024-01-26 21:14:28.2220000 +00:00
6c6149547e84,Vila Palmira,5002704.0,50,2021-08-11 16:26:02.2300000 +00:00,2021-08-11 16:26:02.2300000 +00:00
e1f1e99a6da0,Jardim Noroeste,5002704.0,50,2020-06-17 19:16:34.9350000 +00:00,2020-06-17 19:16:34.9350000 +00:00
ad220226e92b,Capilé ,5006200.0,50,2024-03-22 20:00:29.4720000 +00:00,2024-03-22 20:00:29.4720000 +00:00
6e101dec8526,Residencial Flores,5002704.0,50,2024-04-21 23:25:46.7100000 +00:00,2024-04-21 23:26:29.2640000 +00:00
4fad3360a960,Jardim Itamaracá,5002704.0,50,2024-04-23 11:46:14.0870000 +00:00,2024-04-23 11:46:14.0870000 +00:00
968778894db9,modelo 2,5001904.0,50,2024-02-06 16:41:49.1230000 +00:00,2024-02-06 16:41:49.1230000 +00:00
2e5a7a376eb6,Jardim das Palmeiras,5003751.0,50,2025-10-27 02:08:35.2790000 +00:00,2025-10-27 02:08:35.2790000 +00:00
4155ab5375d0,Monte Carlo,5006200.0,50,2021-08-22 05:29:23.4830000 +00:00,2025-02-11 11:59:20.3240000 +00:00
ac68f8a953bd,Nova Corumba ,5003207.0,50,2025-10-10 20:33:42.7590000 +00:00,2025-10-10 20:34:11.6630000 +00:00
01cc0c0c019e,Vila Terezinha,5008305.0,50,2022-01-07 01:55:48.1470000 +00:00,2022-01-07 01:55:48.1470000 +00:00
f0d834ccf99b,Parque das Nações,5003702.0,50,2023-03-31 20:13:47.3490000 +00:00,2023-03-31 20:13:47.3490000 +00:00
32d204470cd7,Jardim Aeroporto ,5005004.0,50,2023-10-02 15:15:13.3490000 +00:00,2023-10-02 15:15:13.3490000 +00:00
6b95c6929cd3,Cidade Jardim,5002704.0,50,2021-02-05 13:03:28.7080000 +00:00,2021-02-05 13:03:28.7080000 +00:00
bd5a25e27b62,Cabreúva,5002704.0,50,2022-07-05 12:00:03.2170000 +00:00,2022-07-05 12:00:03.2170000 +00:00
163173af8da1,Nova Lima,5002704.0,50,2024-07-28 17:24:49.1100000 +00:00,2024-07-28 17:31:44.6260000 +00:00
a6f962de3dad,Parque Novo Século,5002704.0,50,2024-02-26 22:06:52.9960000 +00:00,2024-02-26 22:06:52.9960000 +00:00
e84fa7bb84a3,Jardim Nossa Senhora do Perpétuo Socorro,5002704.0,50,2023-01-19 02:24:12.6120000 +00:00,2023-01-19 02:24:12.6120000 +00:00
7a1d9186e6a7,Jardim das Oliveiras,5008305.0,50,2020-04-25 23:46:27.7380000 +00:00,2020-04-25 23:46:27.7380000 +00:00
58682684f91c,Conjunto Habitacional Imperial,5008305.0,50,2021-05-24 21:51:39.4690000 +00:00,2021-05-24 21:51:39.4690000 +00:00
2447354497b1,Jardim São Conrado,5002704.0,50,2020-04-28 18:37:33.7160000 +00:00,2020-04-28 18:37:33.7160000 +00:00
4c0ca891bbff,Jardim Márcia,5003702.0,50,2021-09-30 20:23:57.5520000 +00:00,2021-09-30 20:24:13.2750000 +00:00
18bd2aa07a02,Vila Carvalho,5002704.0,50,2026-03-03 14:10:44.7290000 +00:00,2026-03-03 14:10:44.7290000 +00:00
e9ae37329213,Vila Cidade Morena,5002704.0,50,2025-05-23 10:08:04.3230000 +00:00,2025-05-23 10:08:04.3230000 +00:00
b92777791343,São João,3305208.0,33,2021-02-15 23:50:55.5650000 +00:00,2021-02-15 23:50:55.5650000 +00:00
09e779b9b6cb,centro ,5005152.0,50,2023-08-17 02:56:36.0380000 +00:00,2023-08-17 02:56:44.7520000 +00:00
fdfc66101f12,Maria Leite,5003207.0,50,2023-01-04 03:47:22.9880000 +00:00,2023-01-04 03:47:22.9880000 +00:00
8808ce2c9e50,tijuca 2,5002704.0,50,2023-03-11 05:54:18.0340000 +00:00,2023-03-11 05:55:03.5190000 +00:00
06418e7dc99c,Centro,5002902.0,50,2025-05-08 20:33:07.5920000 +00:00,2025-05-08 20:33:07.5920000 +00:00
e24b81f5bc3b,primo maffissoni,5007695.0,50,2021-08-19 15:21:56.7170000 +00:00,2021-08-19 15:22:07.4050000 +00:00
d5a34277581b,Jardim Leblon,5002704.0,50,2024-01-18 01:43:16.3130000 +00:00,2024-01-18 01:43:16.3130000 +00:00
ddbfab765f47,Residencial Ponta Porã I,5006606.0,50,2024-11-01 13:24:48.6280000 +00:00,2024-11-01 13:24:48.6280000 +00:00
5f0e2708dc36,Nossa Senhora Aparecida ,5005251.0,50,2021-08-16 12:29:00.2230000 +00:00,2021-08-16 12:29:00.2230000 +00:00
e28bc0eebf04,,5005400.0,50,2024-07-22 23:40:08.8050000 +00:00,2024-07-22 23:40:08.8050000 +00:00
260a56188f53,Dom Bosco,5003207.0,50,2021-06-25 23:32:15.1860000 +00:00,2021-06-25 23:32:15.1860000 +00:00
0ce3fa5828d2,Jardim Leblon,5002704.0,50,2026-04-28 19:23:10.5370000 +00:00,2026-04-28 19:23:17.0420000 +00:00
c67aebab976b,Vila Piratininga,5002704.0,50,2024-01-04 15:14:16.2960000 +00:00,2024-01-04 15:14:16.2960000 +00:00
ebdc9f61f20d,Centro,5003207.0,50,2021-02-15 11:22:30.4160000 +00:00,2021-02-15 11:22:30.4160000 +00:00
340cfed4ca07,Jardim Aeroporto,5002704.0,50,2024-11-04 13:18:27.0800000 +00:00,2024-11-04 13:18:27.0800000 +00:00
8c47fff844ff,Centro,5007109.0,50,2023-07-30 00:34:39.3840000 +00:00,2023-07-30 00:34:39.3840000 +00:00
14e4cc953e64,centro ,5007208.0,50,2024-07-16 23:27:55.3960000 +00:00,2024-07-16 23:27:55.3960000 +00:00
7080d3bb23f6,Aeroclube,2507507.0,25,2025-08-15 23:56:09.9010000 +00:00,2025-08-15 23:56:09.9010000 +00:00
8459473fa8f0,Centro,5002704.0,50,2024-06-20 23:34:40.1790000 +00:00,2024-06-20 23:34:40.1790000 +00:00
a4aa06842e05,Parque das Nações II,5003702.0,50,2024-02-11 00:07:57.3430000 +00:00,2024-02-11 00:08:11.0520000 +00:00
42b128d192c0,Conjunto Aero Rancho,5002704.0,50,2025-01-15 05:09:43.4670000 +00:00,2025-01-15 05:09:43.4670000 +00:00
d39830274d82,Jardim Flórida,5003702.0,50,2023-12-05 19:24:03.4380000 +00:00,2023-12-05 19:24:03.4380000 +00:00
ec7a104a66da,Jardim progresso,5000708.0,50,2021-06-30 13:11:26.8980000 +00:00,2021-06-30 13:11:26.8980000 +00:00
8eef171fdc1f,Padre Ernesto Sassida,5003207.0,50,2021-06-28 13:52:37.8720000 +00:00,2021-06-28 13:52:48.9330000 +00:00
1b4e41c3fd79,Horto florestal,5006200.0,50,2024-01-07 02:38:59.7950000 +00:00,2024-01-07 02:40:05.7860000 +00:00
dcf78cf570cf,Flor de Maio,5003702.0,50,2021-01-23 22:12:23.3360000 +00:00,2021-01-23 22:12:23.3360000 +00:00
49d3738cbf26,Jardim Afife,3509502.0,35,2024-05-22 20:45:44.7790000 +00:00,2024-05-22 20:45:44.7790000 +00:00
480e7d4a6137,Altos do Indaiá,5003702.0,50,2024-10-01 04:31:01.7220000 +00:00,2024-10-01 04:31:01.7220000 +00:00
3da23a8bc800,Coronel Antônio ,5002704.0,50,2025-10-10 12:40:20.9780000 +00:00,2025-10-10 12:40:20.9780000 +00:00
181d7789a56d,Centro,5002704.0,50,2021-01-27 17:00:51.1880000 +00:00,2021-01-27 17:00:51.1880000 +00:00
4332888eb0fb,Centro,5003207.0,50,2025-07-28 04:02:26.9120000 +00:00,2025-07-28 04:02:26.9120000 +00:00
0d92ca34a1ae,Vila Serradinho,5002704.0,50,2026-02-11 11:49:34.3640000 +00:00,2026-02-11 11:49:34.3640000 +00:00
1d565c7845d7,Jardim Leblon,5002704.0,50,2022-09-27 19:31:44.1300000 +00:00,2022-09-27 19:31:44.1300000 +00:00
c67e697eec46,Carandá Bosque,5002704.0,50,2023-09-08 14:41:21.2070000 +00:00,2023-09-08 14:41:21.2070000 +00:00
f8af9635f2e4,Parque Dallas,5002704.0,50,2022-04-08 04:52:47.7150000 +00:00,2022-04-08 04:52:47.7150000 +00:00
5a3b0e328f55,Parque São Carlos,5008305.0,50,2021-10-24 19:42:12.5960000 +00:00,2021-10-24 19:43:17.5380000 +00:00
d01f15419560,Conjunto Habitacional Eduardo Perez Filho,5008008.0,50,2026-01-06 14:35:06.9330000 +00:00,2026-01-06 14:35:06.9330000 +00:00
e2055be8c2de,Residencial Damha,5002704.0,50,2021-12-20 16:09:26.0040000 +00:00,2021-12-20 16:09:26.0040000 +00:00
444b6c949714,Residencial Damha,5002704.0,50,2021-12-20 16:07:30.0370000 +00:00,2021-12-20 16:08:01.1400000 +00:00
17c1cf032cb2,Vila Taveirópolis,5002704.0,50,2026-06-30 04:19:45.6680000 +00:00,2026-06-30 04:20:28.2400000 +00:00
cb4e5f7df75e,Vila Progresso,5002704.0,50,2024-03-19 00:14:02.6650000 +00:00,2024-03-19 00:14:02.6650000 +00:00
e3da4a477cce,Centro Educacional,5006200.0,50,2024-02-26 17:43:49.5030000 +00:00,2024-02-26 17:43:49.5030000 +00:00
cab97210de93,"Jardim Primavera, 255",5007695.0,50,2021-07-12 23:33:53.5400000 +00:00,2021-07-12 23:33:53.5400000 +00:00
18f33f6b3c77,Área Rural de Navegantes,4211306.0,42,2025-07-19 00:03:57.7880000 +00:00,2025-07-19 00:03:57.7880000 +00:00
984dd1115646,Vila Nova Campo Grande,5002704.0,50,2024-03-19 22:32:07.0480000 +00:00,2024-06-23 15:34:03.0650000 +00:00
55f5d304ef94,Núcleo Habitacional Universitárias,5002704.0,50,2023-12-07 13:42:33.3690000 +00:00,2023-12-07 13:42:33.3690000 +00:00
f46f30de6113,chácara alvorada ,5007901.0,50,2023-06-07 11:41:51.7690000 +00:00,2023-06-07 11:42:02.2970000 +00:00
972f6f703709,,5002100.0,50,2024-04-22 14:59:01.8910000 +00:00,2024-04-22 14:59:01.8910000 +00:00
a2c2cf25d17f,Loteamento Bela Laguna,5002704.0,50,2024-01-30 10:55:56.5170000 +00:00,2024-01-30 10:58:27.7200000 +00:00
51d3577e42f2,Jardim Rasslem,5003702.0,50,2023-10-18 00:27:23.2220000 +00:00,2023-10-18 00:27:25.4210000 +00:00
badd7970663b,Coqueiro,1500800.0,15,2023-03-16 11:25:46.3780000 +00:00,2023-03-16 11:25:56.4910000 +00:00
6b2e807ac89b,Portal da Lagoa ,5002704.0,50,2026-01-16 16:19:39.8500000 +00:00,2026-01-16 16:19:39.8500000 +00:00
d4a416bf2551,Jardim Primaveril,5008305.0,50,2023-10-16 13:46:24.9360000 +00:00,2023-10-16 13:46:24.9360000 +00:00
8de4f1af43d3,Jardim das Cerejeiras,5002704.0,50,2026-06-12 01:03:11.3770000 +00:00,2026-06-12 01:03:11.3770000 +00:00
c72cecb2f863,Jardim Angélica,5008305.0,50,2022-08-21 20:29:01.1000000 +00:00,2022-08-21 20:29:01.1000000 +00:00
8c3a603f29e3,Amambaí,5002704.0,50,2020-07-26 19:45:11.2010000 +00:00,2020-07-26 19:46:11.7450000 +00:00
45cf25a29ba9,Guanandi,5002704.0,50,2024-04-30 22:16:53.7690000 +00:00,2024-04-30 22:16:53.7690000 +00:00
e0e533184d10,esplanada 5,5002951.0,50,2024-08-12 11:56:44.9060000 +00:00,2024-08-12 11:57:08.9930000 +00:00
7c91361f2d2f,flor do cerrado ,5003256.0,50,2025-01-10 19:24:40.4720000 +00:00,2025-01-10 19:26:01.2740000 +00:00
ac40e29bc588,zona rural ,5002308.0,50,2024-07-30 02:59:59.8830000 +00:00,2024-07-30 02:59:59.8830000 +00:00
22cab2e7a9d0,Jardim Aero Rancho,5002704.0,50,2024-09-07 18:09:37.4610000 +00:00,2024-09-07 18:09:37.4610000 +00:00
eaabc4d13d56,Vila Industrial ,5004007.0,50,2024-01-10 03:24:56.5950000 +00:00,2024-01-10 03:24:56.5950000 +00:00
e31bf887beb5,Vila Nova ,5003157.0,50,2025-04-13 11:43:42.8880000 +00:00,2025-04-13 11:43:42.8880000 +00:00
321a6d294bad,Jardim Nhanhá,5002704.0,50,2026-03-11 04:16:06.8870000 +00:00,2026-03-11 04:16:06.8870000 +00:00
6cdd7193fda9,Jardim Maringá,5003702.0,50,2026-04-09 12:48:41.2470000 +00:00,2026-04-09 12:48:41.2470000 +00:00
37f5e46074a4,Vila Santo André,5003702.0,50,2022-10-02 13:07:35.2770000 +00:00,2022-10-02 13:07:35.2770000 +00:00
4f83025e9460,Altos da cidade ,5000708.0,50,2025-06-16 14:39:48.7730000 +00:00,2025-06-16 14:39:48.7730000 +00:00
5a47a4164f32,aeroporto ,1502004.0,15,2024-04-11 14:28:40.2160000 +00:00,2024-04-11 14:29:47.1210000 +00:00
17965e8c7f66,,5008404.0,50,2022-08-26 01:07:47.3800000 +00:00,2022-08-26 01:07:47.3800000 +00:00
fd9fc51013f1,Parque das Nações II,5003702.0,50,2024-02-05 21:51:32.9330000 +00:00,2024-02-05 21:51:32.9330000 +00:00
ef41fd007302,jamic,5008008.0,50,2024-02-10 13:16:39.5660000 +00:00,2024-02-10 13:16:39.5660000 +00:00
a2aec8fe7f0a,Monte Castelo,5002704.0,50,2024-02-13 05:40:14.0470000 +00:00,2024-02-13 05:40:14.0470000 +00:00
e41ab281b4fc,Conjunto Residencial Estrela do Sul,5002704.0,50,2024-03-15 00:11:43.2920000 +00:00,2024-03-15 00:11:43.2920000 +00:00
15502f92d541,North Park,5002704.0,50,2024-10-01 15:04:16.3690000 +00:00,2024-10-01 15:04:59.3600000 +00:00
9bab8a61cf64,Popular Nova,5003207.0,50,2021-06-30 17:39:41.7790000 +00:00,2021-06-30 17:40:38.9970000 +00:00
bda8523a6cfd,Parque Residencial dos Girassóis,5002704.0,50,2022-03-29 19:08:08.8770000 +00:00,2022-03-29 19:08:08.8770000 +00:00
0a456497ea48,Vila Operária ,5006200.0,50,2022-07-14 02:33:40.1620000 +00:00,2022-07-14 02:33:40.1620000 +00:00
a3eaf308c9e7,Jardim Aeroporto,5002704.0,50,2021-09-01 19:24:21.9360000 +00:00,2021-09-01 19:24:21.9360000 +00:00
bd2138f33b1f,Jardim Parati,5002704.0,50,2023-12-29 17:16:02.8810000 +00:00,2023-12-29 17:16:17.5000000 +00:00
c617917eb124,Jardim Morenão ,5002704.0,50,2024-01-22 14:28:40.6190000 +00:00,2024-01-22 14:28:40.6190000 +00:00
70f6854a6b1d,Residencial Mário Cóvas,5002704.0,50,2020-08-24 20:12:41.0580000 +00:00,2020-08-24 20:12:41.0580000 +00:00
cdc381979e3b,Nova Lima,5002704.0,50,2025-04-05 13:32:06.1930000 +00:00,2025-04-05 13:32:06.1930000 +00:00
61af94329211,Tiradentes,5002704.0,50,2023-10-04 17:06:18.2160000 +00:00,2023-10-04 17:06:52.8450000 +00:00
d48cb650b7db,Vila Nova Campo Grande,5002704.0,50,2020-06-02 00:39:06.6320000 +00:00,2020-06-02 00:39:06.6320000 +00:00
bdd34e8f9f2b,Novo Paraíso,5103403.0,51,2025-04-24 01:31:09.8650000 +00:00,2025-04-24 01:31:09.8650000 +00:00
8973db237938,Jardim Anache,5002704.0,50,2025-05-06 21:02:51.8090000 +00:00,2025-05-06 21:02:51.8090000 +00:00
3d2b9f9f4bb8,Conjunto Habitacional Izidro Pedroso,5003702.0,50,2024-06-02 20:55:38.3610000 +00:00,2024-06-02 20:55:38.3610000 +00:00
0cb593f97cdd,Parque Ipanema,5004502.0,50,2026-05-04 12:34:06.0510000 +00:00,2026-05-04 12:34:30.3170000 +00:00
562c626605a8,Jardim Vida Nova,5002704.0,50,2025-01-31 12:36:35.0560000 +00:00,2025-01-31 12:36:35.0560000 +00:00
c24636eadb61,Jardim Maringá,5003702.0,50,2022-01-31 05:06:12.6430000 +00:00,2024-05-06 21:09:01.2640000 +00:00
6e207f832e70,Tiradentes,5002704.0,50,2022-09-26 17:03:44.1260000 +00:00,2022-09-26 17:03:44.1260000 +00:00
b2ebab6c6de5,Jardim Aero Rancho,5002704.0,50,2026-01-30 04:00:46.1330000 +00:00,2026-01-30 04:00:46.1330000 +00:00
878311a83d26,Parque Imperial,3541406.0,35,2022-08-16 14:35:02.5450000 +00:00,2022-08-16 14:37:03.8610000 +00:00
047ce6e6bb53,Nossa Senhora Aparecida,5006903.0,50,2026-01-14 19:57:39.2450000 +00:00,2026-01-14 19:57:39.2450000 +00:00
251940063c9f,Ceac,5005202.0,50,2026-05-27 01:40:16.0530000 +00:00,2026-05-27 01:40:16.0530000 +00:00
b1dd79ca1fc9,Jardim Maristela,5008305.0,50,2024-08-28 16:00:18.4140000 +00:00,2024-08-28 16:00:18.4140000 +00:00
2f6614ff5f39,Bairro Seminário,5002704.0,50,2022-04-15 20:37:05.1770000 +00:00,2022-04-15 20:37:05.1770000 +00:00
c61c7a81d95b,Sibipiruna ,5002951.0,50,2025-11-03 22:05:20.9380000 +00:00,2025-11-03 22:05:20.9380000 +00:00
d28029a8af95,Jardim Tropical,5003702.0,50,2023-03-31 15:50:13.2150000 +00:00,2025-04-11 19:56:42.2850000 +00:00
17df6a8a086a,Jardim Morenão,5002704.0,50,2024-10-29 20:25:19.3140000 +00:00,2024-10-29 20:25:19.3140000 +00:00
6ea041457987,Centro,5005707.0,50,2025-01-10 14:01:13.9720000 +00:00,2025-01-10 14:01:13.9720000 +00:00
27cee8d384bd,Nova Rio Verde ,5007406.0,50,2022-10-07 13:09:48.4030000 +00:00,2023-04-14 13:46:46.2630000 +00:00
167d3743337d,Conjunto Residencial Botafogo,5002704.0,50,2020-07-22 01:34:32.8410000 +00:00,2020-07-22 01:34:32.8410000 +00:00
57a361b60ee9,Setor Negrinho Carrilho,5208608.0,52,2024-04-03 18:58:52.9210000 +00:00,2024-04-03 18:58:52.9210000 +00:00
b58dae831302,Jardim Maracanã,5003702.0,50,2022-02-27 14:22:40.9850000 +00:00,2022-02-27 14:22:40.9850000 +00:00
f4f8e7e9a556,Jardim Anache,5002704.0,50,2025-07-24 21:22:36.4160000 +00:00,2025-07-24 21:22:36.4160000 +00:00
3e100da11371,Jardim Monte Líbano,5002704.0,50,2025-03-22 12:23:00.5880000 +00:00,2025-03-22 12:23:00.5880000 +00:00
4e6b3e434159,BNH,5005400.0,50,2022-10-05 17:17:20.1460000 +00:00,2022-10-05 17:17:20.1460000 +00:00
1f5ad516549a,Jardim Gramado ,5007695.0,50,2024-07-11 21:57:12.6320000 +00:00,2024-07-11 21:57:12.6320000 +00:00
dfaa0b77e25f,Jardim Presidente,5002704.0,50,2024-11-06 17:18:39.3740000 +00:00,2024-11-06 17:18:39.3740000 +00:00
9e388011b628,Monte Castelo,5002704.0,50,2021-01-27 16:56:12.8340000 +00:00,2021-03-15 12:59:02.1180000 +00:00
8ba7b4afff9e,Jardim Tijuca,5002704.0,50,2025-07-22 00:14:05.3760000 +00:00,2025-07-22 00:14:05.3760000 +00:00
8350d13bd995,Vila São Francisco,5003702.0,50,2024-10-28 09:34:58.7840000 +00:00,2024-10-28 09:34:58.7840000 +00:00
1e399f9e5d6b,Panorama,5002704.0,50,2026-01-31 01:43:24.1490000 +00:00,2026-01-31 01:43:24.1490000 +00:00
6ae7fb4ffc98,Vila Roma I,5003702.0,50,2021-10-25 22:01:55.4140000 +00:00,2021-10-25 22:02:02.7150000 +00:00
9f8e57ec6fbb,maria de lourdes,5006002.0,50,2025-05-08 21:27:47.4320000 +00:00,2025-05-08 21:27:47.4320000 +00:00
ab502b041fcf,Parque dos Novos Estados,5002704.0,50,2021-10-18 11:37:00.5710000 +00:00,2021-10-18 11:37:08.9170000 +00:00
711cd552b1cd,Los Angeles,5002704.0,50,2025-02-06 14:27:56.4740000 +00:00,2025-02-06 14:27:56.4740000 +00:00
6d09c179565c,Jardim Márcia,5003702.0,50,2024-12-23 23:44:23.4700000 +00:00,2024-12-23 23:44:30.6710000 +00:00
ac294a55955e,Vila Nossa Senhora das Graças,5002704.0,50,2025-03-25 08:55:42.7850000 +00:00,2025-03-25 08:55:42.7850000 +00:00
ef00df5fb197,Jardim das Virtudes,5002704.0,50,2025-06-30 11:46:57.8890000 +00:00,2025-06-30 11:46:57.8890000 +00:00
a540f5bc2c13,Jardim Capilé,5008305.0,50,2024-09-11 12:15:57.2090000 +00:00,2024-09-11 12:15:57.2090000 +00:00
207f3d4912b1,Jardim Presidente,5002704.0,50,2020-03-27 16:08:59.8020000 +00:00,2020-03-27 16:08:59.8020000 +00:00
aee617b6d538,laranjeira ,5002902.0,50,2025-01-02 22:56:26.8690000 +00:00,2025-01-02 22:56:26.8690000 +00:00
15fc08b12e43,Parque Residencial Rita Vieira,5002704.0,50,2025-04-02 00:51:31.9800000 +00:00,2025-04-02 00:51:31.9800000 +00:00
708494bce940,Aldeia Jaguapiru,5003702.0,50,2024-05-21 00:27:29.0570000 +00:00,2024-05-21 00:27:29.0570000 +00:00
6fab4a1bc3e6,Conjunto Habitacional Imperial,5008305.0,50,2026-01-02 18:41:01.7380000 +00:00,2026-01-02 18:41:11.3440000 +00:00
3a0be25057c0,Vila Planalto,5002704.0,50,2024-04-04 01:24:45.0760000 +00:00,2024-04-04 01:24:45.0760000 +00:00
b814a8b801b9,Berneck ,5005681.0,50,2025-03-06 02:42:39.8720000 +00:00,2025-03-06 02:45:29.4300000 +00:00
6ffd83d31621,Área rural ,5000609.0,50,2025-01-02 09:05:28.5900000 +00:00,2025-01-02 09:05:28.5900000 +00:00
b0b637256803,Santa Terezinha ,5003454.0,50,2024-02-08 20:48:01.3550000 +00:00,2024-02-08 20:48:01.3550000 +00:00
3ef1083d37f5,Jardim Nashville,5002704.0,50,2024-08-13 19:11:25.0980000 +00:00,2024-08-13 19:14:00.5980000 +00:00
0b0453e8c6f7,Jardim Nhanhá,5002704.0,50,2023-09-13 19:56:09.5030000 +00:00,2023-09-13 19:57:10.1010000 +00:00
2b27889d230d,Pioneiros,5002704.0,50,2020-09-25 20:40:51.8710000 +00:00,2023-06-04 22:14:55.2420000 +00:00
5386fdf31ca6,Jardim Água Boa,5003702.0,50,2025-01-29 18:29:41.6500000 +00:00,2025-01-29 18:29:41.6500000 +00:00
ee9f402b1116,Parque Residencial Rita Vieira,5002704.0,50,2025-10-06 14:46:25.0800000 +00:00,2025-10-06 14:46:55.6430000 +00:00
73b0c920482c,Rural,5004908.0,50,2025-02-04 14:38:17.2660000 +00:00,2025-02-04 14:38:17.2660000 +00:00
09336ca48096,Vila Olinda,5002704.0,50,2026-03-16 18:45:59.7390000 +00:00,2026-03-16 18:45:59.7390000 +00:00
1fc7f55adc50,Jardim Maristela,5008305.0,50,2024-03-16 00:27:08.3660000 +00:00,2024-03-16 00:27:08.3660000 +00:00
a1b05f05f279,Planalto ,5002951.0,50,2024-04-23 12:00:06.3110000 +00:00,2025-02-19 21:14:53.8570000 +00:00
dc70ea3b1412,Planalto ,5002951.0,50,2025-01-04 03:59:10.9800000 +00:00,2025-01-04 03:59:10.9800000 +00:00
9a965fc8579d,jardim Brasilândia ,5003801.0,50,2024-12-13 20:27:55.9850000 +00:00,2024-12-13 20:27:55.9850000 +00:00
d6de411f264d,Centro,5002704.0,50,2021-02-01 14:50:10.1650000 +00:00,2021-02-01 14:50:15.1860000 +00:00
b5c083ce773e,Jardim Aeroporto,5006606.0,50,2024-11-06 14:12:05.2120000 +00:00,2024-11-06 14:12:05.2120000 +00:00
937189bcf897,Mathias de souza ,5003108.0,50,2021-02-23 11:55:11.5920000 +00:00,2026-04-07 14:16:11.8720000 +00:00
c040f666d653,Residencial Ana Maria do Couto,5002704.0,50,2025-04-29 01:16:55.0560000 +00:00,2025-04-29 01:16:55.0560000 +00:00
b17d535dd90b,Jardim Ayde,5003702.0,50,2024-02-26 04:16:37.0220000 +00:00,2024-02-26 04:16:56.9200000 +00:00
d9db5f400742,greenville,5002951.0,50,2026-07-02 00:49:13.4920000 +00:00,2026-07-02 00:49:13.4920000 +00:00
9860866e1a06,centro,5002209.0,50,2024-07-24 01:53:35.7850000 +00:00,2024-07-24 01:53:35.7850000 +00:00
59ecd84aeaf1, Alto,5001102.0,50,2021-08-21 03:00:46.6110000 +00:00,2021-08-21 03:00:46.6110000 +00:00
7c390122bab2,Jardim Centro Oeste,5002704.0,50,2026-05-04 20:45:36.1280000 +00:00,2026-05-04 20:45:36.1280000 +00:00
ef7431713b25,Canaã I,5003702.0,50,2025-06-19 00:23:57.1930000 +00:00,2025-06-19 00:23:57.1930000 +00:00
831f8602ab09,Parque dos Novos Estados,5002704.0,50,2023-10-10 20:11:23.6240000 +00:00,2023-10-10 20:11:51.4200000 +00:00
7cd5659d35cc,Estrela Tovy,5003702.0,50,2021-12-10 09:25:09.5060000 +00:00,2021-12-10 09:25:22.6030000 +00:00
d4e565bf33b6,Jardim Monte Alegre,5002704.0,50,2026-04-10 13:55:39.0990000 +00:00,2026-04-10 13:55:39.0990000 +00:00
d3c304cd260e,ALTO SAN RAPHAEL,5005400.0,50,2023-03-21 17:35:08.6610000 +00:00,2023-03-21 17:35:34.0660000 +00:00
a45acc300089,Vila São Jorge da Lagoa,5002704.0,50,2024-09-03 22:56:23.9700000 +00:00,2024-09-03 22:56:23.9700000 +00:00
c1b9181c03bb,Nova Lima,5002704.0,50,2022-10-01 18:39:18.4300000 +00:00,2022-10-01 18:51:17.6100000 +00:00
7a19e96b3aeb,Residencial Oliveira 3,5002704.0,50,2024-08-07 03:46:58.1050000 +00:00,2025-07-27 03:30:43.5010000 +00:00
539803ecd62b,Canaã III,5003702.0,50,2025-01-11 01:33:42.7740000 +00:00,2025-01-11 01:33:42.7740000 +00:00
c584526444ee,centro,5006200.0,50,2023-05-20 19:58:46.2730000 +00:00,2023-05-20 19:58:53.9430000 +00:00
840e3cefee74,Santa Lúcia ,5006309.0,50,2023-10-22 19:08:12.3840000 +00:00,2023-10-22 19:08:12.3840000 +00:00
67cbaed785cf,São Jorge,5008305.0,50,2024-05-28 04:19:00.4210000 +00:00,2024-05-28 04:19:00.4210000 +00:00
ad8f31f97a4c,Varandas do Campo,5002704.0,50,2024-05-29 20:07:25.7120000 +00:00,2024-05-29 20:07:25.7120000 +00:00
2814765462e5,Guanandi II,5002704.0,50,2026-08-04 02:49:36.4520000 +00:00,2026-08-04 02:50:44.8440000 +00:00
9ad49f1d2fbe,Vila Carlota,5002704.0,50,2025-02-20 12:50:45.7310000 +00:00,2025-02-20 12:50:45.7310000 +00:00
c2ee187321a9,Árvores do Cerrado,5005400.0,50,2023-01-18 13:43:15.3530000 +00:00,2023-01-18 13:43:15.3530000 +00:00
c857212ce2d8,Jardim São Lourenço,5002704.0,50,2024-03-08 14:00:46.2710000 +00:00,2024-03-08 14:00:46.2710000 +00:00
e0bbc4302ae9,Residencial Novo Seminário,5002704.0,50,2026-01-24 14:31:29.2610000 +00:00,2026-01-24 14:34:26.8400000 +00:00
8956feccc19e,Centro,5006606.0,50,2022-09-16 14:02:11.6720000 +00:00,2022-09-16 14:02:11.6720000 +00:00
06647a76a654,Bairro Seminário,5002704.0,50,2021-07-17 19:10:38.7560000 +00:00,2021-08-06 22:35:47.4250000 +00:00
8ce146cee39b,Jardim Centro Oeste,5002704.0,50,2025-07-25 14:21:09.3880000 +00:00,2025-07-25 14:21:09.3880000 +00:00
d8c48cbf38ec,Jardim Colibrí,5002704.0,50,2021-01-13 03:26:26.7240000 +00:00,2021-01-13 03:26:34.5610000 +00:00
a8790c9872f4,Vila Santa Luzia,5002704.0,50,2025-07-01 12:44:05.7800000 +00:00,2025-07-01 12:44:05.7800000 +00:00
f9d42b7b89bb,Amambaí,5002704.0,50,2025-05-05 16:06:27.2000000 +00:00,2025-05-05 16:06:46.0060000 +00:00
527b5fd653bc,Pioneiros,5002704.0,50,2024-02-10 04:22:57.8970000 +00:00,2024-02-10 04:22:57.8970000 +00:00
ae3e9a90b65a,Parque Alvorada,5003702.0,50,2025-10-28 16:18:36.0450000 +00:00,2025-10-28 16:18:36.0450000 +00:00
5851e24a4a1e,Centro,5003207.0,50,2024-03-21 16:12:36.7050000 +00:00,2024-03-21 16:12:36.7050000 +00:00
f65b7cdc62da,alto,5001102.0,50,2024-10-03 23:00:42.7940000 +00:00,2024-10-03 23:00:42.7940000 +00:00
d1e594218b0f,Nova Lima,5002704.0,50,2024-11-29 23:25:27.1790000 +00:00,2024-11-29 23:25:27.1790000 +00:00
0e981c8bd479,Jardim São João 1ª Seção,5006606.0,50,2024-08-28 20:37:09.5030000 +00:00,2024-08-28 20:37:09.5030000 +00:00
d01d25b1125c,Residencial Estrela Park,5002704.0,50,2025-02-12 15:35:26.6590000 +00:00,2025-02-12 15:35:26.6590000 +00:00
b74f78235fe1,Universitário,5002704.0,50,2026-05-16 13:48:55.2360000 +00:00,2026-05-16 13:49:01.7440000 +00:00
e8ca1d9e3d37,Estoril 4,5007109.0,50,2025-02-27 00:14:35.1830000 +00:00,2025-02-27 00:14:35.1830000 +00:00
b0af8c3b2af2,Popular Nova,5003207.0,50,2021-06-04 14:14:07.6810000 +00:00,2021-06-04 14:14:07.6810000 +00:00
b42285dab116,São Bento ,5007901.0,50,2025-03-25 17:49:49.4330000 +00:00,2025-03-25 17:50:02.3870000 +00:00
cab9142bbcaf,Residencial Ponta Porã I,5006606.0,50,2024-01-29 03:20:38.7090000 +00:00,2024-04-21 16:28:50.4700000 +00:00
2207307dcd37,Vila Palmira,5002704.0,50,2023-07-16 17:25:33.6870000 +00:00,2023-07-16 17:25:42.6360000 +00:00
0cd6070f77e9,Jardim Márcia,5003702.0,50,2021-08-16 21:10:25.0040000 +00:00,2021-08-16 21:10:25.0040000 +00:00
98c0f38e14bd,Monte Castelo,5002704.0,50,2021-01-19 18:09:39.6800000 +00:00,2021-01-19 18:09:39.6800000 +00:00
268749b24e09,Vila Moreninha III,5002704.0,50,2023-12-07 14:43:04.6570000 +00:00,2024-01-30 10:48:25.4240000 +00:00
0970789c8e93,Jardim Santa Emília,5002704.0,50,2024-10-23 01:05:28.7850000 +00:00,2024-10-23 01:05:28.7850000 +00:00
0afaee852130,Coophasul,5002704.0,50,2023-11-24 14:59:07.4950000 +00:00,2023-11-24 14:59:07.4950000 +00:00
e9c599d68b3f,Vila Santa Dorothéia,5002704.0,50,2022-03-17 09:01:53.2980000 +00:00,2022-03-17 09:01:53.2980000 +00:00
bac2f2d18d3e,São Francisco,5002704.0,50,2023-06-18 16:46:18.4590000 +00:00,2023-06-18 16:46:39.6640000 +00:00
b7a24cd356ef,Jardim Primavera,5007695.0,50,2021-06-10 14:03:07.0260000 +00:00,2021-06-10 14:04:36.3880000 +00:00
020991069d26,zona rural,5007208.0,50,2020-11-06 17:37:36.3740000 +00:00,2020-11-06 17:39:44.9050000 +00:00
481ff1dd4c10,Jardim Colúmbia,5002704.0,50,2024-01-22 15:10:56.9150000 +00:00,2024-01-22 15:11:16.3210000 +00:00
9d1ec19d7aed,Centro ,5004502.0,50,2024-03-12 21:22:25.1780000 +00:00,2024-03-12 21:22:25.1780000 +00:00
70e43d0a463a,Vila do Polonês,5002704.0,50,2022-12-08 21:59:19.5070000 +00:00,2022-12-08 21:59:31.8640000 +00:00
8aabc01d1f9c,Vila São Jorge da Lagoa,5002704.0,50,2020-04-28 02:55:20.6110000 +00:00,2020-04-28 02:55:20.6110000 +00:00
662193daaaa5,Aeroporto,5003207.0,50,2021-03-20 18:09:07.8240000 +00:00,2021-03-20 18:10:49.8570000 +00:00
943842018c44,Jardim Colibrí,5002704.0,50,2024-04-29 13:26:14.0090000 +00:00,2024-04-29 13:26:14.0090000 +00:00
b73bbe4ab82d,14 bis ,5000203.0,50,2023-06-20 17:53:48.8790000 +00:00,2023-06-20 17:53:48.8790000 +00:00
310c4117e3e1,Jardim Anache,5002704.0,50,2025-11-21 01:02:01.4430000 +00:00,2025-11-21 01:02:01.4430000 +00:00
950379bdca0f,Los Angeles,5002704.0,50,2024-11-25 15:29:37.7690000 +00:00,2024-11-25 15:29:37.7690000 +00:00
36864301aebf,Jardim Noroeste,5002704.0,50,2021-01-21 18:22:00.7080000 +00:00,2021-01-21 18:22:00.7080000 +00:00
f1639939fe56,Jardim América ,5008008.0,50,2023-11-20 22:21:02.4930000 +00:00,2023-11-20 22:21:02.4930000 +00:00
8b8089413505,Vila Gomes,5002704.0,50,2024-07-04 00:15:05.6340000 +00:00,2024-07-04 00:15:05.6340000 +00:00
a99549dca12c,Jardim Santa Rita,3303500.0,33,2026-05-19 01:29:11.1720000 +00:00,2026-05-19 01:29:11.1720000 +00:00
320bd279df0a,Jardim Guaicurus,5003702.0,50,2024-11-01 07:15:36.2890000 +00:00,2024-11-01 07:15:36.2890000 +00:00
cc0b2ebc6285,Guanandi II,5002704.0,50,2024-09-25 04:15:54.6900000 +00:00,2024-09-25 04:15:54.6900000 +00:00
2f1a9f5c124f,Vila Taveirópolis,5002704.0,50,2024-10-03 19:52:16.9480000 +00:00,2024-10-03 19:52:16.9480000 +00:00
67c828a73b5a,Jardim Itamaracá,5002704.0,50,2021-12-27 15:44:08.6040000 +00:00,2021-12-27 15:44:08.6040000 +00:00
67fded35bed9,Jardim Alvorada,5008305.0,50,2024-10-26 13:27:35.2720000 +00:00,2024-10-26 13:27:35.2720000 +00:00
1aef4ede61c4,Jardim Parati,5002704.0,50,2025-08-24 12:44:36.2860000 +00:00,2025-08-24 12:44:43.5110000 +00:00
87ad57c60d12,Paraguai,5005400.0,50,2022-09-22 00:30:40.3720000 +00:00,2022-10-18 22:24:26.7850000 +00:00
8c22d86d2d63,Olinda,3303203.0,33,2024-06-20 06:47:15.1670000 +00:00,2024-06-20 06:47:15.1670000 +00:00
dafdb778dac7,Jardim Leblon,5002704.0,50,2023-05-17 22:39:06.0230000 +00:00,2023-05-17 22:39:06.0230000 +00:00
6bef99776dbd,Parque dos Novos Estados,5002704.0,50,2022-09-15 18:25:30.9000000 +00:00,2022-09-15 18:25:43.1130000 +00:00
2d50e8f57fac,Jardim Parati,5002704.0,50,2024-12-02 23:24:07.7760000 +00:00,2024-12-02 23:24:07.7760000 +00:00
5e4998d86402,Residecial Nelson Trad,5002704.0,50,2025-03-24 18:13:26.9830000 +00:00,2025-03-24 18:13:26.9830000 +00:00
929000385937,Vila Santa Catarina,5003702.0,50,2025-03-10 13:21:18.3240000 +00:00,2025-03-10 13:21:18.3240000 +00:00
edc7446e5bf3,Santa Isabel ,5006606.0,50,2021-07-03 21:53:06.1970000 +00:00,2021-07-03 21:53:06.1970000 +00:00
bac5da6c9254,Jardim Marília,5003702.0,50,2021-08-16 22:06:36.5770000 +00:00,2021-08-16 22:06:36.5770000 +00:00
61ddbf5b45c6,Vila Teixeira,5005004.0,50,2021-07-07 23:11:34.0750000 +00:00,2021-07-08 18:08:03.9870000 +00:00
81f6c66833a9,Aeroporto,5003207.0,50,2024-03-25 17:08:24.5910000 +00:00,2025-02-20 13:05:58.9330000 +00:00
108fe2563b75,Jardim São Conrado,5002704.0,50,2026-02-27 15:04:15.1260000 +00:00,2026-02-27 15:04:15.1260000 +00:00
0ce68d94366c,Jardim Eliane ,5003801.0,50,2025-01-09 19:07:30.7860000 +00:00,2025-01-09 19:07:55.3260000 +00:00
0572d2db3dbd,Vila Vilas Boas,5002704.0,50,2021-08-30 21:22:50.5410000 +00:00,2021-08-30 21:22:50.5410000 +00:00
0fdf3c638106,Jardim Paulista,5003702.0,50,2022-08-11 19:11:08.5670000 +00:00,2022-08-11 19:11:08.5670000 +00:00
46e3034b7f25,Parque dos Novos Estados,5002704.0,50,2025-05-23 15:16:39.0480000 +00:00,2025-05-23 15:16:39.0480000 +00:00
f7ee498bf8e3,Vila Olinda,5002704.0,50,2023-01-10 20:56:53.9690000 +00:00,2023-01-10 20:56:53.9690000 +00:00
a0ae88cfd98f,Jardim América,5003702.0,50,2022-10-09 17:55:35.7900000 +00:00,2022-10-09 17:55:35.7900000 +00:00
7fec989520e4,Conjunto Residencial Estrela do Sul,5002704.0,50,2024-03-27 06:59:19.6960000 +00:00,2024-03-27 06:59:19.6960000 +00:00
b4197e2e235b,Vila popular ,5002704.0,50,2023-11-27 19:54:12.8130000 +00:00,2023-11-27 19:54:12.8130000 +00:00
05020130e6f9,vila mamona ,5003207.0,50,2023-03-10 21:00:57.7520000 +00:00,2023-03-10 21:22:28.4270000 +00:00
e40606b11108,São Miguel ,5005806.0,50,2025-06-20 20:42:30.7780000 +00:00,2025-06-20 20:42:41.7790000 +00:00
2702fb7b6c67,Parque dos Novos Estados,5002704.0,50,2022-09-05 14:20:27.0450000 +00:00,2022-09-05 14:20:27.0450000 +00:00
037cfdbfdff1,Jardim Imá,5002704.0,50,2026-04-12 22:01:28.9430000 +00:00,2026-04-12 22:01:28.9430000 +00:00
d31228b2d53d,Parque Nova Dourados,5003702.0,50,2022-01-09 03:32:39.3190000 +00:00,2022-01-09 03:32:41.2570000 +00:00
de5b48897a2d,Jardim Montevidéu,5002704.0,50,2021-01-04 16:49:45.2280000 +00:00,2021-01-04 16:49:45.2280000 +00:00
3d15d48e0fad,Nossa Senhora das Graças,5008305.0,50,2024-08-21 17:56:18.0140000 +00:00,2024-08-21 17:56:18.0140000 +00:00
b4f64f2c7279,Parque Residencial Rita Vieira,5002704.0,50,2024-12-03 13:28:39.3960000 +00:00,2024-12-03 13:28:39.3960000 +00:00
43820121dcb0,Residencial Jose Teruel Filho,5002704.0,50,2024-02-03 21:48:37.4390000 +00:00,2024-02-03 21:51:08.8640000 +00:00
316d3c53bf5c,Flor de Maio,5003702.0,50,2024-06-14 20:45:22.1780000 +00:00,2024-06-14 20:45:40.1730000 +00:00
c0e00c8eccde,Tiradentes,5002704.0,50,2024-06-09 00:43:24.4520000 +00:00,2024-06-09 00:43:44.1660000 +00:00
679afdd15393,Jardim Caramuru,5003702.0,50,2024-08-02 12:59:16.4960000 +00:00,2024-08-02 12:59:16.4960000 +00:00
33e81fa9b9bd,Ilha Nautica,2906303.0,29,2024-05-09 15:09:11.6060000 +00:00,2024-05-09 15:09:11.6060000 +00:00
e910d14013d9,Jardim Paranapunga,5008305.0,50,2024-07-24 15:04:41.0970000 +00:00,2024-07-24 15:04:57.1880000 +00:00
3b4ab0d2b62d,Gramame,2507507.0,25,2023-11-16 11:01:34.8150000 +00:00,2023-11-16 11:02:05.0500000 +00:00
8e4535b5855b,Piravevê,5004700.0,50,2022-05-08 22:21:37.7440000 +00:00,2022-05-08 22:21:37.7440000 +00:00
60900ac4e3f7,Vila São Jorge da Lagoa,5002704.0,50,2024-05-18 19:08:11.1590000 +00:00,2024-05-18 19:08:11.1590000 +00:00
235e535e6199,vila Guapé ,5000609.0,50,2022-02-07 19:09:09.8070000 +00:00,2022-02-07 19:10:40.1170000 +00:00
9ced420c7123,Vila Ipiranga,5002704.0,50,2024-06-13 06:05:33.6030000 +00:00,2024-06-13 06:05:57.5780000 +00:00
180068fcb797,Espatodia ,5002951.0,50,2023-06-07 14:39:11.8900000 +00:00,2023-06-07 14:39:11.8900000 +00:00
e4489dde0d7e,Maria Gonçalves ,5002001.0,50,2025-01-28 23:46:53.4340000 +00:00,2025-01-28 23:46:53.4340000 +00:00
c090d07ef1bd,Jardim Universitário,5006606.0,50,2024-07-24 20:25:24.9990000 +00:00,2024-07-24 20:25:24.9990000 +00:00
67d2030cc6db,Jardim Noroeste,5002704.0,50,2022-03-23 16:20:58.5220000 +00:00,2022-03-23 16:20:58.5220000 +00:00
8a39dbcdde0e,Jardim Climax,5003702.0,50,2024-10-17 04:59:37.5710000 +00:00,2024-10-17 05:00:09.1930000 +00:00
708236342f24,Ribeirão do Lipa,5103403.0,51,2021-06-11 14:12:16.5490000 +00:00,2021-06-11 14:12:25.3970000 +00:00
433bcf6d583a,Parque Rincão I,5003702.0,50,2024-11-02 23:31:54.8830000 +00:00,2024-11-02 23:31:54.8830000 +00:00
4e574add4531,Pioneiros,5002704.0,50,2025-11-11 00:38:17.4240000 +00:00,2025-11-11 00:38:17.4240000 +00:00
ab24c1a27253,Zona Rural,5000252.0,50,2020-04-28 05:15:04.2760000 +00:00,2020-04-28 05:15:04.2760000 +00:00
048b5ce08d47,centro ,5001102.0,50,2026-04-05 20:26:27.5450000 +00:00,2026-04-05 20:26:27.5450000 +00:00
4758da88e940,Jardim Tijuca,5002704.0,50,2024-09-11 01:19:41.1720000 +00:00,2024-09-11 01:19:41.1720000 +00:00
95ca09d9d9d6,Parque Residencial Rita Vieira,5002704.0,50,2021-05-08 13:41:05.6230000 +00:00,2021-05-08 13:41:05.6230000 +00:00
e3373f87daf2,Aparecida ,5005608.0,50,2026-07-06 03:58:15.9840000 +00:00,2026-07-06 03:58:15.9840000 +00:00
8ca37695251d,Vila Manoel Taveira,5002704.0,50,2024-09-12 12:14:15.8460000 +00:00,2024-09-12 12:14:45.1670000 +00:00
934052f4a46b,centro,5001243.0,50,2021-08-31 03:33:50.1530000 +00:00,2021-08-31 03:33:50.1530000 +00:00
579338b2febd,Vila Donaria ,5002209.0,50,2021-03-03 14:25:46.5220000 +00:00,2021-03-03 14:25:46.5220000 +00:00
c88f06533691,Caiobá 2,5002704.0,50,2023-04-24 01:18:41.2130000 +00:00,2023-04-24 01:18:41.2130000 +00:00
3d3805e6d0ef,Aldeia Jaguapiru,5003702.0,50,2021-01-22 18:09:30.8260000 +00:00,2021-01-22 18:09:30.8260000 +00:00
01dba755d534,corrente ,2312304.0,23,2024-08-14 04:14:14.3070000 +00:00,2024-08-14 04:14:41.6850000 +00:00
c1604a51dfe0,Primo Maffissoni,5007695.0,50,2025-04-24 16:06:17.7800000 +00:00,2025-04-24 16:06:17.7800000 +00:00
aba8409e9590,Centro,5002704.0,50,2026-01-15 03:16:33.7460000 +00:00,2026-01-15 03:16:33.7460000 +00:00
1f6173ccca96,Centro,5006606.0,50,2025-08-13 18:41:27.3110000 +00:00,2025-08-13 18:41:27.3110000 +00:00
84c450e2909e,Jardim Aero Rancho,5002704.0,50,2025-03-20 12:55:20.8820000 +00:00,2025-03-20 12:55:20.8820000 +00:00
2d10bc83d90d,Residencial Ana Maria do Couto,5002704.0,50,2023-02-12 20:45:50.7330000 +00:00,2023-02-12 20:46:40.0640000 +00:00
369af95599d7,Residencial Ponta Porã II,5006606.0,50,2021-07-03 01:53:02.4910000 +00:00,2021-07-03 01:53:02.4910000 +00:00
b51dbe702b8a,Vila Nova Campo Grande,5002704.0,50,2024-10-25 02:24:28.6780000 +00:00,2024-10-25 02:24:28.6780000 +00:00
8ee2f347abe9,Serraville,5002704.0,50,2024-06-08 17:22:38.5520000 +00:00,2024-06-08 17:22:38.5520000 +00:00
0e2b3cf7e76a,Santa Fé,5002704.0,50,2022-04-18 02:51:05.6010000 +00:00,2022-04-18 02:51:05.6010000 +00:00
726f62a9c59f,Jardim Aeroporto,5002704.0,50,2022-12-17 12:33:32.4330000 +00:00,2022-12-17 12:34:05.0540000 +00:00
4975e9233ae2,Afonso Paim,5000708.0,50,2020-10-20 11:37:33.2880000 +00:00,2020-10-20 11:37:33.2880000 +00:00
fe6c4f5ba405,Mata do Jacinto,5002704.0,50,2026-07-03 12:50:42.7040000 +00:00,2026-07-03 12:50:42.7040000 +00:00
f37aaae2c438,Centro,5000807.0,50,2022-03-02 19:35:17.5890000 +00:00,2022-03-02 19:35:17.5890000 +00:00
efe2fc93976b,Vila Bandeirante,5002704.0,50,2020-10-19 03:40:38.6240000 +00:00,2020-10-19 03:40:38.6240000 +00:00
d5571e418275,Vila Alba,5002704.0,50,2024-06-09 21:01:40.7120000 +00:00,2024-06-09 21:01:40.7120000 +00:00
0554bb1dbfde,Vila Carlota,5002704.0,50,2024-03-09 12:51:57.2990000 +00:00,2024-03-09 12:51:57.2990000 +00:00
e0ac7fb7ee23,Jardim Santa Emília,5002704.0,50,2020-04-28 03:44:45.8900000 +00:00,2025-03-24 02:24:54.0690000 +00:00
6f4e690867c7,altos da cidade ,5000708.0,50,2021-03-27 04:15:59.7450000 +00:00,2021-03-27 04:18:43.2670000 +00:00
c37b45ee382b,Primo Maffissoni,5007695.0,50,2025-08-14 18:51:13.0040000 +00:00,2025-08-14 18:51:13.0040000 +00:00
cbcb9c212ef3,Jardim das palmeiras,5000203.0,50,2022-06-10 22:38:40.9900000 +00:00,2022-06-10 22:38:40.9900000 +00:00
d31b7c9a8b56,Taquarussu ,5002704.0,50,2022-12-13 03:24:29.5200000 +00:00,2022-12-13 03:25:04.0090000 +00:00
71acb7d9c834,Portal Caiobá,5002704.0,50,2024-03-12 14:24:50.1950000 +00:00,2024-03-12 14:24:50.1950000 +00:00
dcd2eb1faea0,sucupira ,5002951.0,50,2026-04-14 15:42:52.0410000 +00:00,2026-04-14 15:42:52.0410000 +00:00
fd6e6ab82ec4,Vila Piratininga,5002704.0,50,2020-10-29 16:31:57.8110000 +00:00,2020-10-29 16:32:01.0090000 +00:00
905679573f78,Jardim Corcovado,5002704.0,50,2025-12-19 23:17:16.4460000 +00:00,2025-12-19 23:18:21.8530000 +00:00
b00d8f774184,Monte Castelo,5002704.0,50,2026-07-16 14:02:31.7650000 +00:00,2026-07-16 14:02:31.7650000 +00:00
f36bfb02e576,São Cristóvão,4104808.0,41,2022-08-17 22:01:26.7360000 +00:00,2022-08-17 22:01:26.7360000 +00:00
5f2d4bd610a5,Bosque de Ponta Porã,5006606.0,50,2023-07-07 23:00:54.1870000 +00:00,2023-07-07 23:00:54.1870000 +00:00
f516abb6d74f,Vila Cidade Morena,5002704.0,50,2023-10-18 15:02:10.5370000 +00:00,2023-10-18 15:02:10.5370000 +00:00
67132d555ab3,Jardim Campina Verde,5002704.0,50,2024-04-10 01:35:12.7540000 +00:00,2024-04-10 01:35:12.7540000 +00:00
df91297ad247,Bosque das Araras,5002704.0,50,2022-02-08 15:40:23.4900000 +00:00,2022-02-08 15:40:23.4900000 +00:00
9feec093016e,Jardim Centro Oeste,5002704.0,50,2023-11-10 16:46:57.9520000 +00:00,2023-12-02 02:26:55.2450000 +00:00
1c8908228d33,vila setenta,5002407.0,50,2023-07-06 13:55:36.0360000 +00:00,2023-07-06 13:55:36.0360000 +00:00
04aa0d628edf,vila barbosa,5001003.0,50,2025-12-09 16:52:15.9190000 +00:00,2025-12-09 16:52:15.9190000 +00:00
c1847462693c,Tiradentes,5002704.0,50,2024-09-30 15:27:45.4700000 +00:00,2024-09-30 15:27:45.4700000 +00:00
feb0ae501d5c,Jardim Alto São Francisco,5002704.0,50,2023-10-09 23:01:18.2320000 +00:00,2023-10-09 23:01:18.2320000 +00:00
4e20f99d7816,Jardim Nova Capital,5002704.0,50,2024-02-06 20:40:16.1420000 +00:00,2024-02-06 20:40:16.1420000 +00:00
279baee2c052,Vila Olinda,5002704.0,50,2023-11-20 16:50:42.3820000 +00:00,2023-11-20 16:50:42.3820000 +00:00
9dc48d78720c,Vila Trindade ,5001102.0,50,2025-06-27 17:54:27.1840000 +00:00,2025-06-27 17:54:27.1840000 +00:00
1bc9f95f6394,Jardim Centenário,5002704.0,50,2024-04-29 02:05:25.6600000 +00:00,2024-04-29 02:05:25.6600000 +00:00
c4d92473b15a,Jardim Paulo Coelho Machado,5002704.0,50,2024-11-01 19:21:26.6810000 +00:00,2024-11-01 19:21:26.6810000 +00:00
83421fb1bf8c,Vila Guarani,5003207.0,50,2022-06-06 04:28:54.8660000 +00:00,2022-06-06 04:28:54.8660000 +00:00
dc0c73f12366,Santos Dumont,5008305.0,50,2022-03-21 18:21:55.3710000 +00:00,2022-03-21 18:21:55.3710000 +00:00
2bf31ebfdb2c,Centro,5002209.0,50,2024-12-26 02:15:35.3820000 +00:00,2024-12-26 02:15:35.3820000 +00:00
ddd3a437ca3e,Jardim Aero Rancho,5002704.0,50,2022-04-11 23:50:00.7810000 +00:00,2022-04-11 23:50:32.6710000 +00:00
81789d909593,Jardim Paulo Coelho Machado,5002704.0,50,2025-01-01 20:18:46.7680000 +00:00,2025-01-01 20:18:46.7680000 +00:00
f1b1cf024d4d,Interlagos,5008305.0,50,2020-05-09 06:23:53.1720000 +00:00,2020-05-09 06:24:26.4390000 +00:00
a8ad469d2c06,Jardim Colúmbia,5002704.0,50,2020-10-26 01:27:28.3580000 +00:00,2020-10-26 01:27:28.3580000 +00:00
c6ebf30d83e4,Parque Alvorada,5003702.0,50,2023-05-16 15:24:34.8490000 +00:00,2023-05-16 15:24:34.8490000 +00:00
17ce87087034,Angélica 1 ,5005004.0,50,2024-02-25 20:19:16.5920000 +00:00,2024-02-25 20:19:16.5920000 +00:00
b5ce6236744c,Santo Antônio ,5006309.0,50,2023-02-10 15:24:12.1940000 +00:00,2025-05-21 22:11:36.3930000 +00:00
a0aea6807236,Centro,5002704.0,50,2023-10-29 20:49:33.6940000 +00:00,2023-10-29 20:49:33.6940000 +00:00
3bb0928181ce,Jardim Itamaracá,5002704.0,50,2025-02-10 23:36:48.6640000 +00:00,2025-02-10 23:36:48.6640000 +00:00
16636b69713b,,5002902.0,50,2020-05-02 03:05:49.8260000 +00:00,2021-08-24 21:30:36.7970000 +00:00
af9771c08fdd,centro,5000609.0,50,2021-12-04 03:15:40.4080000 +00:00,2021-12-04 03:15:56.5740000 +00:00
93fd525f30e6,José Maksoud,5002704.0,50,2025-11-13 20:49:40.8870000 +00:00,2025-11-13 20:49:40.8870000 +00:00
506f8301b668,pousada do sol ,5005004.0,50,2024-05-10 00:30:42.9650000 +00:00,2024-05-10 00:30:42.9650000 +00:00
024fb2560cdf,Caiçara,5002704.0,50,2025-04-14 18:24:35.7910000 +00:00,2025-04-14 18:24:35.7910000 +00:00
6ff93ef5b4de,Centro,5008305.0,50,2025-01-13 16:55:04.1760000 +00:00,2025-01-13 16:55:04.1760000 +00:00
4b08d557cbf3,Vila Progresso,5003702.0,50,2024-11-11 19:48:46.4670000 +00:00,2024-11-11 19:48:46.4670000 +00:00
3daf3295e571,Flamboyant ,5002951.0,50,2024-10-25 17:09:54.9780000 +00:00,2024-10-25 17:09:54.9780000 +00:00
7a0539e77b56,Jardim Parati,5002704.0,50,2024-04-15 10:28:47.1170000 +00:00,2024-04-15 10:29:01.7710000 +00:00
82cbb92c44fa,Bosque Carandá I,5006606.0,50,2023-01-01 14:21:24.4300000 +00:00,2023-01-01 14:26:59.7300000 +00:00
8d7b5ff1da98,Vila Marcos Roberto,5002704.0,50,2021-08-11 22:30:04.7220000 +00:00,2021-08-11 22:30:04.7220000 +00:00
4da64657af6c,Cidade Nova,1500800.0,15,2025-07-28 22:10:14.9150000 +00:00,2025-07-28 22:10:14.9150000 +00:00
d571b98bfb6d,Jardim Parati,5002704.0,50,2020-12-14 15:58:55.3700000 +00:00,2020-12-14 15:58:55.3700000 +00:00
6251832b5409,Centro ,5002803.0,50,2022-02-16 19:27:43.5410000 +00:00,2022-02-16 19:27:48.0500000 +00:00
80675ab8ed66,Vila Santa Ana,5006606.0,50,2026-07-23 22:02:44.0840000 +00:00,2026-07-23 22:02:44.0840000 +00:00
207123b0d6bd,Parque Residencial Rita Vieira,5002704.0,50,2025-07-18 01:29:46.3970000 +00:00,2025-07-18 01:29:50.5790000 +00:00
e8e20ae5af9c,Núcleo Habitacional Universitárias,5002704.0,50,2026-04-06 04:40:35.3470000 +00:00,2026-04-06 04:40:38.2280000 +00:00
28017404c292,jardim eucalipto 2,5004304.0,50,2021-08-12 04:04:58.2060000 +00:00,2021-08-12 04:04:58.2060000 +00:00
7755fe71328a,Jardim Tijuca,5002704.0,50,2025-09-14 19:44:36.4420000 +00:00,2025-09-14 19:44:36.4420000 +00:00
05de949729b0,Vila Palmira,5002704.0,50,2026-01-22 19:34:00.9640000 +00:00,2026-01-22 19:34:00.9640000 +00:00
df000ae0250d,Santo Antônio ,5006309.0,50,2021-08-14 17:42:06.8090000 +00:00,2021-08-14 17:42:06.8090000 +00:00
c0ef80a0dd78,Vila Piratininga,5002704.0,50,2025-09-23 05:30:31.1850000 +00:00,2025-09-23 05:30:31.1850000 +00:00
4853b4b08007,Tijuca ,5002704.0,50,2026-07-06 15:53:23.3600000 +00:00,2026-07-06 15:53:23.3600000 +00:00
964b77f9967d,Conjunto Aero Rancho,5002704.0,50,2023-11-14 16:51:27.5330000 +00:00,2023-11-14 16:51:27.5330000 +00:00
6682c7f2dd5f,Zona rural ,5000906.0,50,2023-01-26 09:35:19.7610000 +00:00,2023-01-26 09:35:19.7610000 +00:00
bbbac4c2d2ec,Vila Palmira,5002704.0,50,2023-10-25 15:27:39.4700000 +00:00,2023-10-25 15:27:39.4700000 +00:00
8bbff335df3c,Jardim Aero Rancho,5002704.0,50,2025-06-23 16:09:04.7790000 +00:00,2025-06-23 16:09:04.7790000 +00:00
449206d71c1d,Cristo Redentor,2507507.0,25,2024-05-27 18:02:53.4650000 +00:00,2024-05-27 18:02:53.4650000 +00:00
8fe238e25a10,Centro,5008305.0,50,2024-07-03 20:01:33.7910000 +00:00,2024-08-10 03:52:37.3020000 +00:00
b65925a39db0,centro educacional ,5006200.0,50,2024-02-10 19:46:07.5520000 +00:00,2024-02-10 19:46:07.5520000 +00:00
fa289c3786f8,Jardim Tijuca,5002704.0,50,2021-10-13 13:10:48.0900000 +00:00,2021-10-13 13:10:57.2580000 +00:00
a8084886ceca,Jardim Aero Rancho,5002704.0,50,2026-03-12 06:04:22.0940000 +00:00,2026-03-12 06:04:22.0940000 +00:00
aee28e7c8180,Vila Nova,5003488.0,50,2023-05-27 16:44:53.5740000 +00:00,2023-05-27 16:44:53.5740000 +00:00
616613bd3f87,Guanandi,5002704.0,50,2023-01-08 21:21:22.8530000 +00:00,2023-01-08 21:21:22.8530000 +00:00
86a1f4bb1419,Coophavila II,5002704.0,50,2023-04-25 15:20:48.0490000 +00:00,2023-04-25 15:20:48.0490000 +00:00
7a295ee80611,Jardim São Conrado,5002704.0,50,2024-02-18 16:17:48.2940000 +00:00,2024-02-18 16:17:48.2940000 +00:00
3c93cb4d3a28,Vila Aimoré,5002704.0,50,2026-01-17 19:45:26.4270000 +00:00,2026-01-17 19:45:26.4270000 +00:00
197365cd3147,jardim afonso 3,5003256.0,50,2024-05-28 19:02:05.5300000 +00:00,2024-05-28 19:02:05.5300000 +00:00
be215accad91,vila nova,5002407.0,50,2025-03-26 14:32:19.6720000 +00:00,2025-03-26 14:32:25.6870000 +00:00
6ee536716acb,Jd Sayonara,5002704.0,50,2022-09-15 03:10:01.8460000 +00:00,2022-09-15 03:10:01.8460000 +00:00
8cbc0816f9dd,Primo Maffissoni,5007695.0,50,2021-11-03 17:25:07.5060000 +00:00,2021-11-03 17:26:40.1100000 +00:00
900b993b2bd3,Jardim São Conrado,5002704.0,50,2025-01-25 12:14:19.2820000 +00:00,2025-01-25 12:14:19.2820000 +00:00
20c9e3b01a89,Canaã I,5003702.0,50,2022-02-23 11:43:19.0820000 +00:00,2022-02-23 11:45:28.6610000 +00:00
d1865adb9d78,Residencial Terra Morena,5002704.0,50,2024-01-13 15:28:16.9890000 +00:00,2024-01-13 15:28:38.8800000 +00:00
ac24868318f3,Residencial Novo Seminário,5002704.0,50,2023-08-12 14:19:32.3320000 +00:00,2023-08-12 14:19:32.3320000 +00:00
05aaca8a2220,Jardim Maringá,5003702.0,50,2023-04-20 15:30:05.1430000 +00:00,2023-04-20 15:31:53.9190000 +00:00
b05aef089fe8,Nova Lima,5002704.0,50,2023-10-26 18:09:08.3270000 +00:00,2023-10-26 18:09:08.3270000 +00:00
df35cf7e2fe7,Monte Castelo,5002704.0,50,2025-03-15 23:31:21.5760000 +00:00,2025-03-15 23:31:25.8130000 +00:00
158ed90036c6,Vila Planalto,5002704.0,50,2024-03-05 01:19:38.2920000 +00:00,2024-03-05 01:20:19.4870000 +00:00
5466f2d65f40,São Jorge,5008305.0,50,2024-03-10 21:12:17.5770000 +00:00,2024-03-10 21:12:17.5770000 +00:00
eeae1c1fd24f,Coophatrabalho,5002704.0,50,2024-04-02 00:39:31.0080000 +00:00,2024-04-02 00:39:31.0080000 +00:00
7091a9ea3af8,Centro,5002100.0,50,2025-05-07 22:03:47.7110000 +00:00,2025-05-07 22:03:47.7110000 +00:00
aee8ccfff0f3,Águas Lindas,1500800.0,15,2022-09-14 19:18:29.4220000 +00:00,2022-09-14 19:18:29.4220000 +00:00
a1b92f3a68d7,Daniel lll,5006309.0,50,2024-07-23 13:32:10.9970000 +00:00,2024-07-23 13:32:10.9970000 +00:00
f86ccfa40fc8,Jardim Independência,5003702.0,50,2023-02-20 19:57:44.4940000 +00:00,2023-02-20 19:59:37.2580000 +00:00
1b1311366c4e,Vila Santa Catarina,5003702.0,50,2021-12-10 17:17:39.0990000 +00:00,2023-01-21 01:54:42.7010000 +00:00
10bf3179c3f4,Mata do Jacinto,5002704.0,50,2024-12-11 22:55:09.0770000 +00:00,2024-12-11 22:55:09.0770000 +00:00
45b6f764c8f2,DURVAL ANDRADE FILHO,5006200.0,50,2025-01-09 21:55:18.7170000 +00:00,2025-01-09 21:55:34.4620000 +00:00
60b0811d6957,São Jorge,5008305.0,50,2025-04-23 09:26:03.4950000 +00:00,2025-04-23 09:26:03.4950000 +00:00
9c51159c6e13,Jardim Rasslem,5003702.0,50,2022-05-10 10:28:34.7670000 +00:00,2022-05-10 10:28:34.7670000 +00:00
f6329dc20f4b,Jd Seminário ,5002704.0,50,2023-08-01 13:39:17.2990000 +00:00,2023-08-01 14:32:50.0750000 +00:00
69ceea51f3e5,Jardim Alto São Francisco,5002704.0,50,2020-03-21 16:29:51.4420000 +00:00,2025-10-28 17:52:06.1460000 +00:00
741130efdf31,jardim Ipiranga ,1505536.0,15,2024-11-19 04:48:07.1890000 +00:00,2024-11-19 04:48:07.1890000 +00:00
3d2035fbb830,Guanandi,5002704.0,50,2020-04-28 02:47:43.2220000 +00:00,2020-04-28 02:50:45.7390000 +00:00
6e11ae2add0c,Jardim Tijuca,5002704.0,50,2021-01-24 00:54:57.0790000 +00:00,2021-01-24 00:54:57.0790000 +00:00
7e39cbdb05ed,Centro,5007505.0,50,2025-02-21 13:02:18.3790000 +00:00,2025-02-21 13:02:18.3790000 +00:00
9b803af75dc6,Santo Antônio ,5002407.0,50,2025-05-24 02:23:48.8210000 +00:00,2025-05-24 02:25:24.1320000 +00:00
1199c5492e9e,Jardim Aero Rancho,5002704.0,50,2021-06-08 02:55:14.8620000 +00:00,2021-06-08 02:55:14.8620000 +00:00
0cf2423f2e51,Jardim gramado ,5007695.0,50,2023-07-09 00:47:54.9860000 +00:00,2023-07-09 00:48:06.6650000 +00:00
c228f5ffc043,Novo Paraíso,5000203.0,50,2021-02-20 14:55:00.4940000 +00:00,2021-02-20 14:55:40.2290000 +00:00
46a155b57d4a,Conjunto Habitacional Imperial,5008305.0,50,2022-09-30 23:19:37.3620000 +00:00,2022-09-30 23:19:37.3620000 +00:00
8b846cf70dab,Nova Lima,5002704.0,50,2024-04-25 22:05:31.3150000 +00:00,2024-04-25 22:05:31.3150000 +00:00
5e6b73f6ea90,Residencial Sírio Libanês I,5002704.0,50,2025-10-28 20:43:12.9200000 +00:00,2025-10-28 20:43:12.9200000 +00:00
2043ad0aeefb,Centro Educacional,5006200.0,50,2025-04-24 21:20:20.1090000 +00:00,2025-04-24 21:20:20.1090000 +00:00
d1d4d17d1634,Conjunto Aero Rancho,5002704.0,50,2021-06-06 21:22:55.1110000 +00:00,2021-06-06 21:23:22.3380000 +00:00
ebc38dff0965,Vila Planalto,5002704.0,50,2026-02-27 16:34:37.5380000 +00:00,2026-02-27 16:34:37.5380000 +00:00
5ae07e2cf6e6,Monte Castelo,5002704.0,50,2021-08-06 14:32:55.4220000 +00:00,2021-08-06 14:32:55.4220000 +00:00
c7239d0284f5,Jardim Presidente,5002704.0,50,2023-07-02 22:11:35.0240000 +00:00,2023-07-02 22:11:35.0240000 +00:00
0ab1c4a6089c,Jardim novo eldorado ,5003751.0,50,2025-06-26 10:59:44.7890000 +00:00,2025-06-26 10:59:51.7770000 +00:00
7347f507ceb5,Parque Rincão I,5003702.0,50,2025-07-24 00:47:42.5800000 +00:00,2025-07-24 00:47:42.5800000 +00:00
af77e7800631,Recanto do Cerrado,5002704.0,50,2024-01-25 17:01:53.4850000 +00:00,2024-01-25 17:01:53.4850000 +00:00
802bfdc92667,Monte Castelo,5002704.0,50,2022-04-05 22:31:43.2160000 +00:00,2022-04-05 22:31:51.2950000 +00:00
e43761e73493,Vila Fátima,5007208.0,50,2021-03-11 15:08:57.9960000 +00:00,2021-03-11 15:09:12.8870000 +00:00
ba1b816407f2,Jardim Tijuca,5002704.0,50,2021-01-24 15:51:00.8030000 +00:00,2021-01-24 15:51:08.8280000 +00:00
5242bff4aad7,Morada do Sol,5006200.0,50,2026-06-01 00:17:17.5620000 +00:00,2026-06-01 00:17:17.5620000 +00:00
58afdcdfa96a,Nova Lima,5002704.0,50,2023-02-23 22:47:33.3550000 +00:00,2023-02-23 22:47:38.4580000 +00:00
52accbf32e76,Vila Rosali,3305109.0,33,2025-12-05 13:51:33.7570000 +00:00,2025-12-05 13:51:33.7570000 +00:00
b2713259777b,Fazenda Itamarati,5006606.0,50,2023-08-06 16:32:18.0380000 +00:00,2023-08-06 16:32:18.0380000 +00:00
848f4fcd5ee5,Popular Velha,5003207.0,50,2020-12-13 16:49:42.4560000 +00:00,2020-12-13 16:49:42.4560000 +00:00
e15468621d79,Tiradentes ,5002704.0,50,2024-01-05 17:54:00.4010000 +00:00,2024-01-05 17:54:06.5820000 +00:00
4930441d11bc,Jardim Canguru,5002704.0,50,2024-03-20 13:35:05.3650000 +00:00,2024-03-20 13:36:13.8020000 +00:00
4896c9b33abf,Santa Luzia,5008305.0,50,2021-04-15 14:27:17.5140000 +00:00,2021-04-15 14:27:17.5140000 +00:00
263438783a09,Residencial Ponta Porã I,5006606.0,50,2024-08-04 07:08:23.1280000 +00:00,2024-08-04 07:08:23.1280000 +00:00
876ec5728847,Jardim Jockey Club,5002704.0,50,2022-03-08 13:45:50.9730000 +00:00,2022-03-08 13:45:50.9730000 +00:00
690cc5b60848,centro Educacional ,5003801.0,50,2024-05-13 18:40:58.1030000 +00:00,2024-05-13 18:42:13.4980000 +00:00
47e0783d5434,Vila Eliane,5002704.0,50,2025-03-28 21:28:29.1940000 +00:00,2025-03-28 21:28:29.1940000 +00:00
4511fc2151ba,Nova Lima,5002704.0,50,2023-04-22 22:10:30.7510000 +00:00,2023-04-22 22:10:30.7510000 +00:00
0414b67a3d7a,Jardim Tijuca,5002704.0,50,2022-04-07 00:32:04.6840000 +00:00,2022-04-07 00:32:04.6840000 +00:00
b7dace015c5a,Nova América,5002407.0,50,2022-03-03 16:13:28.8250000 +00:00,2022-09-08 15:26:59.9150000 +00:00
7176a3e0e22d,Residencial Ponta Porã II,5006606.0,50,2024-05-02 15:50:35.3650000 +00:00,2024-05-02 15:50:35.3650000 +00:00
21422b3cd711,Cidade dos Colibris,2507507.0,25,2023-04-17 12:40:28.3510000 +00:00,2023-04-17 12:40:28.3510000 +00:00
ea1d2575e4e6,Jardim Morenão,5002704.0,50,2024-10-13 01:16:59.6790000 +00:00,2024-10-13 01:17:30.8700000 +00:00
378c1df76a05,Tiradentes,5002704.0,50,2023-04-11 19:30:59.5230000 +00:00,2023-04-11 19:30:59.5230000 +00:00
3d070f417832,Fazenda Itamarati,5006606.0,50,2021-09-27 15:06:52.8960000 +00:00,2021-09-27 15:06:52.8960000 +00:00
15e2e79e3afc,Jardim São Conrado,5002704.0,50,2022-07-08 18:08:25.5570000 +00:00,2022-07-08 18:08:25.5570000 +00:00
055b8a5673c9,Vila Manoel Taveira,5002704.0,50,2024-01-02 13:01:18.0910000 +00:00,2024-01-02 13:01:18.0910000 +00:00
d835b7235ec9,Residencial Ana Maria do Couto,5002704.0,50,2022-03-18 03:29:30.5770000 +00:00,2022-03-18 03:30:24.6350000 +00:00
67c478cb4330,São Francisco,5002704.0,50,2024-05-23 18:28:18.3640000 +00:00,2024-05-23 18:28:18.3640000 +00:00
309ca1710fe8,centro,5002605.0,50,2025-03-14 20:08:19.8000000 +00:00,2025-03-18 13:48:20.8950000 +00:00
0908cc7d6696,Vila Bartira ,5002605.0,50,2025-03-28 02:33:57.5740000 +00:00,2025-03-28 02:34:01.7050000 +00:00
94cce12f8ad0,Jardim Independência,5003702.0,50,2022-07-01 22:14:59.8300000 +00:00,2022-07-01 22:14:59.8300000 +00:00
7e5ed2155d9a,vila imperatriz ,5002902.0,50,2022-07-28 03:07:24.8280000 +00:00,2022-07-28 03:08:12.3050000 +00:00
e1ee156d5810,Portal Caiobá,5002704.0,50,2022-07-27 20:37:48.4560000 +00:00,2022-07-27 20:37:48.4560000 +00:00
1dd8d52fea56,Muçumagro,2507507.0,25,2024-12-18 11:02:50.5010000 +00:00,2024-12-18 11:02:50.5010000 +00:00
cb64f83be17c,Amambaí,5002704.0,50,2022-03-30 04:56:17.6400000 +00:00,2022-03-30 04:56:42.9270000 +00:00
edb9be3d3a17,Santo Antônio,5002704.0,50,2025-06-16 16:21:05.4590000 +00:00,2025-06-16 16:21:05.4590000 +00:00
72f2f3a55dab,Centro,5002704.0,50,2024-02-25 23:20:44.1920000 +00:00,2024-02-26 01:39:04.3060000 +00:00
3a526bd77a0c,Jardim Campo Nobre ,5002704.0,50,2020-09-14 22:51:53.9670000 +00:00,2023-03-14 18:07:13.1460000 +00:00
34e60b7ad0e8,Vila Piratininga,5002704.0,50,2021-11-27 19:18:40.2530000 +00:00,2021-11-27 19:18:40.2530000 +00:00
1f5c3500027f,Vila Militar ,5006309.0,50,2025-04-22 01:05:10.9560000 +00:00,2025-04-22 01:05:10.9560000 +00:00
026ab0e58e17,Zona rural,5004809.0,50,2021-06-04 15:54:46.3420000 +00:00,2023-03-29 03:55:15.7530000 +00:00
6f0de64c4725,Vila Santa Luzia,5002704.0,50,2025-04-14 03:29:47.9720000 +00:00,2025-04-14 03:33:00.8750000 +00:00
1c5cb5eedbef,Parque Residencial Rita Vieira,5002704.0,50,2026-02-07 01:19:03.8580000 +00:00,2026-02-07 01:19:03.8580000 +00:00
c735e25935d5,Egídio Ribeiro ,5005400.0,50,2022-02-08 18:43:03.0050000 +00:00,2022-02-08 18:43:03.0050000 +00:00
d051a81ad62c,Varandas do Campo,5002704.0,50,2026-02-11 17:19:53.2940000 +00:00,2026-02-11 17:19:53.2940000 +00:00
32f355b0e58a,centro ,5004403.0,50,2023-05-12 12:53:43.9020000 +00:00,2023-05-12 12:53:43.9020000 +00:00
8233b3b69631,Centro ,5005806.0,50,2025-10-02 11:58:01.4490000 +00:00,2025-10-02 11:58:01.4490000 +00:00
60ba81a3fe0e,Vila Manoel Taveira,5002704.0,50,2022-07-05 19:37:26.9490000 +00:00,2022-07-05 19:37:30.2260000 +00:00
cd32a620d4e2,porcina ,5005400.0,50,2024-03-23 13:56:44.6010000 +00:00,2024-03-23 13:57:26.3790000 +00:00
c9c2bf382f5d,Nova Lima,5002704.0,50,2025-09-21 23:21:42.8600000 +00:00,2025-09-21 23:21:42.8600000 +00:00
c41beabd36ed,São Pedro ,5002951.0,50,2024-11-28 00:41:21.1260000 +00:00,2024-11-28 00:48:16.0740000 +00:00
9f8a11652f1c,Vila Moreninha III,5002704.0,50,2023-01-30 18:31:29.4530000 +00:00,2023-01-30 18:31:54.0730000 +00:00
a842ecd14ea5,esperança ,5002951.0,50,2022-03-23 23:11:14.7950000 +00:00,2022-03-23 23:11:14.7950000 +00:00
5b15d848c523,Vila Manoel Taveira,5002704.0,50,2023-07-12 23:30:07.2360000 +00:00,2023-07-12 23:30:07.2360000 +00:00
4b6dee177991,Vila Planalto ,5003504.0,50,2023-04-22 19:49:18.2890000 +00:00,2023-04-22 19:49:18.2890000 +00:00
329d34add405,Canaã I,5003702.0,50,2026-03-04 01:05:29.2290000 +00:00,2026-03-04 01:05:29.2290000 +00:00
0fff0ea0f0ee,Vila Bandeirante,5002704.0,50,2022-04-28 23:26:18.9280000 +00:00,2022-06-24 20:31:56.9410000 +00:00
c53ffc7c7210,Jardim Itamaracá,5002704.0,50,2023-12-27 14:28:53.8160000 +00:00,2023-12-27 14:28:53.8160000 +00:00
17ffcf79ca85,portal do parque ,5006200.0,50,2024-06-26 17:33:35.5650000 +00:00,2024-06-26 17:33:35.5650000 +00:00
f84ddefa8e0b,Alto,5007307.0,50,2022-03-05 19:10:46.0470000 +00:00,2022-03-05 19:10:46.0470000 +00:00
c93b66682967,Jardim Itamaracá,5002704.0,50,2023-02-05 05:07:25.6730000 +00:00,2023-02-05 05:07:25.6730000 +00:00
98542ab7c275,Centro,5002704.0,50,2025-02-14 03:45:01.2250000 +00:00,2025-02-14 03:45:01.2250000 +00:00
e77030b3efb1,Conjunto Aero Rancho,5002704.0,50,2023-11-05 18:47:31.0030000 +00:00,2023-11-05 18:47:31.0030000 +00:00
1f4bdb59d822,Vila Taveirópolis,5002704.0,50,2023-01-13 04:46:33.4490000 +00:00,2023-08-07 04:01:06.4210000 +00:00
42e3282f4b99,Centro,5001904.0,50,2025-05-02 05:09:25.1320000 +00:00,2025-05-02 05:09:25.1320000 +00:00
c3fefe1ebd1a,Jardim Eldorado ,5006002.0,50,2024-08-19 01:49:38.9980000 +00:00,2024-08-19 01:50:43.3230000 +00:00
bbeaa700845f,Centro ,5007208.0,50,2022-01-28 01:19:30.3600000 +00:00,2022-01-28 01:19:30.3600000 +00:00
27ab8eeb225d,Dom Antônio Barbosa,5002704.0,50,2024-02-13 22:02:36.9170000 +00:00,2024-02-13 22:02:36.9170000 +00:00
968ffeec6a9d,Conjunto José Abrão,5002704.0,50,2025-04-30 13:59:27.2950000 +00:00,2025-04-30 13:59:27.2950000 +00:00
5fe182a7b5e4,Jardim Aero Rancho,5002704.0,50,2026-02-26 01:48:05.8500000 +00:00,2026-02-26 01:48:05.8500000 +00:00
74ca4f03a193,Nova Lima,5002704.0,50,2025-04-30 03:54:16.3250000 +00:00,2025-04-30 03:54:16.3250000 +00:00
e5b1cf69705d,Jardim Angélica,5008305.0,50,2023-06-22 03:37:15.0620000 +00:00,2023-06-22 03:40:02.0040000 +00:00
f3eaaaf06450,Camisão,5001102.0,50,2023-04-15 16:54:58.2980000 +00:00,2023-04-15 16:57:23.9260000 +00:00
d3847d0ffd62,Pioneiros,5002704.0,50,2024-02-08 17:33:35.5540000 +00:00,2024-02-08 17:33:35.5540000 +00:00
008282f13ffe,Loteamento Vespasiano Martins,5002704.0,50,2024-07-14 22:45:34.2550000 +00:00,2024-07-14 22:45:34.2550000 +00:00
17b1db2a3b3d,Vila Santo Amaro,5002704.0,50,2022-08-17 02:52:35.5300000 +00:00,2022-08-17 02:52:35.5300000 +00:00
60ab4abda78e,Jardim Cangalha,5008305.0,50,2022-03-30 04:21:33.5520000 +00:00,2022-03-30 04:21:33.5520000 +00:00
e5e82d396b44,Coophasul,5002704.0,50,2024-10-14 22:30:05.3710000 +00:00,2024-10-14 22:30:05.3710000 +00:00
2285bb92a242,Jardim Centro Oeste,5002704.0,50,2020-06-26 01:11:58.2520000 +00:00,2020-06-26 01:11:58.2520000 +00:00
35e5145e9c6b,aldeia morrinho,5001102.0,50,2022-09-19 19:59:52.5270000 +00:00,2022-09-19 19:59:52.5270000 +00:00
c64371079174,Vila Nasser,5002704.0,50,2024-10-25 12:23:21.4700000 +00:00,2024-10-25 12:23:21.4700000 +00:00
1662f86a4090,Residencial Betaville,5002704.0,50,2023-12-03 07:05:48.4280000 +00:00,2023-12-03 07:05:48.4280000 +00:00
1f949eac3def,Alta floresta 2,5005202.0,50,2022-01-21 15:19:34.7690000 +00:00,2022-01-21 15:19:39.7850000 +00:00
808535c69564,Vila Manoel Taveira,5002704.0,50,2025-03-19 22:49:04.7060000 +00:00,2025-03-19 22:49:04.7060000 +00:00
bce1dcdceddf,Jardim Copacabana ,5004502.0,50,2023-05-15 16:03:21.0540000 +00:00,2023-05-15 16:03:21.0540000 +00:00
d2cca436a4b4,Coophatrabalho,5002704.0,50,2023-07-11 19:57:47.3180000 +00:00,2023-07-11 19:57:56.2440000 +00:00
5ac5487d9f98,Horto Florestal ,5006200.0,50,2022-08-21 23:29:53.5250000 +00:00,2022-08-21 23:29:58.2960000 +00:00
6ef8ebb7c055,Lar do Trabalhador,5002704.0,50,2024-04-05 17:42:52.4880000 +00:00,2024-04-05 17:43:25.9190000 +00:00
95311c41ac63,Parque Residencial Iracy Coelho Netto,5002704.0,50,2024-01-06 22:13:05.9880000 +00:00,2024-01-06 22:13:25.3840000 +00:00
1fd7d62e9bcd,Jardim Aero Rancho,5002704.0,50,2024-04-25 01:35:50.8240000 +00:00,2024-04-25 01:35:50.8240000 +00:00
5489394da810,Centro,5004908.0,50,2022-05-26 01:40:43.4480000 +00:00,2022-05-26 01:41:18.0020000 +00:00
6cee7abb9129,Jardim América,5003702.0,50,2026-07-14 16:19:09.3850000 +00:00,2026-07-23 17:19:01.8740000 +00:00
aabd3a328d82,Jardim Água Boa,5003702.0,50,2022-04-15 19:19:17.6400000 +00:00,2022-04-15 19:24:13.6820000 +00:00
58f0f02b3eb5,Parque Alvorada,5003702.0,50,2022-04-11 14:29:52.2280000 +00:00,2022-04-11 14:30:14.5710000 +00:00
c1b774ceecd6,,5006200.0,50,2021-10-13 19:44:46.2800000 +00:00,2021-10-13 19:44:46.2800000 +00:00
22901320ab42,Jardim Colorado,5002704.0,50,2024-09-23 03:10:50.2770000 +00:00,2024-09-23 03:10:50.2770000 +00:00
cfbcaca4d926,Jardim Felicidade,1600303.0,16,2024-03-14 19:54:53.2860000 +00:00,2024-03-14 19:54:53.2860000 +00:00
cc418cb6741f,Jardim América,5003702.0,50,2024-12-12 16:29:55.0020000 +00:00,2024-12-12 16:29:55.0020000 +00:00
084b896ac24a,Nova Aquidauana ,5001102.0,50,2023-11-26 21:32:12.2180000 +00:00,2023-11-26 21:33:44.5250000 +00:00
becff83a9785,Coliseu,4113700.0,41,2023-08-08 14:15:17.8680000 +00:00,2023-08-08 14:15:17.8680000 +00:00
00912e71057c,Jardim Primavera,5000203.0,50,2025-11-01 03:21:20.9250000 +00:00,2025-11-01 03:22:34.4330000 +00:00
3195dd489173,Parque Residencial dos Girassóis,5002704.0,50,2023-10-18 22:04:09.9630000 +00:00,2025-02-12 21:35:14.1440000 +00:00
d59760c2d194,Vila São João,5008305.0,50,2025-01-29 16:56:16.5540000 +00:00,2025-01-29 16:56:16.5540000 +00:00
d500f7bd6fa9,Jardim América ,5002605.0,50,2026-03-17 21:21:04.2520000 +00:00,2026-03-17 21:21:04.2520000 +00:00
40f0208e5456,Monte Castelo,5002704.0,50,2024-10-16 17:03:29.4890000 +00:00,2024-10-16 17:03:29.4890000 +00:00
2c686c4e9b54,Liberdade,3157807.0,31,2026-06-05 21:09:48.3290000 +00:00,2026-06-05 21:09:48.3290000 +00:00
c26c6b17e97a,Jardim Márcia,5003702.0,50,2023-06-16 00:18:28.4720000 +00:00,2023-06-16 00:18:28.4720000 +00:00
945780848221,Residencial Oliveira,5002704.0,50,2022-04-17 14:30:46.6000000 +00:00,2022-04-17 14:30:46.6000000 +00:00
e42fec1dfab4,Vila Palmira,5002704.0,50,2023-04-18 06:47:13.7300000 +00:00,2023-04-18 06:47:45.8700000 +00:00
df63367c1435,Beira Rio,5005608.0,50,2023-07-28 19:54:14.9130000 +00:00,2023-07-28 19:54:14.9130000 +00:00
cf25f0e6a5ac,Gramame,2507507.0,25,2026-04-11 17:36:16.3680000 +00:00,2026-04-11 17:36:16.3680000 +00:00
f0099233cdba,Centro,5005707.0,50,2026-03-25 20:35:37.0470000 +00:00,2026-03-25 20:35:37.0470000 +00:00
433688bb6347,Recanto das Palmeiras,5002704.0,50,2022-04-08 19:09:47.4720000 +00:00,2022-04-08 19:09:47.4720000 +00:00
7ff7765f3b69,Jardim Guanabara,5006002.0,50,2025-02-25 13:02:02.0340000 +00:00,2025-02-25 13:02:02.0340000 +00:00
e71b06f4e6af,Vila Bandeirante,5002704.0,50,2024-02-09 03:13:25.6470000 +00:00,2024-02-09 03:13:25.6470000 +00:00
1d7f97fc8d38,centro ,3546603.0,35,2021-04-22 13:00:10.0830000 +00:00,2021-04-22 13:01:07.6840000 +00:00
c0daef72519b,Jardim Novo Aeroporto,5008305.0,50,2021-12-10 15:50:42.6090000 +00:00,2021-12-10 15:50:42.6090000 +00:00
e056d571d403,Loteamento Novo Geisel - Gramame ,2507507.0,25,2025-09-17 14:33:12.4210000 +00:00,2025-09-17 14:34:26.9680000 +00:00
5bfd44421185,,5102702.0,51,2021-12-13 13:11:46.3430000 +00:00,2021-12-13 13:11:46.3430000 +00:00
f7fd04d709a6,jardim dos ipês ,5003751.0,50,2023-05-16 23:59:35.1070000 +00:00,2023-05-17 00:00:19.3050000 +00:00
b4ea040a578c,Centro,5005400.0,50,2024-07-08 08:48:38.5270000 +00:00,2024-07-08 08:48:38.5270000 +00:00
6b542078d240,Residencial Oliveira,5002704.0,50,2024-11-09 04:36:49.6850000 +00:00,2024-11-09 04:36:49.6850000 +00:00
653bd02b4722,Portal Caiobá,5002704.0,50,2026-05-24 17:23:00.5500000 +00:00,2026-05-24 17:23:00.5500000 +00:00
299496a397ea,Residencial Ponta Porã II,5006606.0,50,2025-12-26 22:31:42.1570000 +00:00,2025-12-26 22:31:42.1570000 +00:00
149d3cccfb3f,Jardim Santo Antônio,5003454.0,50,2024-03-14 17:17:39.8400000 +00:00,2024-03-14 17:17:39.8400000 +00:00
bd61304a5c16,Jardim Guaicurus,5003702.0,50,2022-04-22 17:44:16.0640000 +00:00,2022-04-22 17:44:16.0640000 +00:00
e6ce810712c0,Centro,5001904.0,50,2025-07-07 23:49:19.3970000 +00:00,2025-07-07 23:49:19.3970000 +00:00
c67db45b6f17,Nilton Nogueira 2,5006002.0,50,2023-11-22 19:48:59.7820000 +00:00,2023-11-22 19:48:59.7820000 +00:00
b2f0c202114a,Cuiá,2507507.0,25,2026-01-30 05:16:13.7280000 +00:00,2026-01-30 05:16:13.7280000 +00:00
c5e8b4922e90,Centro,5003207.0,50,2021-08-12 15:14:33.5320000 +00:00,2021-08-12 15:14:33.5320000 +00:00
cb9d6bb7a457,São Francisco,5002704.0,50,2023-06-22 20:03:10.4810000 +00:00,2023-06-22 20:03:10.4810000 +00:00
3c41321a0033,Vila São Jorge da Lagoa,5002704.0,50,2021-01-24 18:15:52.6110000 +00:00,2021-01-24 18:15:52.6110000 +00:00
4f691067e686,Jardim Nova Capital,5002704.0,50,2024-06-07 17:46:42.0030000 +00:00,2024-06-07 17:46:42.0030000 +00:00
364a96813252,Jardim Tijuca,5002704.0,50,2026-08-09 02:57:48.6410000 +00:00,2026-08-09 02:57:48.6410000 +00:00
168e41bd44cf,Vila Santa Catarina,5003702.0,50,2026-03-04 20:30:02.5530000 +00:00,2026-03-04 20:30:02.5530000 +00:00
6b86611505db,Vila Industrial,5003702.0,50,2021-11-27 02:05:14.7140000 +00:00,2021-11-27 02:05:14.7140000 +00:00
cf9e9bc71cc8,centro,5002951.0,50,2021-06-23 22:18:22.7310000 +00:00,2021-06-23 22:18:22.7310000 +00:00
95f84e7c0c9f,Parque Rincão I,5003702.0,50,2024-01-20 01:13:21.6230000 +00:00,2024-01-20 01:13:21.6230000 +00:00
34890b12f749,Vila Rosa,5003702.0,50,2024-06-17 16:33:47.4730000 +00:00,2024-06-17 16:33:47.4730000 +00:00
5f0e2c953287,Conjunto Aero Rancho,5002704.0,50,2024-02-22 16:08:58.2770000 +00:00,2024-02-22 16:08:58.2770000 +00:00
27530fb7cb53,Coophatrabalho,5002704.0,50,2026-08-06 19:22:20.2760000 +00:00,2026-08-06 19:22:20.2760000 +00:00
0cece0aa7992,Jardim Cardoso ,5002902.0,50,2023-06-04 19:08:48.1100000 +00:00,2023-06-04 19:08:48.1100000 +00:00
8758d6854d22,Franboyant ,5002951.0,50,2026-04-26 00:55:18.7540000 +00:00,2026-04-26 00:56:18.9350000 +00:00
c4cacb1fbf41,Jardim Guanabara,5003702.0,50,2025-01-13 20:34:59.0860000 +00:00,2025-01-13 20:34:59.0860000 +00:00
ed5c37209636,Jardim Veraneio,5002704.0,50,2025-04-03 12:59:37.0690000 +00:00,2025-04-03 12:59:37.0690000 +00:00
aed9c2208f35,Nova Aliança,3304524.0,33,2025-01-08 14:58:44.0720000 +00:00,2025-01-08 14:58:44.0720000 +00:00
507260ec4007,Jardim Alvorada,5008305.0,50,2026-08-08 21:14:22.5770000 +00:00,2026-08-08 21:14:22.5770000 +00:00
794a80bd3464,Planalto Boa Esperança,2507507.0,25,2026-06-19 17:45:26.5510000 +00:00,2026-06-19 17:45:26.5510000 +00:00
06671ae56383,Vila Aurora,5003702.0,50,2022-04-19 17:35:58.9050000 +00:00,2022-04-19 17:35:58.9050000 +00:00
05f4df035b08,Jardim Batistão,5002704.0,50,2022-08-24 03:59:50.4590000 +00:00,2022-08-24 03:59:50.4590000 +00:00
95c03e3f35db,vila salome,5006309.0,50,2025-03-12 03:47:23.4440000 +00:00,2025-03-12 03:48:36.3710000 +00:00
c6a82d4a0a86,Conjunto Guatos,5003207.0,50,2022-10-22 20:28:30.0960000 +00:00,2022-10-22 20:28:30.0960000 +00:00
ff29496946b3,ipacaray ,5007901.0,50,2026-07-13 18:49:31.9990000 +00:00,2026-07-13 18:49:37.8440000 +00:00
c43a8bb4dc02,Centro América,5003207.0,50,2022-06-21 15:49:43.9330000 +00:00,2022-06-21 15:49:43.9330000 +00:00
5c1052622c7f,Maria Aparecida Pedrossian,5002704.0,50,2021-02-01 14:19:23.4130000 +00:00,2021-02-01 14:19:23.4130000 +00:00
3170b11d9254,Jardim Nova Americana,5008305.0,50,2023-07-27 01:42:23.7000000 +00:00,2023-07-27 01:42:23.7000000 +00:00
2cad67624e68,Jardim Aero Rancho,5002704.0,50,2025-12-19 18:29:39.8570000 +00:00,2025-12-19 18:29:39.8570000 +00:00
84cca029a3ff,Jardim Aero Rancho,5002704.0,50,2026-06-04 10:56:41.2850000 +00:00,2026-06-04 10:56:51.3800000 +00:00
464b1d447958,Jardim Alvorada,5008305.0,50,2023-05-26 04:03:13.8780000 +00:00,2023-10-24 15:05:36.0710000 +00:00
94416f21613c,Vila Palmira,5002704.0,50,2023-07-24 13:30:37.2960000 +00:00,2023-07-24 13:30:37.2960000 +00:00
61062b034c60,Bairro Seminário,5002704.0,50,2021-01-14 12:47:18.5080000 +00:00,2021-01-14 12:47:18.6500000 +00:00
f1d928bb4c32,Parque dos Laranjais,5002704.0,50,2023-02-23 14:57:35.5440000 +00:00,2023-02-23 14:57:35.5440000 +00:00
eddbbacd4423,Nova esperança ,5007406.0,50,2021-03-20 10:29:52.9890000 +00:00,2021-03-20 10:30:33.1760000 +00:00
a92aeafb2e67,Jardim Indianápolis,5002704.0,50,2021-07-02 19:46:16.5900000 +00:00,2021-12-13 19:36:03.3480000 +00:00
a2a15633b07d,Centro,5002001.0,50,2026-05-20 13:10:12.6800000 +00:00,2026-05-20 13:10:12.6800000 +00:00
8204e72b5f61,Jardim Aero Rancho,5002704.0,50,2020-10-19 10:31:40.8050000 +00:00,2020-10-19 10:31:40.8050000 +00:00
e05823787ffe,Bairro Seminário,5002704.0,50,2024-08-28 01:26:19.6460000 +00:00,2024-08-28 01:26:19.6460000 +00:00
27d46e7bfc58,Parque dos Novos Estados,5002704.0,50,2022-03-25 20:32:19.9280000 +00:00,2022-03-25 20:32:19.9280000 +00:00
ec3a3f08365c,Amambaí,5002704.0,50,2020-04-28 10:23:17.2880000 +00:00,2020-04-28 10:25:43.2030000 +00:00
728dc1ecf592,Vila Carvalho,5002704.0,50,2025-01-14 12:47:55.5750000 +00:00,2025-01-14 12:48:18.2700000 +00:00
e98d76c7c11a,Jardim Moçambique,5008305.0,50,2023-12-01 19:01:57.8310000 +00:00,2023-12-01 19:02:23.0420000 +00:00
d7bb51e3108e,Jardim Aeroporto,5002704.0,50,2025-05-26 21:47:16.4370000 +00:00,2025-05-26 21:47:16.4370000 +00:00
fc5507cd12d6,Maria Leite,5003207.0,50,2020-04-30 22:11:00.0030000 +00:00,2020-04-30 22:11:25.8010000 +00:00
c07d6d1bfce1,zona rural ,5004007.0,50,2024-07-17 21:33:19.3290000 +00:00,2024-07-17 21:33:19.3290000 +00:00
6c620a234449,Jardim Itatiaia,5002704.0,50,2022-03-09 07:21:14.5060000 +00:00,2022-03-09 07:21:14.5060000 +00:00
af9713b97428,Jardim Estoril,5006606.0,50,2024-05-21 13:06:32.3950000 +00:00,2024-05-21 13:06:32.3950000 +00:00
f660b26e9661,Jardim Aero Rancho,5002704.0,50,2024-01-30 18:20:24.0570000 +00:00,2024-01-30 18:20:24.0570000 +00:00
78700ac24198,Jardim Independência,5003702.0,50,2025-03-11 04:51:31.9870000 +00:00,2025-03-11 04:52:13.1270000 +00:00
1585d876fa18,790,5005004.0,50,2026-02-26 02:31:33.1620000 +00:00,2026-02-26 02:31:33.1620000 +00:00
d51825590d11,Senador Nilo Coelho,2700300.0,27,2024-07-28 13:27:34.7850000 +00:00,2024-07-28 13:27:34.7850000 +00:00
c9492d3d199e,Centro,5007703.0,50,2021-12-20 18:59:41.6150000 +00:00,2021-12-20 18:59:41.6150000 +00:00
41d6645cedc4,Jardim Tijuca,5002704.0,50,2024-11-25 15:08:06.6930000 +00:00,2024-11-25 15:08:17.9730000 +00:00
46e6a2fc6fcd,centro ,5003108.0,50,2022-04-13 16:14:29.2880000 +00:00,2022-04-13 16:14:29.2880000 +00:00
a83401b893d4,Jardim Europa,3546603.0,35,2024-07-03 17:32:32.0330000 +00:00,2024-07-03 17:32:32.0330000 +00:00
2341af80b373,Jardim Climax,5003702.0,50,2023-03-22 00:35:56.7760000 +00:00,2023-03-22 00:35:56.7760000 +00:00
f5e7f5e4e66a,Jardim Aeroporto,5002704.0,50,2024-10-03 23:40:04.8350000 +00:00,2024-10-03 23:47:18.9700000 +00:00
e67571779133,são João ,5006606.0,50,2023-01-22 17:30:15.6840000 +00:00,2023-01-22 17:30:23.7410000 +00:00
9f122630e2f0,Altos do Indaiá,5003702.0,50,2022-05-04 16:05:19.0620000 +00:00,2022-05-04 16:05:19.0620000 +00:00
a32153d6af67,Santa Marta,5003306.0,50,2023-03-20 00:37:18.2530000 +00:00,2023-03-20 00:37:18.2530000 +00:00
fe857b07f5d5,Maria Aparecida Pedrossian,5002704.0,50,2023-09-14 06:01:25.4320000 +00:00,2023-09-14 06:01:25.4320000 +00:00
da3f270a87ee,santo André ,5003306.0,50,2023-12-12 15:12:56.9270000 +00:00,2023-12-12 15:13:06.7250000 +00:00
fba5e47ba1e4,Conjunto Residencial Estrela do Sul,5002704.0,50,2022-03-27 05:58:51.7860000 +00:00,2022-03-27 05:58:51.7860000 +00:00
6de61691f41d,Jardim Brasília,5008305.0,50,2023-06-16 19:39:35.7620000 +00:00,2023-06-16 19:39:35.7620000 +00:00
e9281a9642a8,Jardim Tijuca,5002704.0,50,2024-09-26 01:43:18.1870000 +00:00,2024-09-26 01:43:18.1870000 +00:00
436807f189cc,Vila Santo Eugênio,5002704.0,50,2024-02-22 19:16:44.6490000 +00:00,2025-11-25 22:42:33.3240000 +00:00
9609b2f4236b,Vila Carlota,5002704.0,50,2023-02-21 19:12:09.0190000 +00:00,2023-02-21 19:12:09.0190000 +00:00
827ef380d918,Residencial Ponta Porã I,5006606.0,50,2023-11-03 17:19:03.2690000 +00:00,2023-11-03 17:19:03.2690000 +00:00
92cb70ce2b3f,Residencial Kamel Saad,5006606.0,50,2024-01-16 15:48:50.3920000 +00:00,2024-01-16 15:48:50.3920000 +00:00
e26b1369d335,Jardim São Pedro,5003702.0,50,2023-02-28 02:35:37.6370000 +00:00,2023-02-28 02:35:37.6370000 +00:00
13cc14e9c429,Jardim das Oliveiras,5008305.0,50,2024-05-07 12:29:38.8710000 +00:00,2024-05-07 12:29:38.8710000 +00:00
42abce087080,Nova Lima,5002704.0,50,2026-07-08 17:30:49.5250000 +00:00,2026-07-08 17:30:49.5250000 +00:00
a368f7078f35,Monte Castelo,5002704.0,50,2024-04-10 23:09:28.9070000 +00:00,2024-04-10 23:09:28.9070000 +00:00
df740c5de13f,Jardim Universitário,5006606.0,50,2023-04-11 15:24:34.0220000 +00:00,2023-04-11 15:24:34.0220000 +00:00
d16035f806c4,Nova Três Lagoas 3,5008305.0,50,2023-11-10 01:59:53.9600000 +00:00,2025-03-03 15:04:32.1210000 +00:00
919edbf48def,Padre Ernesto Sassida,5003207.0,50,2024-08-27 00:24:59.6280000 +00:00,2024-08-27 00:24:59.6280000 +00:00
dad9c6e6d9fe,Parque Alvorada,5003702.0,50,2023-05-18 17:56:53.2330000 +00:00,2023-05-18 17:56:53.2330000 +00:00
22f28efb90b9,Parque das Aroeiras,5006606.0,50,2025-05-08 04:27:29.0860000 +00:00,2025-05-08 04:27:29.0860000 +00:00
11edbcec4f3f,Jardim Tijuca,5002704.0,50,2024-04-15 20:27:41.3170000 +00:00,2024-04-15 20:27:41.3170000 +00:00
f3f34e308e20,Bairro Seminário,5002704.0,50,2021-06-01 13:13:29.1310000 +00:00,2021-06-01 13:13:33.0370000 +00:00
8b32555ab294,portal,5005707.0,50,2023-12-20 15:18:35.4430000 +00:00,2023-12-20 15:18:35.4430000 +00:00
748b7d9f0d2f,Sobrinho,5002704.0,50,2024-05-09 19:07:18.3130000 +00:00,2024-05-09 19:07:18.3130000 +00:00
f3c2844a8ad6,Previsul,5003207.0,50,2023-01-26 16:48:26.8320000 +00:00,2023-01-26 16:51:32.5840000 +00:00
c7b09c2ad009,Jardim Cangalha,5008305.0,50,2025-05-18 14:37:39.4420000 +00:00,2025-05-18 14:37:43.0660000 +00:00
aea44691f898,santa Marta ,5002407.0,50,2023-03-18 01:01:42.0750000 +00:00,2023-03-18 01:01:42.0750000 +00:00
ec6e8af6c164,Jardim Primavera ,5001003.0,50,2024-08-16 11:27:04.3890000 +00:00,2024-08-16 11:27:04.3890000 +00:00
8d29becb5fb1,Vila São Francisco,5003702.0,50,2023-10-27 20:37:03.6010000 +00:00,2025-07-29 18:38:21.7000000 +00:00
d31ca3d9b2f8,Centro,5008305.0,50,2025-06-23 12:37:07.8780000 +00:00,2025-06-23 12:37:07.8780000 +00:00
90095b2357ac,Universitário,5002704.0,50,2025-07-08 16:11:36.3970000 +00:00,2025-07-08 16:11:36.3970000 +00:00
2fb57273b0ac,cascatinha ,5007901.0,50,2026-02-13 05:00:00.7600000 +00:00,2026-02-13 05:00:00.7600000 +00:00
9ecd8243ccc5,jardim autonomista ,5002704.0,50,2024-01-17 19:12:23.5810000 +00:00,2024-01-17 19:12:23.5810000 +00:00
ecb147c8faa8,Conjunto Aero Rancho,5002704.0,50,2024-03-30 16:10:04.6140000 +00:00,2024-03-30 16:10:04.6140000 +00:00
70b90a125b7f,Pioneiros,5002704.0,50,2023-08-31 04:37:59.2420000 +00:00,2023-08-31 04:38:04.0660000 +00:00
d4310294c04b,Nova Campo Grande,5002704.0,50,2021-03-25 23:15:43.6720000 +00:00,2021-04-03 04:37:33.9830000 +00:00
ffaa08ae5e2d,Monte Santo,2504009.0,25,2025-01-20 11:19:06.8650000 +00:00,2025-01-20 11:19:06.8650000 +00:00
82a82a671f51,Sitiocas Campina Verde,5003702.0,50,2025-01-23 17:18:47.7340000 +00:00,2025-01-23 17:18:47.7340000 +00:00
326d66388e82,Solar do Vale,5004700.0,50,2023-08-27 17:44:35.0170000 +00:00,2023-08-27 17:44:35.0170000 +00:00
bdbb49545963,Vila Carlota,5002704.0,50,2024-07-02 00:10:58.9360000 +00:00,2024-07-02 00:10:58.9360000 +00:00
4ae336856c1e,Santos dumont ,5000203.0,50,2022-11-21 21:55:16.2630000 +00:00,2022-11-21 21:55:16.2630000 +00:00
b33dac66cbf8,loteamento do Mesquita ,1507607.0,15,2024-12-10 03:03:24.7670000 +00:00,2024-12-10 03:03:24.7670000 +00:00
5119d0cf2ecd,Uriboca,1504422.0,15,2024-03-17 22:35:32.8700000 +00:00,2024-03-17 22:35:32.8700000 +00:00
a72c08b94cc0,,5002902.0,50,2024-12-31 01:06:16.9870000 +00:00,2024-12-31 01:06:16.9870000 +00:00
5a4b3e82a5ea,Residencial Búzios,5002704.0,50,2020-12-22 15:36:41.1200000 +00:00,2020-12-22 15:36:41.1200000 +00:00
d6bfe6f8a6a5,Vila Nathália,5002704.0,50,2023-02-13 21:02:35.2520000 +00:00,2024-09-09 23:11:44.5680000 +00:00
187f3aa018f7,cabreúva ,5002704.0,50,2023-03-24 00:13:09.9000000 +00:00,2023-03-24 00:14:55.4140000 +00:00
9c051da177b8,Fênix,5007695.0,50,2026-05-26 06:48:14.7610000 +00:00,2026-05-26 06:48:14.7610000 +00:00
f1f492fde0ec,Vila Entroncamento,5002704.0,50,2023-12-14 19:52:53.3540000 +00:00,2025-09-21 11:26:23.2560000 +00:00
610f38dc361b,Jardim São Conrado,5002704.0,50,2022-05-12 12:54:12.8670000 +00:00,2026-01-15 00:10:40.9730000 +00:00
22dbd810f2d7,Jardim João Paulo II,5003702.0,50,2020-05-02 01:20:18.7860000 +00:00,2020-05-02 01:20:18.7860000 +00:00
8856469ddc1e,Cristo rei ,5006200.0,50,2023-11-05 17:24:23.6900000 +00:00,2023-11-05 17:24:23.6900000 +00:00
8aafefa94205,Floresta,3106200.0,31,2021-09-22 11:08:36.1950000 +00:00,2021-09-22 11:08:36.1950000 +00:00
1c9a28ad72cb,Jardim Itamaracá,5002704.0,50,2021-01-04 14:49:43.3910000 +00:00,2021-01-04 14:49:43.3910000 +00:00
f23f6e74ad1f,Jardim Santa Marta I,5002407.0,50,2025-03-01 13:26:02.2760000 +00:00,2025-03-01 13:26:02.2760000 +00:00
d2fb5dbe5830,Jardim Monte Alegre,5002704.0,50,2021-11-28 02:55:16.9970000 +00:00,2021-11-28 02:55:16.9970000 +00:00
be5ad591ac97,centro ,5003256.0,50,2023-11-08 18:10:57.2340000 +00:00,2023-11-08 18:10:57.2340000 +00:00
cb4a5704fcfd,Jardim Rasslem,5003702.0,50,2025-09-23 15:42:42.5950000 +00:00,2025-09-23 15:42:42.5950000 +00:00
b8810a454120,Conjunto Residencial Estrela do Sul,5002704.0,50,2023-10-19 01:52:18.7610000 +00:00,2023-10-19 01:52:18.7610000 +00:00
e7790297fecf,Aeroporto,5003207.0,50,2023-02-01 19:38:31.3900000 +00:00,2023-02-01 19:38:31.3900000 +00:00
7a66674359cf,Jd Cangalha ,5008305.0,50,2024-06-05 19:10:01.2750000 +00:00,2024-06-05 20:02:19.0550000 +00:00
2359f3ddbc43,Parque Residencial União,5002704.0,50,2026-02-09 10:20:23.1520000 +00:00,2026-02-09 10:20:32.0010000 +00:00
85f631db2998,Jardim Seminário ,5002704.0,50,2021-12-01 18:42:46.5070000 +00:00,2021-12-01 18:42:46.5070000 +00:00
757a7a636c1b,Morada Verde,5002704.0,50,2021-12-16 18:20:06.2560000 +00:00,2021-12-16 18:20:06.2560000 +00:00
ec493ebdb6ec,Jardim Itamaracá,5002704.0,50,2022-04-28 20:44:21.3360000 +00:00,2022-04-28 20:44:21.3360000 +00:00
eac21cdfb4d4,nova Aquidauana ,5001102.0,50,2024-04-12 18:13:10.2130000 +00:00,2024-04-12 18:13:10.2130000 +00:00
19d1b43e72e4,Popular Nova ,5003207.0,50,2024-09-26 17:14:25.5490000 +00:00,2024-09-26 17:14:25.5490000 +00:00
2fd9b75fd5ad,centro educacional ,5003801.0,50,2021-10-06 22:25:44.9460000 +00:00,2021-10-06 22:25:44.9460000 +00:00
7eda9c86b49b,Jardim Imperial,5107909.0,51,2024-04-22 20:06:22.8080000 +00:00,2024-04-22 20:06:22.8080000 +00:00
31b0e022c82e,Centro,5003207.0,50,2021-06-27 01:31:51.8710000 +00:00,2021-06-27 01:31:51.8710000 +00:00
289bbf5c0b4c,Vila São Jose ,5001003.0,50,2024-11-08 12:37:18.8740000 +00:00,2024-11-08 12:37:18.8740000 +00:00
8ad40428af3f,Residencial Vida Nova III,5002704.0,50,2021-08-10 10:48:13.7980000 +00:00,2021-08-10 10:48:13.7980000 +00:00
7fb5778cd952,Jardim Campina Verde,5002704.0,50,2026-07-10 09:41:24.4390000 +00:00,2026-07-10 09:41:24.4390000 +00:00
a32d03a39f3d,Jardim Jerusalem,5002704.0,50,2025-06-08 13:18:50.3870000 +00:00,2025-06-08 13:18:50.3870000 +00:00
bd59755f5a86,Jardim Jacy,5002704.0,50,2024-04-24 16:05:20.2160000 +00:00,2024-06-04 09:58:09.9900000 +00:00
fe0028607063,Vila Nova Campo Grande,5002704.0,50,2024-02-11 15:55:42.7990000 +00:00,2024-02-11 15:55:42.7990000 +00:00
bcd32e0e9268,Jardim Inápolis,5002704.0,50,2024-02-26 18:12:12.9010000 +00:00,2024-02-26 18:12:20.0970000 +00:00
0b91b3a7ee2e,Milani,5007695.0,50,2021-01-23 17:58:31.0070000 +00:00,2021-01-23 18:00:16.4910000 +00:00
cf576ddc5e72,zona rural ,5000609.0,50,2024-04-08 23:22:06.9060000 +00:00,2024-04-08 23:22:06.9060000 +00:00
a2767b3678c1,Jardim das Oliveiras,5008305.0,50,2025-04-18 10:43:55.0860000 +00:00,2025-04-18 10:43:55.0860000 +00:00
8f85685959f6,vila triangulo ,5004908.0,50,2024-10-06 02:52:01.2290000 +00:00,2024-10-06 02:52:01.2290000 +00:00
efeab74756d0,,5005400.0,50,2021-05-19 23:23:44.0140000 +00:00,2021-05-19 23:24:24.5940000 +00:00
a757be99b18d,Porto Madero,5003702.0,50,2024-11-22 12:49:10.5690000 +00:00,2024-11-22 12:49:10.5690000 +00:00
51249292c6b1,Vila Carvalho,5002704.0,50,2021-08-18 00:31:14.5030000 +00:00,2021-08-18 00:31:14.5030000 +00:00
83e9a3deb777,Tiradentes ,5002704.0,50,2025-03-27 15:47:52.6860000 +00:00,2025-03-27 15:47:52.6860000 +00:00
fa4175a4ac96,Alto,5001102.0,50,2021-08-12 01:29:02.2280000 +00:00,2021-08-12 01:29:02.2280000 +00:00
f83065132e57,Nova Lima,5002704.0,50,2024-03-14 21:54:26.1940000 +00:00,2025-04-21 03:48:07.5820000 +00:00
e94cc5a59b6c,Jardim Primavera,5007695.0,50,2026-04-12 12:09:00.8140000 +00:00,2026-04-12 12:09:00.8140000 +00:00
fce7507825c5,Sobrinho,5002704.0,50,2026-03-16 23:36:39.1320000 +00:00,2026-03-16 23:36:39.1320000 +00:00
51056ecc2cc8,Centro ,5003702.0,50,2022-06-25 08:52:22.1030000 +00:00,2022-06-25 08:52:22.1030000 +00:00
f66c51963b3e,Jardim Guanabara,5003702.0,50,2022-12-24 00:59:04.0370000 +00:00,2022-12-24 00:59:04.0370000 +00:00
d2a0c0751f64,Serraria,5001102.0,50,2023-03-08 15:36:31.4010000 +00:00,2023-03-08 15:36:31.4010000 +00:00
3f3b4315d9d6,Jardim Climax,5003702.0,50,2023-05-15 16:27:45.5260000 +00:00,2023-05-15 16:28:42.5500000 +00:00
9590565fe38e,Centro,5002704.0,50,2024-04-04 20:19:53.2280000 +00:00,2024-04-04 20:19:53.2280000 +00:00
9d418aeb9c37,Baixada Corinthiana ,5002100.0,50,2024-11-11 04:36:05.7840000 +00:00,2024-11-11 04:36:05.7840000 +00:00
92e310105c4c,Jardim Piratininga,5003702.0,50,2024-01-05 21:41:59.0740000 +00:00,2024-02-01 15:27:10.1440000 +00:00
8cfbdda57de3,Monte Carlo,5006200.0,50,2025-06-27 23:55:24.9880000 +00:00,2025-06-27 23:55:24.9880000 +00:00
5d1928efda8e,Vila Carlota,5002704.0,50,2021-04-10 03:34:09.2220000 +00:00,2021-04-10 03:34:09.2220000 +00:00
7d51f557e801,Nossa Senhora das Graças,5008305.0,50,2024-02-27 03:28:21.0980000 +00:00,2024-02-27 03:28:21.0980000 +00:00
36d2f77979f6,Jardim Climax,5003702.0,50,2023-04-01 11:59:13.3600000 +00:00,2023-04-01 11:59:13.3600000 +00:00
745be47663f5,Loteamento Pedra 90,5107602.0,51,2023-09-04 01:20:55.2890000 +00:00,2023-09-04 01:20:55.2890000 +00:00
c7b88fca5318,Jardim Paradiso,5002704.0,50,2021-09-11 03:02:38.3240000 +00:00,2021-09-11 03:02:43.7090000 +00:00
ddc3d854e286,Vila Palmira,5002704.0,50,2021-08-13 01:54:08.2250000 +00:00,2021-08-13 01:54:08.2250000 +00:00
d9b0d9f1e24a,centro,5007935.0,50,2024-04-11 22:30:59.4270000 +00:00,2024-04-11 22:30:59.4270000 +00:00
625561b0fd24,Residencial Betaville,5002704.0,50,2024-04-17 10:03:46.2080000 +00:00,2024-04-17 10:03:46.2080000 +00:00
3dead388297b,Ipê,5008305.0,50,2024-03-05 22:23:25.5830000 +00:00,2024-03-05 22:23:25.5830000 +00:00
d9686d470523,Jardim Tropical,5003702.0,50,2025-11-21 20:51:12.6290000 +00:00,2025-11-21 20:51:42.7530000 +00:00
6e7de1e60838,Vila Esperança,5003702.0,50,2021-08-11 11:22:21.3180000 +00:00,2021-08-11 11:22:21.3180000 +00:00
4f8d8f52c793,Jardim Noroeste,5002704.0,50,2022-04-06 12:09:30.8690000 +00:00,2022-04-06 12:09:30.8690000 +00:00
19fd0dd59af1,Vila Nathália,5002704.0,50,2025-03-01 17:16:43.1310000 +00:00,2025-03-01 17:16:43.1310000 +00:00
868d6d0a3822,Panorama,5002704.0,50,2023-11-20 04:15:00.6980000 +00:00,2023-11-20 04:15:00.6980000 +00:00
58663c7842e4,Vila São João,5008305.0,50,2026-05-30 06:05:40.6640000 +00:00,2026-05-30 06:05:40.6640000 +00:00
d3e64e2a686e,Bairro da Moóca,5006606.0,50,2026-03-04 00:43:21.2350000 +00:00,2026-03-04 00:43:21.2350000 +00:00
8cd1e6068bab,Tomba,2910800.0,29,2021-05-27 12:12:56.4830000 +00:00,2021-05-27 12:12:56.4830000 +00:00
fe08ff508574,Vila Palmira,5002704.0,50,2020-05-01 00:35:14.1330000 +00:00,2025-12-20 09:17:53.1540000 +00:00
c518a224ee53,Jardim Noroeste,5002704.0,50,2020-07-28 15:49:09.5660000 +00:00,2020-07-28 15:49:09.5660000 +00:00
1b5580e1023f,Jardim Nhanhá,5002704.0,50,2024-03-29 19:38:13.9780000 +00:00,2024-03-29 19:38:13.9780000 +00:00
8b56fca8c8f0,Jardim Tijuca,5002704.0,50,2024-05-21 22:47:13.5660000 +00:00,2024-05-21 22:47:13.5660000 +00:00
c9882ffebdc1,São Francisco,5002704.0,50,2023-04-07 19:06:28.1500000 +00:00,2023-04-07 19:06:28.1500000 +00:00
ca7c95c9e103,Ponta da Praia,3548500.0,35,2022-03-17 14:46:50.2020000 +00:00,2022-03-17 14:48:02.8090000 +00:00
eacfe76e6f51,Centro,5002704.0,50,2024-08-12 17:05:35.2270000 +00:00,2024-08-12 17:05:35.2270000 +00:00
f386c1184394,Jardim Monte Líbano,5002704.0,50,2026-02-07 02:51:17.5230000 +00:00,2026-02-07 02:51:17.5230000 +00:00
7cdc9532750e,Santa Terezinha ,5001102.0,50,2026-07-25 21:39:08.9950000 +00:00,2026-07-25 21:39:08.9950000 +00:00
7135866e669a,Jardim Itamaracá,5002704.0,50,2022-04-19 18:44:10.1000000 +00:00,2022-04-19 18:44:10.1000000 +00:00
098852f94e73,vila Juquita ,5005400.0,50,2023-08-23 12:08:20.4000000 +00:00,2023-08-23 12:08:20.4000000 +00:00
cd7ba0861aad,Parque Residencial Azaléia,5002704.0,50,2024-09-09 17:56:43.9630000 +00:00,2024-09-09 17:56:43.9630000 +00:00
d4aa712bd39c,Residencial Aquarius II,5002704.0,50,2024-02-08 02:25:54.3000000 +00:00,2024-02-08 02:25:54.3000000 +00:00
634137815856,jardim dos ipês ,5003801.0,50,2024-02-29 23:29:52.9860000 +00:00,2024-02-29 23:39:19.4460000 +00:00
ab5b7fde18b8,Panambi Vera,5003702.0,50,2025-08-16 03:10:42.7850000 +00:00,2025-08-16 03:10:47.0860000 +00:00
1a60f1cab310,Sitiocas Campina Verde,5003702.0,50,2021-12-15 05:24:04.5160000 +00:00,2022-01-01 09:53:52.6290000 +00:00
4371aa20782f,Gramame,2507507.0,25,2024-07-02 12:13:38.9290000 +00:00,2024-07-02 12:13:38.9290000 +00:00
e4ebbb399d25,pereira Souto ,5002159.0,50,2026-02-01 03:28:38.3450000 +00:00,2026-02-01 03:28:38.3450000 +00:00
f05ce809e728,Odercio Nunes de Matos,5005707.0,50,2024-02-05 13:44:43.2320000 +00:00,2024-02-05 13:44:43.2320000 +00:00
9c33942456fa,Vila Rosa,5003702.0,50,2022-05-12 12:53:46.5010000 +00:00,2022-05-12 12:54:00.5340000 +00:00
a217e351aa13,Bairro Seminário,5002704.0,50,2026-07-31 22:40:13.8090000 +00:00,2026-07-31 22:40:13.8090000 +00:00
ce245c936dcf,Jardim Petrópolis,5002704.0,50,2024-01-16 04:31:37.6050000 +00:00,2024-01-16 04:31:37.6050000 +00:00
e3911bbdf8bd,Vila Sargento Amaral,5002704.0,50,2025-06-23 12:21:03.3840000 +00:00,2025-06-23 12:21:03.3840000 +00:00
2e5eafa184a7,Vila Bandeirante,5002704.0,50,2024-09-09 01:04:25.6410000 +00:00,2024-09-09 01:04:25.6410000 +00:00
2664ef63848b,vila esperança ,5002951.0,50,2024-06-19 02:00:35.0780000 +00:00,2024-06-19 02:00:35.0780000 +00:00
9d788d9ed8b6,esplanada 3,5002951.0,50,2022-03-23 22:29:29.6670000 +00:00,2022-03-23 22:29:51.2370000 +00:00
f3c3be803a21,Sobrinho,5002704.0,50,2024-04-01 23:43:47.4640000 +00:00,2024-04-01 23:43:47.4640000 +00:00
05f8198d91e7,Parque Guajará (Icoaraci),1501402.0,15,2025-06-09 11:37:36.7780000 +00:00,2025-06-09 11:38:32.4960000 +00:00
3f2351c097b3,Monte Castelo,5002704.0,50,2023-05-07 18:51:37.6180000 +00:00,2023-05-07 18:51:37.6180000 +00:00
163051432cbe,Centro ,5001904.0,50,2023-11-18 01:42:28.8430000 +00:00,2023-11-18 01:43:04.4140000 +00:00
3bc08dc06d9b,Jardim Veraneio,5002704.0,50,2026-07-02 07:39:18.5160000 +00:00,2026-07-02 07:39:18.5160000 +00:00
4a7e2fe1612e,Ipezal,5000856.0,50,2022-07-05 14:40:11.5530000 +00:00,2022-07-05 14:40:11.5530000 +00:00
75dfda299740,Recanto das Palmeiras,5002704.0,50,2022-08-26 20:36:53.0100000 +00:00,2022-08-26 20:36:53.0100000 +00:00
f39cfba95580,Vila Almeida,5002704.0,50,2026-03-03 22:11:17.0550000 +00:00,2026-03-03 22:11:17.0550000 +00:00
8abe594dd5ee,Jardim das Paineiras,5008305.0,50,2024-07-29 10:18:22.2970000 +00:00,2024-08-13 14:11:12.1920000 +00:00
bde40a59335e,Bela Vista 1,5006200.0,50,2026-07-02 23:26:14.8520000 +00:00,2026-07-02 23:26:30.7570000 +00:00
f8d26f5f338e,Jardim Aero Rancho,5002704.0,50,2023-01-14 12:37:21.9530000 +00:00,2023-01-14 13:15:55.1910000 +00:00
24acf16b7deb,Pernambuco ,5002902.0,50,2024-03-29 15:13:08.3900000 +00:00,2024-03-29 15:13:08.3900000 +00:00
6a222c6c5a51,Jardim Guanabara,5003702.0,50,2021-11-08 13:14:15.6930000 +00:00,2021-11-29 19:55:13.9000000 +00:00
c303e0f1675e,Parque dos Ipês II,5006606.0,50,2021-07-03 17:33:37.9300000 +00:00,2021-07-03 17:33:37.9300000 +00:00
a2db38db1bdc,cohab velha ,2709301.0,27,2024-07-05 10:44:19.4340000 +00:00,2024-07-05 10:44:19.4340000 +00:00
2e647e247968,Residencial Búzios,5002704.0,50,2024-02-04 05:22:41.1400000 +00:00,2024-02-04 05:22:41.1400000 +00:00
def285ff6169,Beira Rio,5003207.0,50,2021-06-27 14:17:06.6580000 +00:00,2021-06-27 14:17:06.6580000 +00:00
e64b22b28bad,Gramame,2507507.0,25,2025-07-04 17:48:07.2910000 +00:00,2025-07-04 17:48:07.2910000 +00:00
1b9edd4f69e0,Laranjeiras,5002902.0,50,2025-09-24 04:29:30.0730000 +00:00,2025-09-24 04:29:30.0730000 +00:00
58b259c61a8c,Canaã III,5003702.0,50,2023-11-07 16:10:17.1290000 +00:00,2023-11-07 16:10:17.1290000 +00:00
d7020799e564,São Miguel ,5002605.0,50,2025-04-06 15:02:45.2860000 +00:00,2025-04-06 15:02:45.2860000 +00:00
d8eaaa994b7b,,5002902.0,50,2025-01-18 19:50:00.9770000 +00:00,2025-01-18 19:50:23.0670000 +00:00
812ebdb7e8f9,Jardim Aero Rancho,5002704.0,50,2024-05-03 00:15:45.0380000 +00:00,2024-05-03 00:15:45.0380000 +00:00
3389110434c1,Vila Santa Luzia,5002704.0,50,2022-01-03 14:34:59.9300000 +00:00,2022-01-03 14:35:17.5250000 +00:00
9ab0fe84cba7,Nova Lima,5002704.0,50,2022-03-23 19:35:02.7030000 +00:00,2022-03-23 19:35:09.5930000 +00:00
8b7cfd0d6151,Jardim Água Boa,5003702.0,50,2024-12-28 21:28:45.9890000 +00:00,2024-12-28 21:28:45.9890000 +00:00
ee644cf2978c,Jardim dos Estados,5003207.0,50,2026-04-17 17:37:03.2770000 +00:00,2026-04-17 17:37:09.5610000 +00:00
6d1e20438b12,Residencial Ponta Porã I,5006606.0,50,2026-06-21 23:32:12.5220000 +00:00,2026-06-21 23:32:12.5220000 +00:00
fd28770ab800,Vila Cachoeirinha,5003702.0,50,2024-08-29 23:30:40.4470000 +00:00,2024-08-29 23:30:40.4470000 +00:00
97f38fb5e5a5,Universitário,5002704.0,50,2022-09-12 14:29:50.0700000 +00:00,2022-09-12 14:29:50.0700000 +00:00
c13001c35edc,Vila Pioneiro,4127700.0,41,2023-07-10 00:04:55.0230000 +00:00,2023-07-10 00:04:55.0230000 +00:00
6546ec87200e,Vila Moreninha II,5002704.0,50,2024-08-29 08:08:09.7210000 +00:00,2024-08-29 08:08:20.2370000 +00:00
354d3586d249,Nova Corumbá,5003207.0,50,2021-01-24 13:47:05.9420000 +00:00,2021-01-24 13:47:15.1490000 +00:00
ba2627f6f08a,Parque do Lageado,5002704.0,50,2026-04-28 11:38:50.3550000 +00:00,2026-04-28 11:40:03.8440000 +00:00
7867be4cce8c,Aeroporto,5003207.0,50,2023-11-06 18:57:36.9740000 +00:00,2023-11-06 18:57:36.9740000 +00:00
82ad81d7b69c,Jardim Tropical,5003702.0,50,2021-08-12 12:18:38.1860000 +00:00,2021-08-12 12:18:38.1860000 +00:00
b2530244f594,Monte Castelo,5002704.0,50,2024-01-06 04:17:17.7200000 +00:00,2024-01-06 04:17:17.7200000 +00:00
5db39d6333a8,Pimentel ,5000609.0,50,2024-03-26 23:40:05.4260000 +00:00,2024-03-26 23:40:05.4260000 +00:00
c2c427421672,Jardim São Conrado,5002704.0,50,2025-04-05 22:47:39.6860000 +00:00,2025-04-05 22:47:39.6860000 +00:00
e529cff18a2d,Coophafronteira,5006606.0,50,2022-09-15 20:02:31.5200000 +00:00,2022-09-15 20:02:31.5200000 +00:00
c8497c6d79cf,Crepúsculo ,5000609.0,50,2021-07-31 13:21:40.2210000 +00:00,2021-07-31 13:21:40.2210000 +00:00
936b3272d1d8,Jardim Aero Rancho,5002704.0,50,2025-08-23 16:26:27.8090000 +00:00,2025-08-23 16:26:27.8090000 +00:00
65ddafa0997f,residencial moa,5005004.0,50,2022-05-13 01:06:25.7770000 +00:00,2022-05-13 01:06:25.7770000 +00:00
5f8429697959,jardim Paranapunga ,5008305.0,50,2022-01-08 17:33:41.0560000 +00:00,2022-01-08 17:33:41.0560000 +00:00
ea000a4f005c,vila jari,5002407.0,50,2021-09-02 21:02:00.2950000 +00:00,2021-09-02 21:02:00.2950000 +00:00
fd571424ef18,Jardim Climax,5003702.0,50,2024-03-27 12:24:26.4880000 +00:00,2024-03-27 12:24:26.4880000 +00:00
d156a2415ed5,Sitiocas Campina Verde,5003702.0,50,2025-08-08 07:50:33.2000000 +00:00,2025-08-08 07:50:33.2000000 +00:00
1247ba534720,São José ,2304608.0,23,2024-11-21 00:06:54.8780000 +00:00,2024-11-21 00:06:54.8780000 +00:00
934f5fce0b49,centro ,5002605.0,50,2024-04-08 23:52:18.0730000 +00:00,2024-04-08 23:52:18.0730000 +00:00
caf2a43321a5,Sanga Puitã,5006606.0,50,2022-06-10 00:13:11.1770000 +00:00,2022-06-10 00:13:13.3460000 +00:00
a1b82fd1ad1b,,5002902.0,50,2023-06-28 00:16:53.4940000 +00:00,2023-06-28 00:16:53.4940000 +00:00
f92816755e5e,centro ,5000708.0,50,2023-06-09 16:11:02.4490000 +00:00,2023-06-09 16:11:02.4490000 +00:00
c25b05b966c5,Tiradentes,5002704.0,50,2021-12-07 14:03:23.6120000 +00:00,2021-12-07 14:03:23.6120000 +00:00
23288d98fda4,Izanópolis ,5002902.0,50,2024-09-17 16:17:56.7770000 +00:00,2024-09-17 16:17:56.7770000 +00:00
7bf5e3a306ab,Vila Moreninha III,5002704.0,50,2024-06-20 05:34:37.1690000 +00:00,2024-06-20 05:34:37.1690000 +00:00
209dd52f9c3e,Vila Ravenna,5002704.0,50,2021-01-11 16:31:05.4290000 +00:00,2021-01-11 16:31:05.4290000 +00:00
5d0a5b80f03a,eldorado ,3159902.0,31,2023-11-22 21:07:07.6550000 +00:00,2023-11-22 21:07:07.6550000 +00:00
c292cd4fc6cd,Jardim Novo Aeroporto,5008305.0,50,2026-05-31 16:09:51.8120000 +00:00,2026-05-31 16:09:51.8120000 +00:00
10d5205681f8,izanopolis ,5002902.0,50,2024-01-06 14:26:17.8020000 +00:00,2024-01-06 14:26:17.8020000 +00:00
e3d1c4418ee8,Jardim Caramuru,5003702.0,50,2023-04-06 02:48:35.3630000 +00:00,2023-04-06 02:48:35.3630000 +00:00
da18af8cba89,Centro,5008404.0,50,2022-02-20 02:15:12.7580000 +00:00,2022-02-20 02:15:12.7580000 +00:00
0a4a254dd743,Estoril II ,5007109.0,50,2024-05-19 17:51:54.4080000 +00:00,2024-05-19 17:51:54.4080000 +00:00
68172c1a4fd3,Altos do Indaiá,5003702.0,50,2026-04-23 01:52:27.4460000 +00:00,2026-04-23 01:52:27.4460000 +00:00
a3c4148cd0c2,Afonso Paim ,5000708.0,50,2025-11-04 13:20:58.4360000 +00:00,2025-11-04 13:20:58.4360000 +00:00
34342a3abc63,José Américo de Almeida,2507507.0,25,2024-03-13 11:30:20.0960000 +00:00,2024-03-13 11:30:20.0960000 +00:00
e7ca2a3228e1,São Cristóvão,5004106.0,50,2022-02-04 02:55:55.2750000 +00:00,2022-02-04 02:55:55.2750000 +00:00
d583d7fa7799,Jardim Imá,5002704.0,50,2025-01-15 12:56:12.9760000 +00:00,2025-01-15 12:56:12.9760000 +00:00
725f1679f48c,,5002902.0,50,2023-12-01 03:25:26.5590000 +00:00,2023-12-01 03:25:26.5590000 +00:00
90e3d175dd48,Jardim nova era,5000708.0,50,2024-08-05 11:50:44.3000000 +00:00,2024-08-05 11:50:44.3000000 +00:00
16da8244102d,Carandá Bosque,5002704.0,50,2022-04-19 12:31:35.5370000 +00:00,2022-04-19 12:31:35.5370000 +00:00
6c4282ecddd5,Vila Taquarussu,5002704.0,50,2024-02-23 16:41:09.0210000 +00:00,2024-02-23 16:41:09.0210000 +00:00
af6622247573,Resende 2 ,1508126.0,15,2024-09-03 00:57:01.7390000 +00:00,2024-09-03 00:57:01.7390000 +00:00
2141d979dc12,Pioneiros ,5002704.0,50,2023-06-15 12:30:04.4300000 +00:00,2026-02-26 01:29:48.1960000 +00:00
af7642c47a32,Jardim dos Estados,5002704.0,50,2022-07-28 20:23:52.5900000 +00:00,2022-07-28 20:23:52.5900000 +00:00
05aa7060b464,Sobrinho,5002704.0,50,2021-08-05 13:23:28.9790000 +00:00,2021-08-05 13:23:28.9790000 +00:00
ba59b9bcc1ca,Planalto ,5004106.0,50,2024-02-20 11:07:24.1460000 +00:00,2024-02-20 11:07:24.1460000 +00:00
a857b9983820,Jardim Inápolis,5002704.0,50,2023-05-24 19:20:29.5850000 +00:00,2023-05-24 19:26:12.1010000 +00:00
20dede218104,Conjunto Aero Rancho,5002704.0,50,2020-12-19 22:29:09.8220000 +00:00,2021-09-11 19:34:28.2420000 +00:00
44610928e550,Lot nossa Sr de Fátima ,2602704.0,26,2023-10-20 08:39:41.6720000 +00:00,2023-10-20 08:39:41.6720000 +00:00
544ffe3e73d4,Centro,5005707.0,50,2022-07-14 11:36:01.4510000 +00:00,2022-07-14 11:36:01.4510000 +00:00
b5ef62747cb5,Vila Sargento Amaral,5002704.0,50,2026-07-27 15:51:14.7600000 +00:00,2026-07-27 15:51:14.7600000 +00:00
6b15e3a90139,Vila Olinda,5002704.0,50,2024-07-16 23:06:32.7900000 +00:00,2024-07-16 23:06:32.7900000 +00:00
9d4431e8626a,donaria ,5002209.0,50,2021-10-05 02:51:34.1540000 +00:00,2021-10-05 02:52:11.0010000 +00:00
ea1da027827d,Jardim Paulo Coelho Machado,5002704.0,50,2024-08-14 09:03:01.5990000 +00:00,2024-08-14 09:03:01.5990000 +00:00
23588bd76d76,Ema Rigo,5005400.0,50,2025-03-31 18:04:15.1360000 +00:00,2025-03-31 18:04:22.3890000 +00:00
5353b4299ff3,Conjunto Aero Rancho,5002704.0,50,2025-11-27 10:54:01.0450000 +00:00,2025-11-27 10:57:42.0540000 +00:00
9fd0be165dd5,esplanada 2,5002951.0,50,2024-05-21 22:43:47.4660000 +00:00,2024-05-21 22:43:47.4660000 +00:00
698f8d9cea8b,Vila Nova,5000906.0,50,2022-05-29 00:18:06.4830000 +00:00,2022-06-20 02:56:22.3270000 +00:00
98a5015b1892,Parque do Sol,5002704.0,50,2025-05-30 00:22:24.6300000 +00:00,2025-05-30 00:22:24.6300000 +00:00
4410227662bc,Vila Guanabara,5008305.0,50,2023-12-26 18:44:47.0400000 +00:00,2023-12-26 18:44:47.0400000 +00:00
0d769a2dbfb1,sibipiruna ,5002951.0,50,2021-08-12 18:41:15.3750000 +00:00,2021-08-12 18:41:15.3750000 +00:00
afe44db49a3a,Jardim Parati,5002704.0,50,2025-10-21 00:53:38.4610000 +00:00,2025-10-21 00:53:38.4610000 +00:00
7d02d44acf8a,Jardim Itália,5002704.0,50,2024-04-28 03:04:52.4750000 +00:00,2024-04-28 03:04:52.4750000 +00:00
41aedfe386a2,Jardim Leblon,5002704.0,50,2026-06-08 22:16:26.5860000 +00:00,2026-06-08 22:16:31.9920000 +00:00
4ecfd8cbf1e6,Vale do Sol ,5002605.0,50,2026-03-15 18:08:45.0540000 +00:00,2026-03-15 18:08:45.0540000 +00:00
9cea8ac10a44,Vila moa,5005004.0,50,2024-01-03 23:27:13.6020000 +00:00,2024-01-03 23:27:13.6020000 +00:00
860ddbf50e27,Centro,5007505.0,50,2026-05-21 23:39:28.1170000 +00:00,2026-05-21 23:40:06.0590000 +00:00
88e3ced0b75b,Vila Base Aérea,5002704.0,50,2023-06-16 13:45:07.9420000 +00:00,2023-06-16 13:45:53.2030000 +00:00
73dd8017a742,Nova Lima,5002704.0,50,2025-03-28 16:16:22.2050000 +00:00,2025-03-28 16:17:30.4510000 +00:00
cd0f02131a0e,Primavera ,5002100.0,50,2024-12-11 01:47:47.1940000 +00:00,2024-12-11 01:47:47.1940000 +00:00
55e70ead1f9b,Severino A,5006275.0,50,2026-05-30 21:27:08.6850000 +00:00,2026-05-31 16:23:15.4580000 +00:00
6e69531e1dbf,Aldeia Babaçu,5005608.0,50,2024-01-22 20:44:34.7260000 +00:00,2024-01-22 20:44:34.7260000 +00:00
43cdbbe182db,Portal Caiobá II,5002704.0,50,2024-06-13 11:53:37.6770000 +00:00,2024-06-13 11:53:37.6770000 +00:00
4d7a8b31886a,Centro,5005152.0,50,2025-06-06 09:29:59.8890000 +00:00,2025-06-06 09:29:59.8890000 +00:00
605aeefdf64d,Vila Piloto,5008305.0,50,2026-02-05 23:39:20.2620000 +00:00,2026-02-05 23:39:20.2620000 +00:00
2f69c5f83fbe,Santa Tereza ,5005004.0,50,2021-08-26 01:06:20.3480000 +00:00,2021-08-26 01:06:20.3480000 +00:00
cbd41913852e,vila militar ,5006606.0,50,2024-10-18 13:37:21.5740000 +00:00,2024-10-18 13:37:21.5740000 +00:00
ef175e6eaea6,Pernambuco,5002902.0,50,2021-08-14 12:30:03.0660000 +00:00,2021-08-14 12:30:03.0660000 +00:00
f2f27b8a893b,Vila Carlota,5002704.0,50,2023-03-16 06:59:08.9570000 +00:00,2023-03-16 06:59:08.9570000 +00:00
f1e92f770c1d,Jardim Parati,5002704.0,50,2023-01-30 16:36:48.1140000 +00:00,2023-01-30 16:36:48.1140000 +00:00
abc87f39a213,Jardim Botânico II,5002704.0,50,2023-06-17 05:21:02.3510000 +00:00,2023-06-17 05:21:02.3510000 +00:00
28e6a4e464c2,vila margarida ,5005400.0,50,2025-12-09 13:25:04.9070000 +00:00,2025-12-09 13:25:04.9070000 +00:00
cc6802469605,Parque dos Laranjais,5002704.0,50,2023-05-03 15:29:40.5120000 +00:00,2023-05-03 15:29:40.5120000 +00:00
4d2c81ab5201,Centro,5008305.0,50,2021-06-19 21:08:31.4210000 +00:00,2021-06-19 21:08:31.4210000 +00:00
cd10c6e9fb30,Centro,5002407.0,50,2024-04-30 18:19:43.1070000 +00:00,2024-04-30 18:19:43.1070000 +00:00
d7a01711cd5e,Coophavila II,5002704.0,50,2024-08-29 14:44:27.1380000 +00:00,2024-08-29 14:44:27.1380000 +00:00
b41ff1c8ce56,Residencial Cachoeira ,5003256.0,50,2023-05-23 19:11:34.0850000 +00:00,2023-05-23 19:11:34.0850000 +00:00
d3c25200674c,Jardim Centenário,5002704.0,50,2025-06-10 19:17:54.6590000 +00:00,2025-06-10 19:17:54.6590000 +00:00
063682f39ad6,centro,5007935.0,50,2023-05-23 23:48:47.2360000 +00:00,2023-05-23 23:48:47.2360000 +00:00
512f1f9cdc60,Vila Roma II,5003702.0,50,2023-07-14 14:44:24.8690000 +00:00,2023-07-14 14:45:16.3390000 +00:00
653f8a88b8d8,Centro Educacional ,5006200.0,50,2024-08-23 18:20:54.2220000 +00:00,2024-08-23 18:20:54.2220000 +00:00
1f01b39f860e,Conjunto Residencial Estrela do Sul,5002704.0,50,2022-06-16 21:49:50.5860000 +00:00,2022-06-16 21:49:50.5860000 +00:00
75c09a50ab9b,João ,5001102.0,50,2024-04-13 21:03:05.9110000 +00:00,2024-04-13 21:03:05.9110000 +00:00
81729736e0c9,jardim Guanabara ,5005400.0,50,2023-02-16 03:16:44.5750000 +00:00,2023-02-16 03:17:17.4580000 +00:00
3d15bf43c473,Jardim Rasslem,5003702.0,50,2021-11-04 11:57:44.7040000 +00:00,2021-11-04 11:57:44.7040000 +00:00
acb7c2d8ac88,Santo Antônio,4314902.0,43,2022-04-09 13:44:33.7950000 +00:00,2022-04-09 13:44:33.7950000 +00:00
0e2b4da560a4,Vila Carvalho,5002704.0,50,2022-05-26 18:59:10.4860000 +00:00,2022-05-26 18:59:10.4860000 +00:00
a7d4fa9de99d,Sibipiruna ,5002951.0,50,2025-02-14 23:55:52.2210000 +00:00,2025-02-14 23:56:03.9600000 +00:00
e1310e25929e,Jardim Aero Rancho,5002704.0,50,2020-04-27 17:31:35.6060000 +00:00,2020-04-27 17:31:35.6060000 +00:00
6621809c578e,Conjunto Residencial Estrela do Sul,5002704.0,50,2024-03-13 10:22:38.0000000 +00:00,2024-03-13 10:22:42.1820000 +00:00
ff58b12b7ba4,Mendes Mourão ,5003306.0,50,2025-07-17 19:36:23.6850000 +00:00,2025-07-17 19:36:23.6850000 +00:00
ad26ea1153fb,Centro,5000906.0,50,2022-09-23 20:16:47.4170000 +00:00,2022-09-23 20:16:47.4170000 +00:00
ef6b791f25d0,Monte Castelo,5002704.0,50,2024-08-19 01:59:11.1830000 +00:00,2024-08-19 01:59:11.1830000 +00:00
d8b10f94d107,Piracema ,5003306.0,50,2025-09-23 13:33:12.8450000 +00:00,2025-09-23 13:33:12.8450000 +00:00
9969b29a0040,centro,5000906.0,50,2024-07-17 16:14:56.8890000 +00:00,2024-07-17 16:15:11.2420000 +00:00
2ff118a415b4,Loteamento Rancho Alegre II,5002704.0,50,2026-01-06 02:52:58.1560000 +00:00,2026-01-06 02:52:58.1560000 +00:00
7ac101e048f9,Mata do Jacinto,5002704.0,50,2024-02-25 17:28:21.8950000 +00:00,2024-02-25 17:28:21.8950000 +00:00
8e65367f82ab,Jardim Monumento,5002704.0,50,2022-02-02 06:40:39.2990000 +00:00,2022-02-02 06:40:43.2230000 +00:00
fdd69a96a975,rural,5002001.0,50,2022-04-03 17:33:08.4520000 +00:00,2023-04-05 00:06:59.2920000 +00:00
1cc3b4caf927,Varandas do Campo,5002704.0,50,2024-09-13 03:10:26.3300000 +00:00,2024-09-13 03:10:41.1650000 +00:00
9dcf9f94c6e8,Esplanada,5003702.0,50,2025-10-23 22:48:37.0480000 +00:00,2025-10-23 22:48:54.2700000 +00:00
ce54e091322b,Portal do Panamá,5002704.0,50,2020-04-28 03:29:27.4160000 +00:00,2020-04-28 03:29:27.4160000 +00:00
c1d0c67c41de,centro ,5005152.0,50,2024-05-17 23:57:24.4190000 +00:00,2024-05-17 23:57:44.5770000 +00:00
447502ba3616,Jardim Veraneio,5002704.0,50,2021-01-22 18:03:12.0180000 +00:00,2021-01-22 18:03:12.0180000 +00:00
1e8c88c19c30,centro,5007703.0,50,2024-10-31 17:31:35.7790000 +00:00,2024-10-31 17:31:35.7790000 +00:00
78306a61d529,Jardim Vida Nova,5002704.0,50,2024-08-13 00:46:34.4000000 +00:00,2024-08-13 00:46:34.4000000 +00:00
061929c71a01,zona rural ,5105101.0,51,2024-06-26 01:09:57.7430000 +00:00,2024-06-26 01:09:57.7430000 +00:00
31ce941b70fa,Residencial Búzios,5002704.0,50,2026-05-27 14:50:46.3470000 +00:00,2026-05-27 14:50:46.3470000 +00:00
789f8a394fe1,água boa ,5003702.0,50,2022-04-16 20:24:26.3060000 +00:00,2022-04-16 20:30:23.3840000 +00:00
8cd8d83438ba,centro ,5000609.0,50,2024-08-09 02:08:44.5850000 +00:00,2024-08-12 15:40:15.9940000 +00:00
c8897b921447,vila 70,5002407.0,50,2023-07-27 13:06:48.3320000 +00:00,2023-08-02 16:28:05.1590000 +00:00
c87eb253e123,celina gobcalves,5006200.0,50,2022-01-28 00:37:39.4960000 +00:00,2022-01-28 12:15:50.3330000 +00:00
764283df9a32,Altos do Indaiá,5003702.0,50,2023-06-07 16:49:59.3930000 +00:00,2023-06-07 16:50:11.9330000 +00:00
dca87dd1dc78,Nova Aquidauana ,5001102.0,50,2024-04-29 15:25:23.1740000 +00:00,2024-04-29 15:25:23.1740000 +00:00
79945fde815f,Vila Santa Luzia,5002704.0,50,2021-09-24 13:14:47.1600000 +00:00,2023-08-18 23:20:53.9200000 +00:00
329ce13a03b3,Residencial Oliveira,5002704.0,50,2022-01-31 23:18:15.7260000 +00:00,2022-01-31 23:18:15.7260000 +00:00
e72310d65179,Jardim Paulo Coelho Machado,5002704.0,50,2023-01-03 20:37:13.4150000 +00:00,2023-01-03 20:37:13.4150000 +00:00
98a9ec292af3,Vila Cuiabá,5003702.0,50,2021-08-16 03:33:08.1720000 +00:00,2021-08-16 03:33:15.3810000 +00:00
6ddcb60d6503,Conjunto Residencial Recanto dos Rouxinóis,5002704.0,50,2025-09-11 22:39:15.8570000 +00:00,2025-09-11 22:39:11.0870000 +00:00
367520c0ef11,Centro,5006903.0,50,2026-04-06 23:32:48.8240000 +00:00,2026-04-06 23:32:52.0200000 +00:00
4ad34e3fc71c,centeo,5005608.0,50,2025-11-26 11:29:14.6590000 +00:00,2025-11-26 11:29:14.6590000 +00:00
0bae0b1cfdc3,Jardim Boa Vista ,5002100.0,50,2023-06-06 00:53:39.3360000 +00:00,2026-04-10 10:15:54.7500000 +00:00
795fa2eb4b39,parque das araras ,5003504.0,50,2023-08-23 15:37:45.1000000 +00:00,2023-08-23 15:37:45.1000000 +00:00
b3659dff8d23,Jardim Paraíso |||,5005707.0,50,2026-04-24 16:25:38.3500000 +00:00,2026-04-24 16:25:38.3500000 +00:00
b1259f52790a,Centro,5005707.0,50,2025-01-10 15:23:47.1720000 +00:00,2025-01-10 15:23:47.1720000 +00:00
f9f2a9d7f544,Monte Castelo,5002704.0,50,2024-11-22 15:25:21.8670000 +00:00,2024-11-22 15:25:21.8670000 +00:00
5b02041052ab,Jardim Guanabara,5003702.0,50,2026-01-10 17:17:53.0450000 +00:00,2026-01-10 17:17:53.0450000 +00:00
26d18262ab2c,Parque dos Novos Estados,5002704.0,50,2024-09-15 16:37:31.4490000 +00:00,2024-09-15 16:37:31.4490000 +00:00
49ebf0e0a80b,Nova Três Lagoas ,5008305.0,50,2022-05-27 23:32:23.5350000 +00:00,2022-05-27 23:32:23.5350000 +00:00
21925ffca2c4,Vila Marcos Roberto,5002704.0,50,2024-08-23 12:30:03.4220000 +00:00,2024-08-23 12:30:07.5270000 +00:00
bcdf3295e21f,Jardim paraíso,5005707.0,50,2022-03-21 12:32:45.2870000 +00:00,2022-03-21 12:32:45.2870000 +00:00
338827281200,Vila São Francisco,5003702.0,50,2021-08-19 21:25:14.2640000 +00:00,2021-08-19 21:25:40.8340000 +00:00
2d74bec09454,Jardim Vitoria,5006606.0,50,2025-03-12 12:37:27.3950000 +00:00,2025-03-12 12:37:27.3950000 +00:00
0d870f868519,Gramame,2507507.0,25,2025-08-08 14:32:05.2110000 +00:00,2025-08-08 14:32:05.2110000 +00:00
25681cbd892f,Tapanã,1501402.0,15,2024-07-19 20:17:41.1910000 +00:00,2024-07-19 20:17:45.4870000 +00:00
92deafd7eab2,Residencial Estrela Park,5002704.0,50,2024-01-12 01:00:28.2120000 +00:00,2024-01-12 01:00:28.2120000 +00:00
8ccbdabdbbb6,vila vitória ,5007802.0,50,2025-09-30 13:03:32.3680000 +00:00,2025-09-30 13:03:32.3680000 +00:00
0fd0a448226e,Paraguai Vila do Ovídio ,5005400.0,50,2024-07-29 23:09:50.8880000 +00:00,2024-07-29 23:10:55.1540000 +00:00
03bad384fdc5,Vila São Francisco,5003702.0,50,2021-03-04 15:59:48.8550000 +00:00,2021-03-04 15:59:48.8550000 +00:00
396915310da3,Residencial Oliveira,5002704.0,50,2021-01-27 03:27:06.5000000 +00:00,2021-01-27 03:27:17.5090000 +00:00
fc20d878a1f7,Parque das Nações II,5003702.0,50,2026-05-31 20:15:08.7520000 +00:00,2026-05-31 20:16:14.2180000 +00:00
a242c37c9624,Jardim Morenão,5002704.0,50,2021-10-02 01:20:25.0280000 +00:00,2021-10-02 01:20:25.0280000 +00:00
dcbe15148e2f,Centro,5006309.0,50,2024-01-11 03:09:38.8160000 +00:00,2024-01-11 03:09:38.8160000 +00:00
3387d699decd,Pioneiros,5002704.0,50,2025-08-25 16:11:12.7000000 +00:00,2025-08-25 16:11:12.7000000 +00:00
e37d46b4c58e,Parque Alvorada,5003702.0,50,2024-11-05 20:20:43.6780000 +00:00,2024-11-05 20:21:17.8810000 +00:00
8aa4af5d4744,Amambaí,5002704.0,50,2021-02-04 02:30:51.7730000 +00:00,2021-02-04 02:31:10.3720000 +00:00
38bc981a2157,Paraguai ,5005400.0,50,2022-10-09 03:29:26.9360000 +00:00,2022-10-09 03:29:26.9360000 +00:00
dbd3475d0aae,Vila Santa Luzia,5002704.0,50,2026-01-30 18:27:29.3230000 +00:00,2026-01-30 18:31:11.5440000 +00:00
80a502c4f1f7,Jardim Botânico ,2403608.0,24,2025-12-12 01:41:20.5550000 +00:00,2025-12-12 01:41:20.5550000 +00:00
8229d091a4fc,,5001003.0,50,2023-12-30 03:08:42.2890000 +00:00,2023-12-30 03:08:42.2890000 +00:00
56aaf9918f8d,Conjunto Parati II,5002704.0,50,2025-03-23 23:09:08.1690000 +00:00,2025-03-23 23:09:08.1690000 +00:00
07cd34dd5419,Jardim dos Estados ,5007406.0,50,2020-05-03 01:40:56.5720000 +00:00,2020-05-03 01:40:56.5720000 +00:00
eebbcc2a5bb4,Loteamento Alto da Boa Vista,5002704.0,50,2025-02-12 15:42:14.8670000 +00:00,2025-02-12 15:42:14.8670000 +00:00
55f9e1a7e36d,Jardim Novo Horizonte,5003702.0,50,2020-07-18 02:16:08.7510000 +00:00,2020-07-18 02:16:08.7510000 +00:00
9650c71d684d,Nova Lima,5002704.0,50,2024-04-06 16:15:42.0700000 +00:00,2024-04-06 16:15:42.0700000 +00:00
c084bdaafc09,COSTA E SILVA ,5002100.0,50,2020-04-17 23:59:02.0440000 +00:00,2020-04-17 23:59:02.0440000 +00:00
204e57832ff0,centro,5002407.0,50,2023-12-28 15:46:14.7070000 +00:00,2023-12-28 15:46:14.7070000 +00:00
2d75c65dcead,Pioneiros,5002704.0,50,2025-07-08 20:20:09.2970000 +00:00,2025-07-08 20:21:16.2750000 +00:00
9c9fc1102b05,Residencial Oliveira III,5002704.0,50,2023-12-23 14:21:52.0870000 +00:00,2023-12-23 14:21:52.0870000 +00:00
e5c8f46ec692,Vila Nova Campo Grande,5002704.0,50,2022-09-22 17:01:30.5350000 +00:00,2022-09-22 17:01:30.5350000 +00:00
d8c375c9b005,,5006275.0,50,2022-06-15 16:10:30.3530000 +00:00,2022-06-15 16:10:30.3530000 +00:00
f78559f04f35,Centro ,5006200.0,50,2024-11-23 16:14:15.3070000 +00:00,2024-11-23 16:14:15.3070000 +00:00
94a16d0d5cd8,São João,5006606.0,50,2021-01-25 06:22:21.5840000 +00:00,2021-01-25 06:22:21.5840000 +00:00
d0c91944b96e,Santo Antônio,5002704.0,50,2022-04-23 09:54:21.6850000 +00:00,2022-04-23 09:54:21.6850000 +00:00
797d714c4996,Vila Vitória ,5007802.0,50,2024-03-05 01:47:55.5850000 +00:00,2024-03-05 01:47:55.5850000 +00:00
de6a2678785e,Jardim Vila Verde,5008305.0,50,2023-06-08 18:13:12.0170000 +00:00,2023-06-08 18:25:06.8330000 +00:00
372586207210,jardim oásis ,5005707.0,50,2022-02-14 17:05:53.7140000 +00:00,2022-04-03 17:19:06.3140000 +00:00
65126907441a,Amambaí,5002704.0,50,2023-07-16 18:29:40.1830000 +00:00,2023-07-16 18:29:40.1830000 +00:00
39888aec3e81,Sobrinho,5002704.0,50,2021-12-10 16:48:37.8640000 +00:00,2021-12-10 16:49:16.6850000 +00:00
55580e881ebf,Jardim Progresso ,5005707.0,50,2024-03-27 20:13:39.0110000 +00:00,2024-03-27 20:13:39.0110000 +00:00
219f657b9399,Santos Dumont,5008305.0,50,2025-07-05 20:25:11.7100000 +00:00,2025-07-05 20:25:11.7100000 +00:00
c6d6c588aca2,harry amorim,5005707.0,50,2024-07-26 18:54:39.3920000 +00:00,2024-07-26 18:54:39.3920000 +00:00
05b0d70fea87,Jardim Água Boa,5003702.0,50,2021-09-14 05:43:16.5070000 +00:00,2021-09-14 05:43:16.5070000 +00:00
cf54cc0f54c1,Vila Planalto,5002704.0,50,2025-02-13 16:47:21.7330000 +00:00,2025-02-13 16:47:21.7330000 +00:00
d8936e1576a4,,5007935.0,50,2024-05-13 00:38:51.0720000 +00:00,2024-05-13 00:38:51.0720000 +00:00
3c785ff2820d,Jardim das Hortências,5002704.0,50,2022-03-28 19:00:58.3790000 +00:00,2022-03-28 19:01:10.6440000 +00:00
2d2ad09387a8,Vila São Francisco,5003702.0,50,2026-04-23 13:07:51.7710000 +00:00,2026-04-23 13:07:51.7710000 +00:00
7f706a0f0ba4,Amambaí,5002704.0,50,2024-08-19 02:42:24.6820000 +00:00,2024-08-19 03:01:05.1290000 +00:00
bb90b9346f28,Esplanada 3,5002951.0,50,2025-07-14 15:33:29.2720000 +00:00,2025-07-14 15:33:29.2720000 +00:00
97f0977b7b15,Jardim Autonomista,5002704.0,50,2022-09-20 20:50:13.5240000 +00:00,2022-09-20 20:50:13.5240000 +00:00
2b5e9609f85b,CENTRO,5005004.0,50,2024-12-19 17:40:12.4920000 +00:00,2024-12-19 17:40:12.4920000 +00:00
ef1ac861783a,Recanto das Palmeiras,5002704.0,50,2025-06-16 17:17:06.3810000 +00:00,2025-06-16 17:17:06.3810000 +00:00
f93efea251be,centro,3112406.0,31,2025-06-28 21:43:06.0810000 +00:00,2025-06-28 21:43:06.0810000 +00:00
9d4413770dc7,Conjunto Residencial Estrela do Sul,5002704.0,50,2023-03-20 16:38:49.4600000 +00:00,2023-03-20 16:39:11.3520000 +00:00
ee48cb098d05,Residencial Greenville,5003702.0,50,2022-06-03 22:32:44.1480000 +00:00,2022-06-03 22:33:53.4250000 +00:00
340e7f30f1a6,Ipê ,5003751.0,50,2023-08-03 19:28:17.7610000 +00:00,2023-08-03 19:32:40.4740000 +00:00
6e5188902abc,são Cristóvão ,5007695.0,50,2025-01-16 17:42:12.7740000 +00:00,2025-01-16 17:42:12.7740000 +00:00
c4e3d39a7656,Vila Boa Esperança,5107602.0,51,2022-10-13 17:15:58.6070000 +00:00,2022-10-13 17:15:58.6070000 +00:00
23c0d7b1760f,Jd canguru,5002704.0,50,2021-01-21 18:34:28.3770000 +00:00,2021-01-21 18:34:28.3770000 +00:00
b8bb1d1f4642,Jardim Altos da Glória,5006606.0,50,2022-03-08 00:05:15.7960000 +00:00,2022-03-08 00:05:15.7960000 +00:00
8a60400129c9,Santos Dumont,5008305.0,50,2026-02-24 21:13:04.4230000 +00:00,2026-02-24 21:13:14.6350000 +00:00
70450eafe34a,Itacorubi,4205407.0,42,2023-04-23 22:03:21.8750000 +00:00,2023-04-23 22:03:21.8750000 +00:00
62447c5d5307,Jardim Rasslem,5003702.0,50,2022-02-10 16:04:20.3130000 +00:00,2022-02-10 16:04:20.3130000 +00:00
642441d696f4,Vila Jussara,5002704.0,50,2025-02-09 06:26:08.6760000 +00:00,2025-02-09 06:26:08.6760000 +00:00
cfe9d0c5de1a,Irman Ribeiro,5006200.0,50,2025-06-06 00:22:41.3130000 +00:00,2025-06-06 00:22:41.3130000 +00:00
9ef0d04c402b,Esperança,2211209.0,22,2024-07-18 21:14:46.6890000 +00:00,2024-07-18 21:14:54.5160000 +00:00
dd20cb439213,Jardim Guanabara,5003702.0,50,2022-05-16 00:24:43.3640000 +00:00,2022-05-16 00:24:43.3640000 +00:00
a8fe6ae50205,Vila do Polonês,5002704.0,50,2024-02-26 21:05:45.3030000 +00:00,2024-02-26 21:05:45.3030000 +00:00
d2b6a4fe744c,Bairro da Granja,5006606.0,50,2022-04-29 21:26:26.9830000 +00:00,2022-04-29 21:26:26.9830000 +00:00
04f786769a3e,Monte Castelo,5002704.0,50,2022-03-14 01:33:52.7550000 +00:00,2022-03-14 01:34:38.3990000 +00:00
14c8d8f6fb9b,Centro ,5004502.0,50,2024-05-14 18:27:16.9870000 +00:00,2024-05-14 18:27:16.9870000 +00:00
b98584a0a98d,Centro,5000906.0,50,2025-06-21 13:09:36.2840000 +00:00,2025-08-10 19:55:18.0150000 +00:00
f2b80197fe9d,Residencial Bonanza,5003702.0,50,2025-03-31 21:44:19.4890000 +00:00,2025-03-31 21:44:19.4890000 +00:00
930127d794b0,Vila Nova,5000906.0,50,2022-01-11 19:11:47.3440000 +00:00,2022-01-11 19:11:47.3440000 +00:00
734a5a8122d9,Centro ,5007901.0,50,2020-06-21 17:58:03.8710000 +00:00,2020-06-21 17:58:03.8710000 +00:00
a5b4e7007f15,Coophavilla II,5002605.0,50,2024-02-07 19:38:24.9460000 +00:00,2024-02-07 19:38:24.9460000 +00:00
7bd833b82e55,Bonjardim,5002704.0,50,2021-02-08 18:41:19.6470000 +00:00,2021-02-08 18:41:19.6470000 +00:00
864b3eff8d35,Jardim Noroeste,5002704.0,50,2024-03-02 02:13:49.2890000 +00:00,2024-03-02 02:13:49.2890000 +00:00
6a156b2f27a5,Jardim Flórida,5003702.0,50,2024-03-27 01:54:47.7760000 +00:00,2024-03-27 01:55:33.8580000 +00:00
0826cd3e865e,Residencial Sírio Libanês I,5002704.0,50,2025-01-11 00:08:56.1770000 +00:00,2025-01-11 00:08:56.1770000 +00:00
cacb1d2f9509,Vila Planalto,5002407.0,50,2022-05-30 23:06:47.7860000 +00:00,2022-05-30 23:06:55.1190000 +00:00
c2cd03f15e47,Jardim Itália,5003702.0,50,2023-12-09 17:56:55.0670000 +00:00,2023-12-09 17:57:47.0280000 +00:00
552f36dd2f12,Tijuca 2,5002704.0,50,2023-09-25 20:51:49.4810000 +00:00,2023-09-25 20:51:49.4810000 +00:00
eaabbfb401f4,Cohab Aeroporto ,5005004.0,50,2025-04-28 12:29:43.4060000 +00:00,2025-04-28 12:29:43.4060000 +00:00
60304fdefa3e,são Bento,5007901.0,50,2021-08-12 23:58:29.3910000 +00:00,2021-08-12 23:58:29.3910000 +00:00
7329956f75b8,Jardim Eldorado,5006002.0,50,2022-03-11 01:27:57.6450000 +00:00,2022-03-11 01:28:41.2420000 +00:00
a06e84d8df0c,Vila Piloto,5008305.0,50,2024-06-19 18:59:18.9660000 +00:00,2024-06-19 19:00:22.4830000 +00:00
87818f0361c0,Centro,5006200.0,50,2026-08-11 10:59:02.7710000 +00:00,2026-08-11 10:59:02.7710000 +00:00
680d60aeb083,Centro,5002704.0,50,2024-12-03 22:16:43.2800000 +00:00,2024-12-03 22:16:43.2800000 +00:00
9694e382534c,Vila Santa Luzia,5002704.0,50,2022-09-10 23:32:35.1380000 +00:00,2022-09-10 23:32:35.1380000 +00:00
a2bdcd365fd2,Jardim Tropical,5003702.0,50,2021-12-10 17:07:29.3890000 +00:00,2021-12-10 17:08:10.8980000 +00:00
7e6c7ae4ff26,Jardim Guanabara,5003702.0,50,2022-05-10 01:07:06.0130000 +00:00,2022-05-10 01:12:46.2680000 +00:00
9a2ffe36174f,Jardim Independência,5003702.0,50,2025-07-03 18:13:06.5110000 +00:00,2025-07-03 18:13:06.5110000 +00:00
7822e0b1edde,Maria Leite,5003207.0,50,2024-01-12 15:19:30.5060000 +00:00,2024-01-12 15:19:44.1710000 +00:00
8aa45d47ba8f,Bonjardim,5002704.0,50,2026-01-01 18:08:43.0440000 +00:00,2026-01-01 18:08:43.0440000 +00:00
8ab0e0cc9e62,Jardim Itamaracá,5002704.0,50,2020-11-28 21:27:54.2240000 +00:00,2020-11-28 21:27:54.2240000 +00:00
3290699599ba,Santo Antônio ,5006309.0,50,2025-11-16 04:35:33.4210000 +00:00,2025-11-16 04:35:46.4540000 +00:00
d7125fc01420,Jardim Cangalha,5008305.0,50,2022-05-10 22:59:17.4000000 +00:00,2022-05-10 22:59:17.4000000 +00:00
f65aedf8d7a4,nova Porto xv ,5001904.0,50,2024-05-12 19:18:37.2600000 +00:00,2024-05-12 19:18:37.2600000 +00:00
ce954d374aca,Parque Alvorada,5003702.0,50,2021-11-08 11:13:18.7300000 +00:00,2021-11-08 11:13:32.9750000 +00:00
39fdebba08f8,Centro Habitacional ,5007109.0,50,2025-01-25 00:16:18.4310000 +00:00,2025-01-25 00:16:18.4310000 +00:00
5f604b4d46e1,Jardim Deoclécio Artuzzi,5003702.0,50,2025-10-10 15:13:11.0540000 +00:00,2025-10-10 15:13:11.0540000 +00:00
da73eac16315,Vila Taquarussu,5002704.0,50,2025-05-02 20:20:14.5030000 +00:00,2025-05-02 20:20:14.5030000 +00:00
2c13e3025577,Centro,5002704.0,50,2023-01-08 16:41:07.6540000 +00:00,2023-01-08 16:41:07.6540000 +00:00
d7156c4ea0c2,Loteamento Vespasiano Martins,5002704.0,50,2025-05-08 01:02:19.4920000 +00:00,2025-05-08 01:02:19.4920000 +00:00
d6c7ed6f759a,Vila Limeira ,5000609.0,50,2024-07-31 18:29:39.1940000 +00:00,2024-07-31 18:29:39.1940000 +00:00
4599108e69bb,Esplanada 3,5002951.0,50,2024-04-12 18:51:21.6950000 +00:00,2024-04-12 18:51:21.6950000 +00:00
a1d5a6d84acc,Vila Ieda,5002704.0,50,2024-03-01 14:52:39.2900000 +00:00,2024-03-01 14:52:44.0700000 +00:00
82b4122ff605,Centro,5002704.0,50,2022-12-07 05:12:04.0570000 +00:00,2022-12-07 05:12:04.0570000 +00:00
a2662416d483,Residencial Londres ,5005707.0,50,2022-11-07 23:44:38.4170000 +00:00,2022-11-07 23:44:38.4170000 +00:00
f199e493f59b,São Bento,5007901.0,50,2023-02-27 14:12:10.5760000 +00:00,2023-02-27 14:12:11.6070000 +00:00
36755a4d5c26,Jardim Guanabara,5003702.0,50,2025-05-02 17:27:54.0870000 +00:00,2025-05-02 17:31:00.0320000 +00:00
a0e029294709,Vila Almeida,5002704.0,50,2025-05-11 21:15:42.8950000 +00:00,2025-05-11 21:15:42.8950000 +00:00
4dbce021d8bb,Jardim Colorado,5002704.0,50,2021-09-01 00:32:21.2000000 +00:00,2021-09-01 00:32:21.2000000 +00:00
320ee5dfe4a9,Centro,5002902.0,50,2022-02-04 00:24:16.0550000 +00:00,2022-02-04 00:24:16.0550000 +00:00
6ac299d0fd6c,Jardim Morenão,5002704.0,50,2023-07-06 22:33:24.8420000 +00:00,2023-07-06 22:33:24.8420000 +00:00
275c04f5a1b3,pé de cedro,5007901.0,50,2024-02-21 13:03:44.1620000 +00:00,2024-02-21 13:03:44.1620000 +00:00
49fe4b4d62e9,Fortaleza,5005400.0,50,2022-05-20 16:33:59.0330000 +00:00,2022-05-20 16:34:12.3730000 +00:00
63b5ee54211d,Esplanada V,5002951.0,50,2024-06-05 13:54:43.0540000 +00:00,2024-06-05 13:54:43.0540000 +00:00
80f55d7ae1de,Santos Dumont,5008305.0,50,2023-06-03 23:49:37.4400000 +00:00,2023-06-03 23:50:52.8630000 +00:00
7f2430907ed7,Conjunto Habitacional Izidro Pedroso,5003702.0,50,2024-06-18 12:59:17.2840000 +00:00,2024-06-18 12:59:17.2840000 +00:00
6a137aece256,Jardim Presidente,5002704.0,50,2023-04-01 03:57:44.3670000 +00:00,2023-04-01 03:58:05.2240000 +00:00
036eee4838a9,Portal Cumandaí ,5005707.0,50,2023-02-20 04:54:07.5900000 +00:00,2023-02-20 04:54:07.5900000 +00:00
31651698f124,Guanandi II,5002704.0,50,2023-05-21 19:52:47.6460000 +00:00,2023-05-21 19:52:47.6460000 +00:00
2852ec89056d,Jardim Leblon,5002704.0,50,2025-05-26 00:46:20.5820000 +00:00,2025-05-26 00:46:20.5820000 +00:00
f5d20eab46b1,Belo Horizonte ,5005707.0,50,2023-08-30 02:57:10.6540000 +00:00,2023-08-30 03:03:41.6540000 +00:00
bc611c8effe2,Nova Serrana,5002704.0,50,2022-06-01 16:12:21.1600000 +00:00,2022-06-01 16:12:58.0220000 +00:00
0edf91d385a6,Morada do Sol,5007208.0,50,2022-05-20 00:16:08.7470000 +00:00,2022-05-20 00:16:08.7470000 +00:00
165666513716,Vila Rosa,5003702.0,50,2022-09-08 13:49:30.6990000 +00:00,2022-09-08 13:49:30.6990000 +00:00
50ea43d8d068,Pioneiros,5002704.0,50,2025-04-16 13:08:49.5930000 +00:00,2025-04-16 13:08:49.5930000 +00:00
dd965d071264,Jardim Ivone 1ª Seção,5006606.0,50,2025-09-17 16:34:37.2770000 +00:00,2025-09-17 16:34:37.2770000 +00:00
89fdb864d4a7,Jardim Itália,5002704.0,50,2022-02-19 16:17:06.0690000 +00:00,2022-02-19 16:17:06.0690000 +00:00
839626ae6c18,,5007802.0,50,2025-09-03 23:31:32.0100000 +00:00,2025-09-03 23:31:48.6950000 +00:00
a97431b426df,Área Rural de Dourados,5003702.0,50,2026-01-14 11:48:24.0320000 +00:00,2026-01-14 11:48:24.0320000 +00:00
6db525437cd8,Jardim São Conrado,5002704.0,50,2024-02-20 14:58:35.8900000 +00:00,2024-02-20 14:58:35.8900000 +00:00
a590d6422a49,santo Antônio,5006309.0,50,2024-03-12 14:40:41.0180000 +00:00,2024-03-12 14:40:41.0180000 +00:00
9ae3c4977deb,Nações,4202008.0,42,2024-09-02 18:49:12.8730000 +00:00,2024-09-02 18:49:12.8730000 +00:00
016fe16ff643,Centro,5003207.0,50,2021-06-25 20:14:20.8200000 +00:00,2021-06-25 20:14:23.6760000 +00:00
2531197142b9,Dom Bosco,5003207.0,50,2024-01-08 16:25:53.3860000 +00:00,2024-01-08 16:25:53.3860000 +00:00
625b8f904161,Parque Residencial dos Girassóis,5002704.0,50,2021-03-21 22:00:27.8600000 +00:00,2021-03-21 22:01:42.3270000 +00:00
a5e5e4f81163,Bosque Carandá I,5006606.0,50,2021-03-29 21:45:10.7890000 +00:00,2021-04-25 19:09:02.8790000 +00:00
6808caeab70c,Jardim Climax,5003702.0,50,2024-03-12 14:42:22.6730000 +00:00,2024-03-12 14:42:22.6730000 +00:00
8097c706731c,Guiomar Soares Andrade ,5006200.0,50,2025-08-06 18:48:11.3580000 +00:00,2025-08-06 18:48:11.3580000 +00:00
d13a71cef948,Vila Bandeirante,5002704.0,50,2021-08-25 16:09:33.2850000 +00:00,2021-08-25 16:09:33.2850000 +00:00
76cad9161d57,BNH,5002605.0,50,2025-04-14 01:02:31.9010000 +00:00,2025-04-14 01:03:08.3620000 +00:00
d5590cd8bf20,Monte Castelo,5002704.0,50,2024-12-22 11:55:21.9670000 +00:00,2024-12-22 11:56:57.0830000 +00:00
149077d05de3,Centro,5002704.0,50,2026-02-08 12:07:35.5330000 +00:00,2026-02-08 12:07:35.5330000 +00:00
edba48a9da56,Mangabeira,2507507.0,25,2026-03-06 20:40:39.6360000 +00:00,2026-03-06 20:40:39.6360000 +00:00
8d133221b840,vila da paz,5007703.0,50,2021-09-14 23:33:46.5180000 +00:00,2021-09-14 23:33:46.5180000 +00:00
070f1cf20250,Vivendas do Bosque,5002704.0,50,2024-04-13 05:19:10.7240000 +00:00,2024-04-13 05:19:10.7240000 +00:00
4ea806052184,fênix,5007695.0,50,2022-02-12 03:45:12.0980000 +00:00,2022-02-12 03:46:07.5720000 +00:00
df0b185fae7d,São Francisco,5002704.0,50,2022-04-06 01:40:25.4250000 +00:00,2022-04-06 01:40:35.1770000 +00:00
e5bee1c75aac,Vila Antônio Vendas,5002704.0,50,2022-03-03 15:33:12.4940000 +00:00,2022-03-03 15:33:12.4940000 +00:00
4b623eacb08b,Jardim São Pedro,5003702.0,50,2024-01-10 01:34:50.0020000 +00:00,2024-01-10 01:34:50.0020000 +00:00
29d74f573b47,Jardim Itália,5002704.0,50,2021-01-15 21:52:57.1050000 +00:00,2021-01-15 21:52:57.1050000 +00:00
f910fe9d7a9a,Vila Nova ,5007109.0,50,2022-05-23 00:19:15.0020000 +00:00,2022-05-23 00:19:15.0020000 +00:00
f81feb3c3a4c,Jardim Jacy,5002704.0,50,2022-03-24 00:36:26.2330000 +00:00,2022-03-24 00:36:31.7940000 +00:00
d11305051ffe,Jardim Alvorada,5008305.0,50,2024-07-25 14:29:04.5170000 +00:00,2024-07-25 14:29:04.5170000 +00:00
4404b7670324,Parque Nova Dourados,5003702.0,50,2025-06-24 15:00:41.7780000 +00:00,2025-06-24 15:00:41.7780000 +00:00
c55779bde6a2,Jardim Parati,5002704.0,50,2026-04-12 13:23:37.4210000 +00:00,2026-04-12 13:23:37.4210000 +00:00
23c2d676de35,centro ,5005707.0,50,2022-05-14 01:46:37.4190000 +00:00,2022-05-14 01:46:37.4190000 +00:00
07fa805cca39,Jardim Itália,5002704.0,50,2024-04-18 20:46:41.7090000 +00:00,2024-04-18 20:46:41.7090000 +00:00
19e74b5c8432,Morada do Sol,5002704.0,50,2020-04-13 14:22:17.4310000 +00:00,2020-04-13 14:22:17.4310000 +00:00
b9b0c4e97856,Jardim Paradiso,5002704.0,50,2024-07-04 02:20:43.7330000 +00:00,2024-07-04 02:20:43.7330000 +00:00
8d01a50f054d,Dom Bosco,5003207.0,50,2023-12-18 17:30:28.8860000 +00:00,2023-12-18 17:30:28.8860000 +00:00
553a90cde19a,Vila Angélica 2 ,5005004.0,50,2023-09-05 03:28:58.3700000 +00:00,2023-09-05 03:28:58.3700000 +00:00
7b7182003bf0,Anhandui,5002704.0,50,2024-04-04 18:51:39.4800000 +00:00,2024-04-04 18:51:39.4800000 +00:00
58e065147503,Jardim Murakami,5003702.0,50,2022-05-19 13:32:02.7520000 +00:00,2022-05-19 13:32:08.2320000 +00:00
0686a63f9773,Amabilli Maffissoni,5007695.0,50,2024-11-27 18:09:41.0720000 +00:00,2024-11-27 18:10:13.2810000 +00:00
0ac1d0a28cf7,Piratininga ,5002704.0,50,2020-04-28 05:03:13.7740000 +00:00,2020-04-28 05:03:13.7740000 +00:00
635a7b94044a,Jardim dos Estados,5002704.0,50,2020-07-14 14:59:30.4400000 +00:00,2021-06-16 16:27:08.2570000 +00:00
612ea4c31462,Interlagos 2 ,5005707.0,50,2023-09-19 23:00:54.2000000 +00:00,2023-09-19 23:03:21.9220000 +00:00
e7e44cffa23b,planalto ,5002951.0,50,2024-05-05 15:01:59.4660000 +00:00,2024-05-05 15:01:59.4660000 +00:00
1954b6796f1e,Portal Caiobá III,5002704.0,50,2025-11-30 14:23:18.6870000 +00:00,2025-11-30 14:23:18.6870000 +00:00
a58d82e1e0d9,Jardim Manaíra,5002704.0,50,2024-06-26 11:02:45.5760000 +00:00,2024-06-26 11:02:45.5760000 +00:00
c197d65bfc83,Vila Moreninha II,5002704.0,50,2023-09-03 05:55:20.1210000 +00:00,2023-09-03 05:55:20.1210000 +00:00
ab85df93acb0,Centro,5002704.0,50,2025-01-09 19:27:44.7710000 +00:00,2025-01-09 19:27:44.7710000 +00:00
e6617e184b2c,Jardim São Conrado,5002704.0,50,2024-06-20 08:09:35.6790000 +00:00,2024-06-20 08:09:35.6790000 +00:00
5a3462cc266c,Vale Taquari,5003306.0,50,2023-06-01 00:53:21.5340000 +00:00,2023-06-06 00:29:15.0070000 +00:00
1752cc844f2c,centro,5005806.0,50,2022-01-24 02:14:01.7290000 +00:00,2022-01-24 02:14:01.7290000 +00:00
fda8e6c3e218,Guanandi II,5002704.0,50,2022-04-26 00:43:33.3610000 +00:00,2022-04-26 00:44:05.3710000 +00:00
f83e3762e786,Centro ,2510303.0,25,2024-03-19 15:40:41.8690000 +00:00,2024-03-19 15:40:41.8690000 +00:00
bd2039cbf9d9,Tiradentes,5002704.0,50,2021-02-10 22:01:05.9490000 +00:00,2021-02-10 22:01:11.6610000 +00:00
17f248553195,Vila Palmira,5002704.0,50,2026-07-22 14:58:42.1020000 +00:00,2026-07-22 14:58:42.1020000 +00:00
6eccb6c4ca40,centro,2112001.0,21,2024-10-09 12:14:52.9740000 +00:00,2024-10-09 12:14:52.9740000 +00:00
2fa4bafb6f9f,Industrial de Lourdes ,5006309.0,50,2023-02-16 16:52:24.1620000 +00:00,2023-02-16 16:53:49.9570000 +00:00
fb1b1825b9a6,Parque Alvorada,5003702.0,50,2025-12-15 15:05:36.6850000 +00:00,2025-12-15 15:06:16.4800000 +00:00
3d8d566fe52d,Osmar Ferreira Dutra,5008305.0,50,2021-07-03 22:58:09.0970000 +00:00,2021-07-03 22:58:09.0970000 +00:00
db98acbc0664,Monte Castelo,5002704.0,50,2026-01-04 17:21:08.8570000 +00:00,2026-01-04 17:21:08.8570000 +00:00
3d24769f28dc,Esplanada 3,5002951.0,50,2026-06-02 01:36:22.7240000 +00:00,2026-06-02 13:08:57.5570000 +00:00
0c4a4f8f9145,alto,5001102.0,50,2022-05-12 12:16:19.0340000 +00:00,2022-05-12 12:16:19.0340000 +00:00
53ba1db9e9c6,Jardim Columbia ,5002704.0,50,2026-02-11 01:15:17.7390000 +00:00,2026-02-11 01:15:17.7390000 +00:00
a4e0a0c93b33,Jardim Aero Rancho,5002704.0,50,2022-03-27 14:59:46.2120000 +00:00,2022-03-27 14:59:46.2120000 +00:00
0829c21481a2,Cristo rei ,5006200.0,50,2022-02-23 22:46:58.9280000 +00:00,2022-02-23 22:46:58.9280000 +00:00
26946b8597b1,Santa fé,5002704.0,50,2021-01-05 18:42:51.7750000 +00:00,2021-01-05 18:43:24.2670000 +00:00
624b84848670,Conjunto Habitacional Estrela D'Alva I,5002704.0,50,2022-04-18 22:40:47.7940000 +00:00,2022-04-18 22:40:47.7940000 +00:00
f1c21dada702,Jardim Novo Horizonte,5003702.0,50,2026-07-28 20:15:28.0240000 +00:00,2026-07-28 20:15:32.7850000 +00:00
e332c42e18aa,Jardim Água Boa,5003702.0,50,2021-08-19 23:16:29.1050000 +00:00,2021-08-19 23:16:29.1050000 +00:00
173db9a553b6,Parque dos Novos Estados,5002704.0,50,2023-05-20 01:54:18.8620000 +00:00,2023-05-20 01:54:18.8620000 +00:00
2a4dc489368b,Jardim Tijuca,5002704.0,50,2024-06-28 16:53:48.9260000 +00:00,2024-06-28 16:53:48.9260000 +00:00
6da7b580404b,Jardim Itatiaia,5002704.0,50,2022-10-30 18:55:55.1520000 +00:00,2022-10-30 18:55:55.1520000 +00:00
fdafbb5b1124,sibipiruna ,5002951.0,50,2024-05-19 10:15:07.6080000 +00:00,2024-05-19 10:15:07.6080000 +00:00
6195dcdb6de6,Portal Caiobá,5002704.0,50,2025-03-26 21:42:42.7740000 +00:00,2025-03-26 21:42:42.7740000 +00:00
8d8483941ec6,Salomé ,5006309.0,50,2024-12-10 19:01:56.3750000 +00:00,2024-12-10 19:02:52.9740000 +00:00
fabe693a1155,Jardim Jockey Club,5002704.0,50,2023-11-10 17:54:22.0480000 +00:00,2023-11-10 17:54:22.0480000 +00:00
29232be6b3c6,Cambarai,5005400.0,50,2021-09-17 05:18:52.5490000 +00:00,2021-09-17 05:20:54.6840000 +00:00
3e9140c23d73,Jardim Corcovado,5002704.0,50,2025-07-09 11:21:15.1730000 +00:00,2025-07-09 11:21:15.1730000 +00:00
ed8e0199858c,Los Angeles,5002704.0,50,2022-11-01 00:03:42.1850000 +00:00,2022-11-01 00:03:42.1850000 +00:00
c68b91d7b162,Morada do Sol ,5007208.0,50,2025-11-12 15:39:25.9370000 +00:00,2025-11-12 15:39:31.4270000 +00:00
c15529aa3723,Pioneira I ,5004502.0,50,2021-09-28 19:06:05.1300000 +00:00,2021-09-28 19:06:31.4320000 +00:00
c89c4e7b9607,plnalto,5002407.0,50,2024-09-30 05:17:07.0420000 +00:00,2024-09-30 05:17:33.9770000 +00:00
0be0638ca0c3,Jardim Paranapunga,5008305.0,50,2022-06-06 22:45:19.7550000 +00:00,2022-06-06 22:45:19.7550000 +00:00
5705ec05ffb4,Tiradentes,5002704.0,50,2026-02-04 19:23:34.0620000 +00:00,2026-02-04 19:23:34.0620000 +00:00
7da76f269d36,centro ,5004502.0,50,2024-05-28 03:10:46.9170000 +00:00,2024-05-28 03:10:46.9170000 +00:00
d9209a9b7f97,Jardim Paulista,5003702.0,50,2021-11-05 00:56:19.0820000 +00:00,2021-11-05 00:56:28.8740000 +00:00
f88bf06c5c63,zona rural ,5002951.0,50,2023-03-27 19:34:42.7470000 +00:00,2024-05-19 16:10:25.5470000 +00:00
cc75b2d80ac8,Vila Cristo Rei,5004502.0,50,2022-05-04 00:46:59.7820000 +00:00,2022-05-04 00:46:59.7820000 +00:00
7914b89d6740,Jardim Paraíso ,5005707.0,50,2022-12-22 03:42:01.1100000 +00:00,2022-12-22 03:42:05.4310000 +00:00
ee21b8fc8cb4,Parque dos Coqueiros,5003702.0,50,2025-06-17 12:21:16.8990000 +00:00,2025-06-17 12:21:16.8990000 +00:00
1ff8428703a5,Loteamento Rancho Alegre II,5002704.0,50,2023-04-29 23:45:39.6160000 +00:00,2023-04-29 23:46:16.2580000 +00:00
ea20147123ee,Universitário,5003207.0,50,2024-01-18 02:52:20.0140000 +00:00,2024-01-18 02:52:20.0140000 +00:00
ea5e7ecb8740,Bela Vista,4211900.0,42,2024-10-04 01:29:36.4890000 +00:00,2024-10-04 01:29:45.8410000 +00:00
5624c5cef1bb,Vila Olinda,5002704.0,50,2026-03-17 02:02:23.9290000 +00:00,2026-03-17 02:02:23.9290000 +00:00
4906a42d45ea,Sanga Puitã,5006606.0,50,2026-04-08 19:22:02.4200000 +00:00,2026-04-08 19:22:02.4200000 +00:00
35613faf5a47,Jardim América,5003702.0,50,2024-01-04 15:57:04.0970000 +00:00,2024-01-04 15:57:04.0970000 +00:00
b1b8874de494,Daniel V ,5006309.0,50,2024-05-28 05:42:38.2190000 +00:00,2024-05-28 05:42:56.6060000 +00:00
4b009c885637,Residencial Kamel Saad,5006606.0,50,2024-04-03 02:52:09.0330000 +00:00,2024-04-03 02:52:09.0330000 +00:00
41b9e905f62c,Vila Santo André,5003702.0,50,2022-09-27 16:37:13.0160000 +00:00,2022-09-27 16:40:24.6500000 +00:00
d0b9d98a3e69,Sobrinho,5002704.0,50,2026-05-29 23:34:28.0650000 +00:00,2026-05-29 23:34:28.0650000 +00:00
69372c477459,Vila Bandeirante,5002704.0,50,2023-04-18 13:25:40.2540000 +00:00,2023-04-18 13:28:04.5850000 +00:00
2fe2b86f0092,Vila Coimbra,5008305.0,50,2024-09-20 15:55:00.1750000 +00:00,2024-09-20 15:55:00.1750000 +00:00
90bda10b3a4c,Popular Velha,5003207.0,50,2024-08-01 17:55:48.3070000 +00:00,2024-08-01 17:55:48.3070000 +00:00
3abed1115b10,Núcleo Habitacional Buriti,5002704.0,50,2021-02-06 17:11:31.8020000 +00:00,2021-02-06 17:11:31.8020000 +00:00
1775333cfeb0,Parque do Sol,5002704.0,50,2026-04-28 18:03:33.3270000 +00:00,2026-04-28 18:03:33.3270000 +00:00
a8fc2611450b,jóquei clube,5003702.0,50,2021-11-05 18:39:05.9980000 +00:00,2021-11-05 18:39:05.9980000 +00:00
06b8d84ac1a5,odercio de matos,5005707.0,50,2024-07-20 05:23:40.1860000 +00:00,2024-07-20 05:23:40.1860000 +00:00
9ad3886cc0d8,Paratibe,2507507.0,25,2024-10-02 12:37:41.1140000 +00:00,2024-10-02 12:38:55.4390000 +00:00
01b789b2b075,centro ,1500800.0,15,2023-08-12 02:35:38.8930000 +00:00,2023-08-12 02:37:38.7030000 +00:00
e3b7c5034c24,Vila Santo André,5003702.0,50,2023-06-09 12:42:35.2600000 +00:00,2023-06-09 12:42:35.2600000 +00:00
095589261580,Campo Dourado,5003702.0,50,2025-03-26 06:51:54.2780000 +00:00,2025-03-26 06:51:54.2780000 +00:00
713e35d3f4e1,Copa Ville,5004601.0,50,2022-08-20 17:03:17.4700000 +00:00,2022-08-20 17:04:32.3980000 +00:00
a79095ac3843,Parque Alvorada,5003702.0,50,2022-04-07 13:24:49.3260000 +00:00,2022-04-07 13:24:49.3260000 +00:00
33e2b4ce4314,Aclimação,3550308.0,35,2022-08-04 13:11:18.1010000 +00:00,2022-08-04 13:11:18.1010000 +00:00
e6a8aaf2cb82,Parati II,5002704.0,50,2022-04-10 03:35:26.1840000 +00:00,2022-04-10 03:35:26.1840000 +00:00
cb27bfcce214,Jardim Itamaracá,5002704.0,50,2023-06-23 07:38:45.3820000 +00:00,2023-06-23 07:38:45.3820000 +00:00
8e9094f208c4,Vale do Sol,5002605.0,50,2022-04-01 02:13:32.3460000 +00:00,2022-04-01 02:13:32.3460000 +00:00
0ab17a41df2b,Vila Nossa Senhora Aparecida ,5000609.0,50,2021-08-13 20:50:44.0880000 +00:00,2021-08-13 20:50:44.0880000 +00:00
fe2637d9d7c8,vila operária ,5004304.0,50,2025-01-09 00:53:25.7690000 +00:00,2025-01-09 00:53:35.3700000 +00:00
1b3f21bb1077,Ariovaldo Pereira ,5007406.0,50,2021-01-24 23:48:45.6770000 +00:00,2021-01-24 23:48:45.6770000 +00:00
d5c739e26c05,Anhandui,5002704.0,50,2024-03-27 20:58:09.8770000 +00:00,2024-03-27 20:58:09.8770000 +00:00
1f9228feff4b,Copagril,5005681.0,50,2026-03-30 16:06:53.7410000 +00:00,2026-03-30 16:07:05.6460000 +00:00
41d554e2d2f5,Vila Rosa,5003702.0,50,2024-03-30 00:40:23.9230000 +00:00,2024-03-30 00:40:23.9230000 +00:00
81b23f295be7,flor do cerrado ,5007695.0,50,2023-01-08 17:49:34.0770000 +00:00,2023-01-08 17:49:34.0770000 +00:00
ce9fbc74fa1d,Universitário,5002704.0,50,2022-05-07 20:13:30.4340000 +00:00,2022-05-07 20:13:30.4340000 +00:00
395a4aeeb169,Jardim Universitário,5006606.0,50,2026-03-18 18:39:03.9200000 +00:00,2026-03-18 18:39:23.5440000 +00:00
515d0588d1d1,Izanopolis ,5002902.0,50,2023-05-25 23:51:06.1310000 +00:00,2023-05-25 23:51:06.1310000 +00:00
933c51e271ef,Tiradentes,5002704.0,50,2025-03-27 13:35:34.6690000 +00:00,2025-03-27 13:39:20.9800000 +00:00
855fe7122263,Centro,2304202.0,23,2024-02-17 21:06:30.7450000 +00:00,2024-02-17 21:06:36.1810000 +00:00
1102c32fb313,Jardim das Paineiras,5008305.0,50,2025-01-13 15:25:43.2830000 +00:00,2025-01-13 15:25:43.2830000 +00:00
14d8cf646197,Jardim Itália,5003702.0,50,2024-12-31 21:56:36.9700000 +00:00,2024-12-31 21:56:36.9700000 +00:00
9ac3544bb00d,Vila Neusa,5002704.0,50,2021-01-21 19:11:23.2950000 +00:00,2021-01-21 19:11:23.2950000 +00:00
ccac590aa1f8,Jardim Tarumã,5002704.0,50,2020-04-25 18:37:03.1830000 +00:00,2020-04-25 18:55:28.2790000 +00:00
cf6fd056d8aa,Varjão,2507507.0,25,2025-02-25 14:55:50.3360000 +00:00,2025-02-25 15:02:42.5290000 +00:00
5325c225e8eb,Conjunto Aero Rancho,5002704.0,50,2021-12-10 20:31:13.5630000 +00:00,2021-12-10 20:31:13.5630000 +00:00
003c2c8d41e8,Conjunto Habitacional Izidro Pedroso,5003702.0,50,2022-09-05 17:39:02.2330000 +00:00,2022-09-05 17:39:02.2330000 +00:00
2c654e5de872,Parque das Nações II,5003702.0,50,2023-01-16 00:28:42.7580000 +00:00,2023-01-16 00:33:07.3980000 +00:00
7e6456b169f9,Jardim Água Boa,5003702.0,50,2023-04-01 17:17:25.9850000 +00:00,2023-04-01 17:17:30.3930000 +00:00
15321a4a2f03,Jardim Novo Eldorado ,5003751.0,50,2023-05-08 00:50:54.8900000 +00:00,2023-05-08 00:50:54.8900000 +00:00
888c9f8ac9a2,Jardim Angélica,5008305.0,50,2024-06-04 21:30:25.8560000 +00:00,2024-06-04 21:30:38.2390000 +00:00
af30a98a40d8,Vila Belo Horizonte,5002704.0,50,2021-01-24 00:22:56.7630000 +00:00,2021-01-24 00:23:11.7740000 +00:00
0bdf87cbad7e,Jardim Água Boa,5003702.0,50,2022-05-17 23:26:51.1100000 +00:00,2022-05-17 23:26:51.1100000 +00:00
7fe7e300e83e,Cristo Redentor,5003207.0,50,2024-03-11 12:28:28.1370000 +00:00,2024-03-11 12:28:28.1370000 +00:00
184a84d06dbe,vila: Ieda ,5002704.0,50,2022-04-25 21:41:55.6330000 +00:00,2022-04-25 21:49:09.4570000 +00:00
c31902f6528b,Jardim Colúmbia,5002704.0,50,2022-12-07 07:04:52.7710000 +00:00,2022-12-07 07:05:16.3270000 +00:00
092f0bbd6cfe,Parque Continental II,3518800.0,35,2024-08-27 03:11:12.2450000 +00:00,2024-08-27 03:11:12.2450000 +00:00
fe2603345067,Cristo Redentor,5003207.0,50,2023-04-27 11:39:17.8200000 +00:00,2023-04-27 11:40:18.8530000 +00:00
f16e7f02b6cd,Jardim Presidente,5002704.0,50,2026-07-31 18:05:54.4960000 +00:00,2026-07-31 18:05:54.4960000 +00:00
7e93a2f2496c,Conjunto Residencial Octavio Pécora,5002704.0,50,2024-02-26 13:16:52.5980000 +00:00,2024-02-26 13:17:38.3980000 +00:00
e2e03b235735,Universitário,5002704.0,50,2024-02-09 19:36:32.1580000 +00:00,2024-02-09 19:36:32.1580000 +00:00
d81d2f5d60af,Alto,5001102.0,50,2022-06-21 17:02:56.7210000 +00:00,2022-06-21 17:04:39.8560000 +00:00
b340ee2df94e,Jardim Cangalha,5008305.0,50,2023-06-12 23:36:48.1460000 +00:00,2023-06-12 23:36:55.7810000 +00:00
a11da12bd433,Cristo Rei,5006200.0,50,2022-03-29 16:06:43.2190000 +00:00,2022-09-23 13:44:20.6060000 +00:00
fbd61123c094,distrito anhandui ,5002704.0,50,2024-09-06 11:36:41.2460000 +00:00,2024-09-06 11:36:41.2460000 +00:00
9066b1c150c7,Gramame,2507507.0,25,2025-10-14 12:43:50.4550000 +00:00,2025-10-14 12:43:50.4550000 +00:00
af483f6003c9,Centro,5002308.0,50,2024-01-21 14:39:46.2240000 +00:00,2024-01-21 14:40:22.8200000 +00:00
707e2120d20f,Universitário,5006200.0,50,2026-05-27 02:28:31.5230000 +00:00,2026-05-27 02:28:31.5230000 +00:00
816874c80132,Jardim Leblon,5002704.0,50,2023-05-15 19:16:22.3650000 +00:00,2023-05-15 19:18:14.9990000 +00:00
330f9ed16162,Jardim Leblon,5002704.0,50,2024-04-25 13:21:11.5060000 +00:00,2024-04-25 13:21:11.5060000 +00:00
7c288c585859,Área Rural de Castilho,3511003.0,35,2023-05-01 17:45:34.3510000 +00:00,2025-08-20 02:31:01.1010000 +00:00
111ab73dde6b,Mata do Jacinto,5002704.0,50,2026-05-10 15:16:35.2450000 +00:00,2026-05-10 15:16:35.2450000 +00:00
6d9e5c57b626,Vila Almeida,5002704.0,50,2021-01-27 22:58:16.6960000 +00:00,2021-01-27 22:58:16.6960000 +00:00
a2ddd57d4961,Parque Residencial Rita Vieira,5002704.0,50,2024-02-27 15:51:53.1860000 +00:00,2024-02-27 15:51:53.1860000 +00:00
7319d3d3c1eb,jardim santa Maria ,5004502.0,50,2024-01-18 03:10:31.5910000 +00:00,2024-01-18 03:10:31.5910000 +00:00
5fdf677dd6f4,Vila Prateada,5005400.0,50,2024-12-14 16:34:27.9700000 +00:00,2025-08-23 21:08:42.2090000 +00:00
4d1b0b76414f,Residencial Ponta Porã II,5006606.0,50,2021-07-03 14:30:31.1180000 +00:00,2021-07-03 14:30:52.1850000 +00:00
585e4e063c52,Conjunto Aero Rancho,5002704.0,50,2025-06-29 04:43:05.5920000 +00:00,2025-06-29 04:43:05.5920000 +00:00
a5a10d989e24,Parque Residencial Osmar F Dutra,5008305.0,50,2023-09-20 22:08:41.1660000 +00:00,2023-09-20 22:08:41.1660000 +00:00
98e27129b02f,Jardim Guanabara,5003702.0,50,2022-05-08 20:18:15.4470000 +00:00,2022-05-08 20:18:22.0070000 +00:00
47318a0511d6,Barreirinho,5220108.0,52,2021-01-04 18:44:04.0680000 +00:00,2021-01-04 18:44:04.0680000 +00:00
57462b036936,residencial vale do APA ,5002100.0,50,2025-03-12 14:19:31.6740000 +00:00,2025-03-12 14:19:36.1780000 +00:00
b7c077c1a134,Monte Castelo,5002704.0,50,2026-07-31 16:03:53.0390000 +00:00,2026-07-31 16:03:53.0390000 +00:00
c26be74e15c6,Ema Rigo ,5005400.0,50,2025-04-21 16:18:30.0030000 +00:00,2025-04-21 16:18:30.0030000 +00:00
9246f6e933cb,Jardim Morenão,5002704.0,50,2023-06-13 08:05:54.5860000 +00:00,2023-06-13 08:05:54.5860000 +00:00
55b2f691fae3,Jardim São Bento ,5004502.0,50,2023-02-06 03:38:10.2210000 +00:00,2025-10-02 16:21:24.9360000 +00:00
69455823fc05,Vila Duque de Caxias,5002704.0,50,2024-06-19 14:19:56.0720000 +00:00,2024-06-19 14:19:56.0720000 +00:00
c0af975f09a8,Vila 70,5002407.0,50,2022-05-05 15:22:31.7310000 +00:00,2022-06-10 05:10:48.6850000 +00:00
37f28499b4b8,conjunto Habitacional caiuas ,5000609.0,50,2023-09-06 16:04:08.4370000 +00:00,2023-09-06 16:04:08.4370000 +00:00
cf03bab16b8d,Coophatrabalho,5002704.0,50,2024-05-08 01:58:53.4580000 +00:00,2024-05-08 01:58:53.4580000 +00:00
651ce0aae4da,Loteamento Rancho Alegre II,5002704.0,50,2026-07-08 12:27:50.8500000 +00:00,2026-07-08 12:27:50.8500000 +00:00
0b66bda83436,Centro,5002100.0,50,2024-08-21 21:17:11.9230000 +00:00,2024-08-21 21:17:30.1490000 +00:00
d48c38d1d529,Jardim Nhanhá,5002704.0,50,2022-04-06 16:22:07.8400000 +00:00,2022-04-06 16:22:07.8400000 +00:00
06b2fcf73f13,Vila Vilas Boas,5002704.0,50,2025-04-01 19:18:36.3020000 +00:00,2025-04-01 19:18:44.7410000 +00:00
7834876a0be4,Bom Retiro,5002704.0,50,2022-05-18 21:56:10.9350000 +00:00,2023-01-21 05:32:51.0390000 +00:00
d1fc606a0b4d,Centro,5006606.0,50,2024-12-26 11:49:47.0800000 +00:00,2024-12-26 11:49:47.0800000 +00:00
d65671e6386d,Jardim Paraíso ,5005707.0,50,2022-05-11 22:10:07.0610000 +00:00,2023-01-02 00:02:02.9640000 +00:00
5a7358985a62,Vila Planalto,5002704.0,50,2024-02-16 12:07:35.1450000 +00:00,2024-02-16 12:07:35.1450000 +00:00
0bf6ee16e9c6,Parque Alvorada ,5003702.0,50,2022-07-21 22:42:48.7900000 +00:00,2022-07-21 22:42:48.7900000 +00:00
e5b0741fcbee,Centro,5007208.0,50,2024-05-23 02:03:38.4750000 +00:00,2024-05-23 02:03:38.4750000 +00:00
6b086010a376,,1300904.0,13,2024-08-09 20:36:08.0030000 +00:00,2024-08-09 20:36:08.0030000 +00:00
76308ff331cc,Jardim Parati,5002704.0,50,2022-09-15 15:40:30.1240000 +00:00,2022-09-15 15:40:30.1240000 +00:00
7a435095ed26,Conjunto Aero Rancho,5002704.0,50,2026-01-05 22:02:35.9430000 +00:00,2026-01-05 22:02:35.9430000 +00:00
794317e33e6f,Parque dos Bem-te-vis,5003702.0,50,2021-02-27 00:18:53.5080000 +00:00,2021-02-27 00:18:53.5080000 +00:00
183a37077328,Jardim Ibirapuera,5006606.0,50,2023-05-28 17:30:12.6100000 +00:00,2023-05-28 17:30:12.6100000 +00:00
4f6bc4320900,Jardim Itapuã,5002704.0,50,2023-12-17 04:38:11.0490000 +00:00,2023-12-17 04:38:11.0490000 +00:00
03958a81cd9f,Monte Castelo,5002704.0,50,2025-10-27 19:40:42.0590000 +00:00,2025-10-27 19:40:42.0590000 +00:00
1edd9ac99525,vila Margarida ,5002704.0,50,2022-05-13 11:20:03.1180000 +00:00,2022-05-13 11:20:15.8360000 +00:00
1a10e1f62919,Jardim agua boa ,5003702.0,50,2024-02-08 13:38:48.8930000 +00:00,2024-02-08 13:39:06.9960000 +00:00
4d14b60f96a4,Jardim Parati,5002704.0,50,2022-06-29 20:55:31.8140000 +00:00,2022-06-29 20:55:31.8140000 +00:00
afaba8fe9a9e,Vila Vargas,5003702.0,50,2024-10-10 17:04:45.6750000 +00:00,2024-10-10 17:04:45.6750000 +00:00
2eab4dfae4f2,Jardim Canguru,5002704.0,50,2023-11-13 19:40:49.5640000 +00:00,2023-11-13 19:40:49.5640000 +00:00
7e285d1e6e00,Jardim Parati,5002704.0,50,2026-02-18 22:49:02.1670000 +00:00,2026-02-18 22:49:02.1670000 +00:00
82937e05bb3f,Jardim Aeroporto,5002704.0,50,2025-02-12 12:50:45.8330000 +00:00,2025-02-12 12:50:45.8330000 +00:00
be6acf69ceff,Jardim Tijuca,5002704.0,50,2022-02-02 17:09:29.1310000 +00:00,2022-02-02 17:09:29.1310000 +00:00
eda81a53ca31,Jardim Tijuca,5002704.0,50,2023-03-28 12:31:19.8930000 +00:00,2023-03-28 12:31:19.8930000 +00:00
990898bee5af,Tiradentes,5002704.0,50,2026-01-26 19:46:16.9560000 +00:00,2026-01-26 19:46:16.9560000 +00:00
16b79bba3687,Residencial Damha,5002704.0,50,2023-08-08 15:59:37.0590000 +00:00,2023-08-08 15:59:48.6400000 +00:00
23bffde82938,Aero Rancho,5002704.0,50,2023-05-02 13:20:19.7880000 +00:00,2023-05-02 13:20:19.7880000 +00:00
cd5bb0801071,Mata do Jacinto,5002704.0,50,2021-08-23 13:48:48.8650000 +00:00,2021-08-23 13:48:48.8650000 +00:00
570e7d3bbc9a,Conjunto Habitacional Estrela D'Alva I,5002704.0,50,2025-09-17 15:14:39.7690000 +00:00,2025-09-17 15:15:39.9440000 +00:00
016b766f3073,Bosque do Carvalho,5002704.0,50,2024-07-11 01:00:27.6330000 +00:00,2024-07-11 01:00:27.6330000 +00:00
c4ee0c7c4bdb,Caiçara,5002704.0,50,2022-09-19 07:09:34.1720000 +00:00,2022-09-19 07:09:34.1720000 +00:00
d71716a0e9f2,Parque Residencial Rita Vieira,5002704.0,50,2022-04-28 23:25:22.4220000 +00:00,2022-04-28 23:25:22.4220000 +00:00
537320c75e05,Vila Nasser,5002704.0,50,2022-10-31 11:32:44.0000000 +00:00,2022-10-31 11:32:51.6880000 +00:00
8ddf34df9a80,Centro-Sul,5108402.0,51,2026-05-16 13:10:10.1230000 +00:00,2026-05-16 13:10:10.1230000 +00:00
437ce1f13ba1,Jardim Novo Horizonte,5003702.0,50,2025-02-02 05:23:25.5790000 +00:00,2025-02-02 05:23:25.5790000 +00:00
966f9ad71ad1,centro,5000807.0,50,2022-03-27 01:12:46.3320000 +00:00,2022-03-27 01:16:58.6350000 +00:00
4ef1f55dafde,Monte Castelo,5002704.0,50,2025-01-24 19:15:21.7240000 +00:00,2025-01-24 19:15:21.7240000 +00:00
58da533ce001,Centro,5008305.0,50,2026-07-23 19:35:45.6150000 +00:00,2026-07-23 19:35:45.6150000 +00:00
656805fa8b0c,Mata do Jacinto,5002704.0,50,2026-02-14 16:03:03.0210000 +00:00,2026-02-14 16:03:11.6610000 +00:00
f053adb0c89d,Jd Camargo ,5002308.0,50,2023-06-02 13:53:54.9510000 +00:00,2023-06-02 13:53:54.9510000 +00:00
e4885a409f96,Loteamento Praia da Urca,5002704.0,50,2021-09-10 00:04:22.9300000 +00:00,2021-09-10 00:04:22.9300000 +00:00
7231e5c07a91,Jardim das Primaveras,5003702.0,50,2021-08-27 20:11:09.9140000 +00:00,2021-08-27 20:11:09.9140000 +00:00
94cb8dee3f8d,Esplanada,5003702.0,50,2023-02-04 20:11:07.4290000 +00:00,2023-02-04 20:11:07.4290000 +00:00
3843af957ece,Coophavila II,5002704.0,50,2025-03-08 15:10:20.2420000 +00:00,2025-03-08 15:10:20.2420000 +00:00
b1f98e255347,jardim monumento ,5002704.0,50,2024-01-28 21:29:56.0230000 +00:00,2024-01-28 21:29:56.0230000 +00:00
0f7af06d2ffd,Jupiá,5008305.0,50,2025-08-28 00:02:35.7100000 +00:00,2025-08-28 00:03:06.7150000 +00:00
d0d27e3e381b,Residencial Cedrinho,5002704.0,50,2024-02-21 20:41:20.5330000 +00:00,2024-02-21 20:41:20.5330000 +00:00
857eefa072dc,Santo Antônio,5002704.0,50,2026-05-01 19:53:41.3810000 +00:00,2026-05-01 19:53:41.3810000 +00:00
502ed70400b7,Jardim Batistão,5002704.0,50,2024-03-04 23:10:42.3920000 +00:00,2024-03-04 23:10:42.3920000 +00:00
4c263a46d15c,Jardim Leblon,5002704.0,50,2022-09-17 12:03:38.9490000 +00:00,2022-09-17 12:03:38.9490000 +00:00
c78477e66826,Jardim Aero Rancho,5002704.0,50,2025-12-29 13:15:56.7200000 +00:00,2025-12-29 13:16:05.7540000 +00:00
3d9538157a8e,Tiradentes,5002704.0,50,2024-08-04 15:48:59.3870000 +00:00,2024-08-04 15:49:02.6830000 +00:00
f98c6f544d8d,Aeroporto,5003207.0,50,2024-07-03 17:28:29.2770000 +00:00,2024-07-03 17:28:29.2770000 +00:00
fc4d7df10b29,Jardim Itamarati,5008305.0,50,2024-09-18 12:15:09.2780000 +00:00,2024-09-18 12:15:09.2780000 +00:00
891be6632280,Bosque da Esperança ,5002704.0,50,2026-02-11 03:47:16.3560000 +00:00,2026-02-11 03:47:16.3560000 +00:00
20cf5f0246b8,Santo Antônio,5002704.0,50,2024-03-31 16:37:17.6840000 +00:00,2024-03-31 16:37:17.6840000 +00:00
cc445f78f951,Jardim Santo Antônio,3502101.0,35,2024-08-03 09:50:00.4260000 +00:00,2024-08-03 09:50:08.6330000 +00:00
2f481d97ceae,Parque Residencial Azaléia,5002704.0,50,2022-04-14 14:21:47.8440000 +00:00,2024-04-05 00:14:15.2820000 +00:00
08d0ace17334,Jardim Santa Emília,5002704.0,50,2023-08-16 16:27:40.7100000 +00:00,2023-08-16 16:27:40.7100000 +00:00
c4c3fdbb1fc4,Vila Piratininga ,5002704.0,50,2023-05-20 00:06:59.2430000 +00:00,2023-05-20 00:06:59.2430000 +00:00
533b2fec1c2e,Vila Maior,5000708.0,50,2020-05-01 00:54:39.5270000 +00:00,2020-05-01 00:54:47.5460000 +00:00
d76df2f1080b,Vila Brasil ,5005004.0,50,2024-08-11 23:06:10.1880000 +00:00,2024-08-11 23:06:10.1880000 +00:00
559013ce975f,Jardim Carandá,5008305.0,50,2021-11-30 23:58:10.5370000 +00:00,2021-11-30 23:58:10.5370000 +00:00
8462ebacf781,Distrito Vila Vargas ,5003702.0,50,2022-11-11 19:29:48.7020000 +00:00,2022-11-11 19:29:48.7020000 +00:00
8d8294b28d62,Vila Leme da Silva,3506003.0,35,2024-07-25 17:16:53.0960000 +00:00,2024-07-25 17:16:53.0960000 +00:00
aca3369afb00,piracema ,5003306.0,50,2022-01-07 19:20:53.5440000 +00:00,2022-01-07 19:20:53.5440000 +00:00
1bf3ec1e4179,Vila São Francisco,5003702.0,50,2021-08-12 03:33:31.7670000 +00:00,2021-08-12 03:38:08.8410000 +00:00
c4baf42178b9,Jardim Guaicurus,5003702.0,50,2023-05-13 19:05:27.7750000 +00:00,2023-05-13 19:05:41.4180000 +00:00
7b012470239f,Monte Castelo,5002704.0,50,2024-01-27 00:15:33.8190000 +00:00,2024-01-27 00:15:33.8190000 +00:00
9b89533dc275,Jardim Nova Jerusalém,5002704.0,50,2026-05-09 16:23:44.4200000 +00:00,2026-05-09 16:26:51.7430000 +00:00
068939767d47,Conjunto Residencial Estrela do Sul,5002704.0,50,2025-04-11 23:27:02.5980000 +00:00,2025-04-11 23:27:02.5980000 +00:00
c87cd1c55616,Vila Cruzeiro,5000609.0,50,2023-04-11 14:13:19.3380000 +00:00,2023-04-11 14:13:19.3380000 +00:00
1dcb7e4ce4b1,Tijuca 2,5002704.0,50,2023-05-08 17:30:59.0100000 +00:00,2023-05-08 17:31:44.2540000 +00:00
c9261ad95f7f,Centro,5005707.0,50,2026-04-14 22:06:06.5970000 +00:00,2026-04-14 22:06:40.0200000 +00:00
1fc1b8acda89,Vila Industrial ,5004106.0,50,2025-02-18 15:17:32.8050000 +00:00,2025-02-18 15:17:32.8050000 +00:00
c8cfe4051cd2,Katira ,5003801.0,50,2025-08-05 14:45:45.2010000 +00:00,2025-08-05 14:45:45.2010000 +00:00
0a08d866b4ac,COHAB II,5003702.0,50,2024-06-23 02:26:14.7820000 +00:00,2024-06-23 02:26:14.7820000 +00:00
745a95d17327,Vilarinho,5000609.0,50,2025-03-10 13:45:49.5900000 +00:00,2025-03-10 13:45:49.5900000 +00:00
b6c506852596,Parque Residencial Quinta da Lagoa,5008305.0,50,2024-04-04 06:00:12.3700000 +00:00,2024-04-04 06:00:12.3700000 +00:00
bf778eb96710,vila alba ,5003702.0,50,2023-11-08 15:17:34.2920000 +00:00,2023-11-08 15:17:34.2920000 +00:00
e4d8face8ab2,São Francisco,5002704.0,50,2025-02-05 16:36:55.4680000 +00:00,2025-02-05 16:36:55.4680000 +00:00
729068f4484d,Jardim São Conrado,5002704.0,50,2026-05-11 12:49:13.7690000 +00:00,2026-05-11 12:49:13.7690000 +00:00
f35e0ddd0bea,Monte Carlo,5002704.0,50,2022-06-14 21:53:30.2370000 +00:00,2022-06-14 21:53:30.2370000 +00:00
e8ea0873bd97,Vila São João,5008305.0,50,2021-09-05 14:33:38.4520000 +00:00,2021-09-05 14:33:44.2840000 +00:00
64c6e2465254,Jardim Corcovado,5002704.0,50,2025-07-30 13:29:27.4840000 +00:00,2025-07-30 13:31:20.8220000 +00:00
ac6b4f5983e8,Coronel Antonino,5002704.0,50,2021-01-13 18:22:47.5180000 +00:00,2021-01-13 18:22:47.5180000 +00:00
ddbc0bb1c539,nossa senhora Aparecida ,5005251.0,50,2024-12-04 15:55:50.2000000 +00:00,2024-12-04 15:55:50.2000000 +00:00
b1e06a15d245,Vila Rosa,5003702.0,50,2024-09-12 20:10:06.2090000 +00:00,2024-09-12 20:10:06.2090000 +00:00
948ed003a33c,,5003702.0,50,2024-05-15 12:59:51.6730000 +00:00,2024-05-15 12:59:51.6730000 +00:00
61c6d31b97e1,flor do cerrado ,5007695.0,50,2022-11-09 14:58:17.9170000 +00:00,2022-11-09 14:58:58.9880000 +00:00
f5697b6a7473,centro,5007307.0,50,2024-09-23 01:06:47.1810000 +00:00,2024-09-23 01:06:52.2800000 +00:00
c4edb910d2b8,Parque do Sol,5002704.0,50,2025-07-08 06:31:36.6900000 +00:00,2025-07-08 06:31:36.6900000 +00:00
cdee2cb9ef57,Jardim Novo Horizonte ,5003751.0,50,2026-02-12 01:26:53.5310000 +00:00,2026-02-12 01:26:53.5310000 +00:00
12e1f6fd45bf,Jardim Moçambique,5008305.0,50,2023-11-22 07:41:16.3960000 +00:00,2023-11-22 07:41:16.3960000 +00:00
4f3043e15d15,Jardim Independência,5003702.0,50,2021-01-11 21:59:41.2290000 +00:00,2021-01-11 21:59:41.2290000 +00:00
6a11a7f2d36b,Jardim Residencial Atenas,5008305.0,50,2023-01-27 10:56:16.3470000 +00:00,2023-01-27 10:56:16.3470000 +00:00
70b8e0010013,Aeroporto,5003207.0,50,2026-04-16 13:00:06.7500000 +00:00,2026-04-16 13:00:10.7430000 +00:00
e647d137affa,pedra comprida ,2200707.0,22,2024-11-19 17:26:53.0240000 +00:00,2024-11-19 17:26:57.6860000 +00:00
9a1deb937330,Vila Bandeirante,5002704.0,50,2021-07-18 12:48:03.1380000 +00:00,2021-07-18 12:48:03.1380000 +00:00
89290ed5c530,centro,5007109.0,50,2024-04-30 03:23:53.2160000 +00:00,2024-04-30 03:23:53.2160000 +00:00
3ec97b611b31,Centro,5000252.0,50,2021-08-18 20:37:34.6540000 +00:00,2021-08-18 20:37:34.6540000 +00:00
e47a7eae1ccf,Parque Alvorada,5003702.0,50,2025-04-04 19:42:03.3750000 +00:00,2025-04-04 19:42:03.3750000 +00:00
f28cc2b7635c,Jardim Progresso,5008305.0,50,2025-08-28 14:51:55.9070000 +00:00,2025-08-28 14:51:55.9070000 +00:00
a29cced9d3dd,Centro,5003207.0,50,2021-03-20 15:15:10.2710000 +00:00,2021-03-20 15:15:10.2710000 +00:00
70fb7ae1020b,vila América ,5002209.0,50,2025-12-29 15:32:28.1570000 +00:00,2025-12-29 15:32:37.7160000 +00:00
52dc1af29dc6,Tiradentes ,5002704.0,50,2022-05-31 20:26:09.8110000 +00:00,2022-05-31 20:26:14.2820000 +00:00
6c631796e284,Capitão Vigario ,5002407.0,50,2023-01-15 21:14:02.2240000 +00:00,2023-01-15 21:14:02.2240000 +00:00
48e653bcc73d,Jardim Atenas,5008305.0,50,2024-03-21 03:49:48.7990000 +00:00,2024-03-21 03:49:48.7990000 +00:00
a3c438214b3c,planalto ,5002407.0,50,2022-05-18 00:44:17.8110000 +00:00,2022-05-18 00:44:17.8110000 +00:00
f9b42f682153,Olímpico ,5007208.0,50,2023-08-14 02:54:25.1640000 +00:00,2023-08-14 02:58:20.8270000 +00:00
09671283432a,Jardim Vida Nova II,5002704.0,50,2023-11-01 16:15:57.9350000 +00:00,2023-11-01 16:15:57.9350000 +00:00
40f02f0c303a,Jardim Monte Alegre,5002704.0,50,2023-08-13 13:06:20.0750000 +00:00,2023-08-13 13:06:20.0750000 +00:00
dddf33a8bb53,Residencial Ana Maria do Couto,5002704.0,50,2024-09-30 00:00:54.6760000 +00:00,2024-09-30 00:01:07.2770000 +00:00
b6c25be0293f,Jardim Petropolis ,5007901.0,50,2023-10-05 16:56:16.2610000 +00:00,2023-10-05 16:57:12.8770000 +00:00
ca8dec189a3c,Cophavalle,5002605.0,50,2021-08-16 22:14:16.5130000 +00:00,2021-08-16 22:14:16.5130000 +00:00
552a296f9fc8,Altos do Indaia ,5003702.0,50,2023-11-22 18:38:16.0500000 +00:00,2026-02-10 03:01:17.5520000 +00:00
b98041af1725,Jardim Paulo Coelho Machado,5002704.0,50,2022-03-14 15:15:05.4100000 +00:00,2022-03-14 15:15:05.4100000 +00:00
b19dec8682ba,mate laranjeira ,5003157.0,50,2021-09-01 23:10:05.9030000 +00:00,2021-09-01 23:10:09.3110000 +00:00
6102ed077462,Canaã III,5003702.0,50,2021-09-08 03:37:25.9530000 +00:00,2022-05-18 02:25:42.5600000 +00:00
d2baacbded0d,Jardim Nova Capital,5002704.0,50,2024-02-06 20:46:02.8680000 +00:00,2024-02-06 20:46:02.8680000 +00:00
0ec533f6402e,Universitário,5002704.0,50,2022-08-28 21:23:49.8300000 +00:00,2022-08-28 21:23:55.5680000 +00:00
8ef25555894d,Jardim Monte Líbano,5002704.0,50,2020-11-13 01:15:58.4830000 +00:00,2020-11-13 01:16:08.2950000 +00:00
d333a2786795,Caiobá ,5002704.0,50,2024-02-21 19:49:30.5580000 +00:00,2024-11-21 15:15:32.5900000 +00:00
efcd9f56816e,centro,3554904.0,35,2024-11-06 17:46:45.6710000 +00:00,2024-11-06 17:46:45.6710000 +00:00
9a036eb584c9,Arnaldo Estevão Figueiredo,5002704.0,50,2021-03-23 19:43:54.5590000 +00:00,2025-12-12 12:13:38.7090000 +00:00
28f2188bd467,Centro ,5008404.0,50,2021-04-25 15:56:30.9290000 +00:00,2021-04-25 16:02:28.1980000 +00:00
ca8b9244d78e,Jardim Colorado,5002704.0,50,2024-01-01 16:06:58.2940000 +00:00,2024-01-01 16:06:58.2940000 +00:00
f32ebd379832,Vila Margarida,5002704.0,50,2022-06-20 23:17:44.8230000 +00:00,2022-06-20 23:17:44.8230000 +00:00
0f38d1e2a3f6,Pioneiros,5002704.0,50,2024-01-18 13:41:12.5840000 +00:00,2024-01-18 22:59:20.0850000 +00:00
38c5fee4dfc0,Jardim Aero Rancho,5002704.0,50,2024-01-16 18:24:54.5930000 +00:00,2024-01-16 18:24:54.5930000 +00:00
8acf6463b746,Jardim Tijuca,5002704.0,50,2024-04-22 14:17:32.9120000 +00:00,2024-04-22 14:18:07.2880000 +00:00
2c833bb0382d,Vila Piloto,5008305.0,50,2025-09-11 11:51:21.2600000 +00:00,2025-09-11 11:52:21.4530000 +00:00
384a2844276b,Antônia Nantes ,5002001.0,50,2022-11-08 14:20:48.2250000 +00:00,2022-11-08 14:20:48.2250000 +00:00
601a1f9e9e50,Planalto ,5007208.0,50,2023-05-09 21:50:30.1230000 +00:00,2023-05-09 21:50:30.1230000 +00:00
205f2b0d1275,Jardim das Paineiras,5008305.0,50,2022-06-05 19:54:21.3330000 +00:00,2022-06-05 19:54:48.2140000 +00:00
87ea70f6a280,Nova Aquidauana,5001102.0,50,2023-11-11 12:32:04.0480000 +00:00,2023-11-11 12:32:04.0480000 +00:00
c22b5deb563d,Jardim Los Angeles ,5002704.0,50,2025-02-26 01:14:44.8300000 +00:00,2025-02-26 01:14:44.8300000 +00:00
c15e85e45126,Santos Dumont,5008305.0,50,2024-06-04 02:07:34.7850000 +00:00,2024-06-04 02:07:34.7850000 +00:00
e10deba61c58,Vila Taquarussu,5002704.0,50,2022-10-08 11:45:35.4220000 +00:00,2022-10-08 11:47:26.9710000 +00:00
76a599d46993,Vila dos Ferroviários,5008305.0,50,2025-07-10 19:54:16.1120000 +00:00,2025-07-10 19:54:29.9890000 +00:00
636bdaa7d23e,Vila Nossa Senhora das Graças,5002704.0,50,2021-09-01 13:57:47.4090000 +00:00,2021-09-01 13:57:54.3260000 +00:00
dc9cee1dcc54,Lagoa Dourada,5002704.0,50,2025-02-12 15:58:52.8600000 +00:00,2025-02-12 15:58:52.8600000 +00:00
2442330ab825,Jardim Carioca,5002704.0,50,2024-08-20 23:33:30.6030000 +00:00,2024-08-20 23:33:30.6030000 +00:00
eb675c54da5d,Jardim Panorama,4126256.0,41,2025-01-10 20:08:50.7820000 +00:00,2025-01-10 20:09:00.6140000 +00:00
4254ba13f0bd,Centro,5008305.0,50,2021-10-21 14:19:39.8630000 +00:00,2021-10-21 14:19:39.8630000 +00:00
44a18f95817d,Residencial Oliveira,5002704.0,50,2023-02-17 16:46:43.3310000 +00:00,2023-02-17 16:46:43.3310000 +00:00
17a97e3f0849,colinos ,5008305.0,50,2025-01-28 01:45:52.8740000 +00:00,2025-01-28 01:45:52.8740000 +00:00
e04dccdc71c0,parizotto ,5003702.0,50,2025-07-01 00:41:02.5840000 +00:00,2025-07-01 00:41:02.5840000 +00:00
201d4ce46e14,Guanandy,5001102.0,50,2023-07-06 11:56:26.8170000 +00:00,2023-07-06 11:56:26.8170000 +00:00
bf070ef8cbd2,Residencial Júlia de Oliveira Cardinal,5006606.0,50,2021-12-23 13:24:15.4670000 +00:00,2021-12-23 13:24:15.4670000 +00:00
83e92efb20b7,Jardim Anache,5002704.0,50,2026-04-14 17:13:01.4830000 +00:00,2026-04-14 17:13:01.4830000 +00:00
d4aa314e532a,Residencial Monte Verde,5005400.0,50,2025-09-02 19:15:57.3000000 +00:00,2025-09-02 19:16:07.5030000 +00:00
4a92174a68e0,Vila Palmira,5002704.0,50,2025-07-09 23:53:06.6060000 +00:00,2025-07-09 23:55:45.4840000 +00:00
edfa05a7bfb9,Parque Alvorada,5003702.0,50,2023-05-16 17:48:23.0710000 +00:00,2023-05-16 17:48:46.6250000 +00:00
444086f9bd09,Jardim Água Boa,5003702.0,50,2021-10-27 03:06:13.6770000 +00:00,2021-10-27 03:06:13.6770000 +00:00
ea81740bf208,Gramame,2507507.0,25,2023-05-09 00:04:07.3050000 +00:00,2025-09-03 01:07:06.7890000 +00:00
09db86f9d6a1,estrada pandui,5004304.0,50,2024-10-16 14:51:42.8750000 +00:00,2024-10-16 14:51:42.8750000 +00:00
086d3d5700bf,Jardim Vila Verde,5008305.0,50,2023-05-04 10:28:30.3310000 +00:00,2023-05-04 10:28:30.3310000 +00:00
9f45168938a3,Elio Fernando Nogueira de Araújo ,5006002.0,50,2023-05-30 01:30:57.9390000 +00:00,2023-05-30 01:30:57.9390000 +00:00
e941269b55e4,Daniel V,5006309.0,50,2025-03-06 22:24:08.4290000 +00:00,2025-03-06 22:24:08.4290000 +00:00
dc07c7c8d749,Centro ( Nova Casa Verde),5006200.0,50,2025-05-22 18:38:07.5940000 +00:00,2025-05-22 18:38:07.5940000 +00:00
18f9431b7260,Primo maffssoni,5007695.0,50,2024-06-18 19:45:19.8770000 +00:00,2024-06-18 19:45:19.8770000 +00:00
46d5f4df6c85,Antônia de Souza Barbosa ,5007208.0,50,2022-12-06 22:04:24.4270000 +00:00,2022-12-06 22:04:24.4270000 +00:00
948213fbd002,Jardim das Violetas,5008305.0,50,2024-05-24 14:53:09.2660000 +00:00,2024-05-24 14:53:09.2660000 +00:00
138929437b71,Jardim eldorado 2,5003256.0,50,2024-12-03 22:29:47.7720000 +00:00,2024-12-12 21:56:17.3700000 +00:00
c1272f8dc44e,Jardim Flamboyant,5008305.0,50,2026-07-02 15:58:01.9870000 +00:00,2026-07-02 15:58:01.9870000 +00:00
1aee050cd51d,Vila Industrial,5003702.0,50,2024-04-09 01:24:52.8260000 +00:00,2024-04-09 01:24:52.8260000 +00:00
b2cf3fc55103,Piravevê ,5004700.0,50,2025-09-22 17:37:14.1570000 +00:00,2025-09-22 17:37:14.1570000 +00:00
f698c1efb704,Vila São Francisco,5003702.0,50,2024-01-10 18:50:40.0850000 +00:00,2024-01-10 18:50:40.0850000 +00:00
cf0eaec7cc81,Waloszek Konrad,5004304.0,50,2025-03-29 02:36:12.0810000 +00:00,2025-03-29 02:36:12.0810000 +00:00
c3ac0cbedac1,Berneck ,5005681.0,50,2025-02-20 13:39:29.1320000 +00:00,2025-02-20 13:39:29.1320000 +00:00
273cd270c713,vila maciel,5002704.0,50,2022-03-24 02:13:45.0040000 +00:00,2022-03-24 02:13:45.0040000 +00:00
2cc9b82d4747,Jardim Dourados,5008305.0,50,2022-05-11 13:37:40.7150000 +00:00,2022-05-11 13:45:36.0060000 +00:00
2a72ad6e1e57,Porto belo ,5005400.0,50,2023-05-19 23:10:39.0230000 +00:00,2023-05-19 23:12:07.8990000 +00:00
54b49de481b3,Jardim Nova Jerusalém,5002704.0,50,2024-01-16 12:54:49.0850000 +00:00,2024-01-16 12:54:49.0850000 +00:00
5bc90d5883f5,Porciuncula,5004502.0,50,2022-05-14 19:53:00.7320000 +00:00,2022-05-14 19:54:42.4690000 +00:00
20f1aa210365,sonho meu 2 ,5003256.0,50,2022-10-26 03:15:22.2420000 +00:00,2022-10-26 03:15:37.0950000 +00:00
ead90e14c8b9,Jardim dos Estados,5006606.0,50,2021-09-29 13:24:06.1080000 +00:00,2021-09-29 13:24:21.1690000 +00:00
8afda91fe5a3,Sibipiruna,5002951.0,50,2024-03-08 00:55:45.5660000 +00:00,2024-03-08 00:55:45.5660000 +00:00
8ee8798082e7,Palmeiras,5003488.0,50,2023-07-15 23:26:24.7530000 +00:00,2023-07-15 23:26:24.7530000 +00:00
3a9f201e293e,Novo Oeste,5008305.0,50,2023-05-21 22:53:47.2540000 +00:00,2023-05-21 22:53:47.2540000 +00:00
2b1f2924f19d,Jardim das Violetas,5008305.0,50,2023-11-05 23:19:14.2540000 +00:00,2023-11-05 23:19:14.2540000 +00:00
eabf053ff598,Conjunto Aero Rancho,5002704.0,50,2024-04-03 14:05:29.9040000 +00:00,2024-04-03 14:05:29.9040000 +00:00
64e5c639f596,Residencial Oliveira III,5002704.0,50,2024-04-01 00:20:38.1310000 +00:00,2024-04-01 00:20:38.1310000 +00:00
dede533b52b3,Funcionários,2507507.0,25,2022-12-14 10:35:35.6970000 +00:00,2022-12-14 10:35:35.6970000 +00:00
8197dfc75323,Los Angeles,5002704.0,50,2024-07-15 23:21:08.7760000 +00:00,2024-07-15 23:21:08.7760000 +00:00
8b3b9f5b15a5,Residencial Búzios,5002704.0,50,2024-11-17 15:20:24.2770000 +00:00,2024-11-17 15:20:24.2770000 +00:00
e7a45500cecd,Jardim Paulo Coelho Machado,5002704.0,50,2023-05-05 12:26:10.1270000 +00:00,2023-05-05 12:26:20.1680000 +00:00
929f38c2868d,jardim eldorado ,5003256.0,50,2024-08-24 03:48:02.8450000 +00:00,2024-08-24 03:48:02.8450000 +00:00
2868c9f64c00,Jardim Carioca,5002704.0,50,2021-07-03 02:30:01.3070000 +00:00,2021-07-03 02:30:01.3070000 +00:00
5e59beb44031,Carioca,5008305.0,50,2024-11-13 22:12:36.0720000 +00:00,2024-11-13 22:12:36.0720000 +00:00
ceb3d060d477,Santo Antônio,5002704.0,50,2024-12-09 05:42:17.3930000 +00:00,2024-12-09 05:42:17.3930000 +00:00
5a05cccd878b,Itamaracá ,5002704.0,50,2023-02-22 05:34:56.0900000 +00:00,2023-02-22 05:35:00.1880000 +00:00
d76cb521ae78,Alto da Figueira ,5007901.0,50,2026-07-22 02:25:40.9490000 +00:00,2026-07-22 02:25:40.9490000 +00:00
1b68abf08db5,Jardim Jockey Club,5002704.0,50,2022-04-11 19:11:39.6420000 +00:00,2022-05-28 18:19:03.6560000 +00:00
502b1d43d514,,5002704.0,50,2020-03-23 21:55:15.6490000 +00:00,2023-06-26 00:59:44.6430000 +00:00
76798043fde8,João de Barro,5002209.0,50,2023-01-03 00:42:26.9780000 +00:00,2023-01-03 00:42:39.3070000 +00:00
8b3dc66df34b,Universitário,5003207.0,50,2024-02-12 18:32:27.3300000 +00:00,2024-02-12 18:32:27.3300000 +00:00
53ef3ecd3133,Alto Maracaju ,5005400.0,50,2022-04-18 22:30:50.9010000 +00:00,2022-04-18 22:30:50.9010000 +00:00
8746a074e528,jardim Elida Lopes Nogueira ,5004304.0,50,2025-03-31 18:42:32.6910000 +00:00,2025-03-31 18:42:32.6910000 +00:00
95991015aee1,Santos Dumont,5008305.0,50,2022-10-18 22:51:33.4890000 +00:00,2022-10-18 22:51:33.4890000 +00:00
e064550a7edc,Conjunto Residencial Nova Olinda,5002704.0,50,2024-04-19 21:14:29.6860000 +00:00,2024-04-19 21:14:29.6860000 +00:00
2f898485dd14,Vila Alba,5003702.0,50,2021-08-31 23:37:33.2280000 +00:00,2021-08-31 23:37:33.2280000 +00:00
c99235a6457c,Popular Nova,5003207.0,50,2024-08-03 02:20:13.7890000 +00:00,2024-08-03 02:20:26.0890000 +00:00
769206ad0c90,Jardim Centenário,5002704.0,50,2022-05-15 15:21:28.4510000 +00:00,2022-05-15 15:21:28.4510000 +00:00
b7dc42c06ee5,cidade Jardim ,5005004.0,50,2026-03-26 11:09:10.6600000 +00:00,2026-03-26 11:09:10.6600000 +00:00
cfec99a6be48,Jardim Independência,5003702.0,50,2023-12-24 03:16:16.6200000 +00:00,2023-12-24 03:16:16.8480000 +00:00
1ac4412b2f84,Célio Miranda,1505502.0,15,2021-10-18 15:07:44.2340000 +00:00,2021-10-18 15:07:48.7030000 +00:00
2dd89584e455,Quatro Bocas,1508001.0,15,2024-05-17 20:55:09.1710000 +00:00,2024-05-17 20:55:09.1710000 +00:00
413f37fda7d6,panorama,5002704.0,50,2024-03-29 19:43:44.8730000 +00:00,2024-03-29 19:43:44.8730000 +00:00
0058d5c2aed5,BNH,5003306.0,50,2022-08-11 11:42:26.5690000 +00:00,2022-08-11 11:42:47.7040000 +00:00
ccce0a4f5e7a,Jardim Climax,5003702.0,50,2023-06-27 21:25:39.9860000 +00:00,2023-06-27 21:26:00.1530000 +00:00
0bf74379cba6,Jardim Paulo Coelho Machado,5002704.0,50,2024-06-27 00:47:49.1280000 +00:00,2024-06-27 00:47:49.1280000 +00:00
d826d84ca3db,Jardim Progresso,5008305.0,50,2026-07-02 21:23:32.5190000 +00:00,2026-07-02 21:23:32.5190000 +00:00
927ea0272008,Jardim Vila Verde,5008305.0,50,2023-06-15 22:57:09.6610000 +00:00,2023-06-15 22:57:09.6610000 +00:00
82d9735e63b7,Jardim Vila Verde,5008305.0,50,2023-06-16 22:37:02.6650000 +00:00,2023-06-16 22:37:21.7860000 +00:00
88b55a6f37ea,pau darco,1506351.0,15,2024-01-22 19:27:35.5170000 +00:00,2024-01-22 19:27:35.5170000 +00:00
b04209c0b030,Interlagos,5008305.0,50,2022-06-09 15:45:52.4600000 +00:00,2022-06-09 15:45:52.4750000 +00:00
869e6bf71692,Jardim Alvorada,5008305.0,50,2026-03-30 12:58:30.6330000 +00:00,2026-03-30 12:58:30.6330000 +00:00
4f879368e63e,São João Calábria,5000807.0,50,2025-08-11 19:40:58.7810000 +00:00,2025-08-11 19:40:58.7810000 +00:00
88d7c90ba695,Coophavila II,5002704.0,50,2026-01-30 14:01:32.9750000 +00:00,2026-01-30 14:01:32.9750000 +00:00
6c8bf605271d,Jardim Vila Verde,5008305.0,50,2024-06-21 01:21:13.1740000 +00:00,2024-06-21 01:21:13.1740000 +00:00
21c6c5377779,Vila Rica,5002704.0,50,2024-05-29 00:17:58.7110000 +00:00,2024-05-29 00:17:58.7110000 +00:00
c9a7b073c5dc,Vila do Polonês,5002704.0,50,2024-09-03 18:09:17.6500000 +00:00,2024-09-03 18:09:17.6500000 +00:00
e9fc1fde2894,Esplanada 3,5002951.0,50,2025-05-23 03:21:46.3720000 +00:00,2025-05-23 03:21:46.3720000 +00:00
490ac0548167,Jardim Moçambique,5008305.0,50,2023-12-19 17:09:08.7670000 +00:00,2023-12-19 17:09:30.9530000 +00:00
eb7138e07ce1,Jardim das Violetas,5008305.0,50,2023-06-01 21:59:05.5110000 +00:00,2023-06-01 21:59:05.5110000 +00:00
e9d6ecb01cc8,Centro,5008305.0,50,2022-03-11 22:18:49.7260000 +00:00,2022-03-11 22:18:49.7260000 +00:00
1e5a2fbda2de,Residencial Gama,5002704.0,50,2025-11-20 20:45:56.4200000 +00:00,2025-11-20 20:45:56.4200000 +00:00
3e8471bf5988,Residencial Aquarius I,5002704.0,50,2025-04-03 03:13:25.3930000 +00:00,2025-04-03 03:13:25.3930000 +00:00
de3f3e8be2e6,Parque Alvorada,5003702.0,50,2023-03-08 15:13:11.8050000 +00:00,2023-03-08 15:13:11.8050000 +00:00
52afe8285349,Jardim Novo Horizonte,5003702.0,50,2023-05-02 19:05:38.2660000 +00:00,2023-05-02 19:05:38.2660000 +00:00
820a603173b6,Vila Cidade Morena,5002704.0,50,2022-10-11 08:37:30.7290000 +00:00,2022-10-11 08:37:30.7290000 +00:00
0736ef3925ba,Carandá Bosque,5002704.0,50,2024-04-11 15:19:16.2100000 +00:00,2024-04-11 15:19:16.2100000 +00:00
5384dd0700ad,Vila Marli,5002704.0,50,2024-04-14 17:28:34.4770000 +00:00,2024-04-14 17:28:34.4770000 +00:00
0b23fa37a0f9,Residencial Damha III,5002704.0,50,2024-02-15 21:29:26.1250000 +00:00,2024-02-15 21:29:26.1250000 +00:00
4563784de3ea,Jardim Rasslem,5003702.0,50,2022-01-21 15:04:46.2070000 +00:00,2022-06-01 14:01:29.5990000 +00:00
67f267850aea,Aldeia Bororó,5004502.0,50,2023-08-23 12:24:18.0610000 +00:00,2023-08-23 12:24:18.0610000 +00:00
563a050e870b,Jardim Acapulco ,5001904.0,50,2022-11-05 11:52:23.7690000 +00:00,2022-11-05 11:52:23.7690000 +00:00
91d1bd43a958,Coophavila II,5002704.0,50,2020-05-30 01:29:39.2720000 +00:00,2020-05-30 01:29:45.2440000 +00:00
9353c8174e32,Jardim Estoril,5006606.0,50,2025-12-19 22:21:21.5460000 +00:00,2025-12-19 22:21:55.9400000 +00:00
ff43aa0666b4,Residencial Ramez Tebet,5002704.0,50,2026-02-13 22:42:23.2610000 +00:00,2026-02-13 22:42:23.2610000 +00:00
ab5facc8f6e3,Novo Oeste II,5008305.0,50,2024-12-18 07:47:49.6910000 +00:00,2024-12-18 07:47:49.6910000 +00:00
a4fbeb583dee,Benedito Rondon ,5007208.0,50,2021-10-04 10:56:03.3690000 +00:00,2021-10-04 10:56:03.3690000 +00:00
3e1b1fe8237c,Conjunto Habitacional Estrela D'Alva I,5002704.0,50,2024-11-17 00:48:28.5200000 +00:00,2024-11-17 00:49:06.3940000 +00:00
bee53a22a2f3,Parque Alvorada,5003702.0,50,2021-06-07 10:39:21.5580000 +00:00,2021-12-13 05:24:22.9960000 +00:00
548e4b9e940d,Vila Nossa Senhora das Graças,5002704.0,50,2020-10-19 17:16:05.3200000 +00:00,2020-10-19 17:16:05.3200000 +00:00
534460393559,portal da lagoa,5002704.0,50,2023-08-06 17:49:16.7090000 +00:00,2023-08-06 17:49:16.7090000 +00:00
617b12fa1f34,Tomaz de Almeida,5002308.0,50,2021-08-26 22:23:09.2080000 +00:00,2021-08-26 22:23:09.2080000 +00:00
dbaa952dd5bd,Universitário,5002704.0,50,2026-06-13 04:23:21.1450000 +00:00,2026-06-13 04:23:21.1450000 +00:00
e1bd8278db24,Bosque de Ponta Porã,5006606.0,50,2020-11-13 15:21:01.9410000 +00:00,2020-11-13 15:23:57.5720000 +00:00
d8e873afd743,Dom Bosco,5003207.0,50,2021-06-26 00:27:21.5070000 +00:00,2021-06-26 00:27:21.5070000 +00:00
0520fb9163d1,Carioca,5008305.0,50,2023-03-23 02:28:29.5740000 +00:00,2023-03-23 02:28:29.5740000 +00:00
a18fb67323db,Vila Santa Luzia,5002704.0,50,2024-12-13 02:43:04.6140000 +00:00,2024-12-13 02:43:07.5110000 +00:00
298d74fb2e2c,Santa Lúcia ,5006309.0,50,2022-11-12 22:29:19.6910000 +00:00,2022-11-12 22:29:19.6910000 +00:00
7508a0a52ff7,Santos Dumont,5008305.0,50,2023-09-05 00:20:47.3060000 +00:00,2023-09-05 00:20:47.3060000 +00:00
61b04555ea29,Ponta Verde,2704302.0,27,2024-11-06 19:36:56.2800000 +00:00,2024-11-06 19:36:56.2800000 +00:00
76459ac0a156,morada verde ,5002704.0,50,2022-05-06 19:53:54.7080000 +00:00,2022-05-06 19:54:01.1850000 +00:00
ddac4a3c64d4,Centro ,5004502.0,50,2021-09-08 13:37:02.5690000 +00:00,2021-09-09 18:10:27.6230000 +00:00
6e38e26c8f9b,centro,5004007.0,50,2021-09-21 18:26:48.9340000 +00:00,2021-09-21 18:26:48.9340000 +00:00
cf597a52bd07,Jardim Novo Horizonte,5003702.0,50,2021-08-12 14:01:02.2890000 +00:00,2021-08-12 14:01:02.2890000 +00:00
36710f1d6a13,Jardim Água Boa,5003702.0,50,2021-10-06 16:57:46.1960000 +00:00,2021-10-06 16:57:46.1960000 +00:00
c74406d90b8f,Vila Toscana,5003702.0,50,2021-12-22 00:04:44.3670000 +00:00,2021-12-22 00:04:44.3670000 +00:00
c991bd38602d,Amambaí,5002704.0,50,2026-01-28 12:34:33.5310000 +00:00,2026-01-28 12:34:45.1370000 +00:00
97054565203b,Vila nova,5005707.0,50,2023-09-01 01:53:58.2540000 +00:00,2023-09-01 01:53:58.2540000 +00:00
50e29b382b87,Jardim Climax,5003702.0,50,2025-07-01 03:28:06.0740000 +00:00,2025-07-01 03:28:06.0740000 +00:00
624c0faecd65,Esplanada,5003702.0,50,2026-02-28 21:56:34.9440000 +00:00,2026-02-28 21:56:50.0240000 +00:00
2dcbf3223a19,Conjunto Habitacional Nascente Segredo,5002704.0,50,2025-06-27 17:23:07.8920000 +00:00,2025-06-27 17:23:07.8920000 +00:00
4c916c10ee77,Aldeia Bororó,5003702.0,50,2023-05-01 13:38:09.7210000 +00:00,2023-05-01 13:38:09.7210000 +00:00
a7713df9a152,Jardim Noroeste,5002704.0,50,2022-12-08 03:21:25.9290000 +00:00,2022-12-08 03:21:58.0510000 +00:00
25e5b5ab5ed7,Vila Moreninha III,5002704.0,50,2022-03-10 21:11:26.1750000 +00:00,2022-03-10 21:11:26.1750000 +00:00
9c8def7b4b91,Jardim Paulista,5003702.0,50,2024-08-01 15:55:21.5090000 +00:00,2024-08-01 15:55:21.5090000 +00:00
c444476bcc09,Centro,5002704.0,50,2024-07-05 18:59:32.3950000 +00:00,2024-07-05 18:59:32.3950000 +00:00
5bf4765d3c5e,Vila Moreninha III,5002704.0,50,2024-01-27 03:47:22.5310000 +00:00,2024-01-27 03:47:22.5310000 +00:00
71eb7749ee40,Santo Antônio,5002704.0,50,2022-04-19 02:46:47.4470000 +00:00,2022-04-19 02:49:14.9900000 +00:00
5771c2b7ac9a,Jardim Canguru,5002704.0,50,2022-11-08 21:14:53.3270000 +00:00,2022-11-08 21:14:53.3270000 +00:00
bfacbf92fa38,Los Angeles,5002704.0,50,2025-03-27 17:05:25.2770000 +00:00,2025-03-27 17:05:25.2770000 +00:00
6e078a5d4aa4,centro ,5003504.0,50,2023-05-23 22:59:51.9600000 +00:00,2023-05-23 23:00:29.6600000 +00:00
12ee79cd4e46,Jardim Novo Horizonte,5003702.0,50,2024-04-18 22:12:17.2130000 +00:00,2024-04-18 22:12:26.1100000 +00:00
514af084dc37,Jardim Tarumã,5002704.0,50,2024-08-14 21:15:59.3080000 +00:00,2024-08-14 21:16:52.1920000 +00:00
dbc31b9cd357,Bairro da Moóca 2ª Seção,5006606.0,50,2023-10-25 03:14:44.5830000 +00:00,2023-10-25 03:14:44.5830000 +00:00
8317b748a2a7,Cidade Nova,1500800.0,15,2022-07-18 15:56:27.2640000 +00:00,2022-07-18 15:56:47.7870000 +00:00
5ee3a762ffbf,Vila Taveirópolis,5002704.0,50,2023-05-02 14:56:41.8140000 +00:00,2023-05-02 14:56:41.8140000 +00:00
343469405b23,Jardim Centro Oeste,5002704.0,50,2026-02-20 00:39:57.4410000 +00:00,2026-02-20 00:39:57.4410000 +00:00
e35b3c3ebbad,Sobrinho,5002704.0,50,2025-03-27 16:33:56.1810000 +00:00,2025-03-27 16:34:08.3220000 +00:00
cce81d5497dd,Centro,5006606.0,50,2021-07-03 16:46:30.3130000 +00:00,2021-07-03 16:46:34.6840000 +00:00
02c6b504cdf6,Guanandi II,5002704.0,50,2024-11-05 19:53:39.7820000 +00:00,2024-11-05 19:53:39.7820000 +00:00
36123a7ae69b,Guanandi II,5002704.0,50,2025-04-05 19:38:08.2710000 +00:00,2025-04-05 19:38:08.2710000 +00:00
c3e1142d89fa,,5007208.0,50,2023-03-25 07:37:05.4220000 +00:00,2023-03-25 07:37:05.4220000 +00:00
a18459b9b0d5,Bosque das Araras,5002704.0,50,2021-01-23 18:03:31.5840000 +00:00,2021-01-23 18:03:31.5840000 +00:00
0491aab2c7dc,Jardim Harrisom de Figueredo,5003702.0,50,2025-05-02 02:32:08.9220000 +00:00,2025-05-02 02:32:08.9220000 +00:00
3f1afefe75b9,Gramame,2507507.0,25,2024-02-29 17:01:57.1660000 +00:00,2024-02-29 17:01:57.1660000 +00:00
a655eff57934,Jardim Noroeste,5002704.0,50,2025-12-01 16:28:51.8610000 +00:00,2025-12-01 16:28:51.8610000 +00:00
58fb91db9b93,Jardim Moçambique,5008305.0,50,2024-06-04 15:34:23.1560000 +00:00,2024-06-04 15:35:57.1630000 +00:00
e210eaab1ca5,Centro,3515400.0,35,2023-10-17 21:45:19.5240000 +00:00,2023-10-17 21:45:19.5240000 +00:00
e76ad0ebd5c6,Vila Pernambuco,5002902.0,50,2025-09-03 04:02:10.3170000 +00:00,2025-09-03 04:02:10.3170000 +00:00
57f6729cdf98,Vila São Jorge da Lagoa,5002704.0,50,2023-04-19 01:29:05.3960000 +00:00,2023-04-19 01:29:05.3960000 +00:00
13002055da98,Mata do Jacinto,5002704.0,50,2025-09-03 14:54:18.7340000 +00:00,2025-09-03 14:54:55.3110000 +00:00
e7d6b9851edb,Vila Maria,5008305.0,50,2022-06-23 00:27:21.4430000 +00:00,2022-06-23 00:27:21.4430000 +00:00
b5fc8e2f33b4,Jardim das Violetas,5008305.0,50,2025-03-26 18:00:00.2740000 +00:00,2025-03-26 18:00:00.2740000 +00:00
b792e9af5df3,Cristo Redentor,2507507.0,25,2025-08-26 01:11:01.5970000 +00:00,2025-08-26 01:11:01.5970000 +00:00
10bf9583046a,Jardim Aero Rancho,5002704.0,50,2022-03-30 11:45:10.3650000 +00:00,2022-03-30 11:45:10.5810000 +00:00
f2cf4f57880b,Jardim Vista Alegre ,5007109.0,50,2024-07-21 04:18:14.5900000 +00:00,2024-07-21 04:18:14.5900000 +00:00
b87ef75a10af,centro ,5006200.0,50,2023-11-28 12:19:02.5590000 +00:00,2023-11-28 12:19:02.5590000 +00:00
c497e059ca52,Alto ,5001102.0,50,2023-11-03 15:50:01.6290000 +00:00,2023-11-03 15:50:01.6290000 +00:00
92866233f369,Prefeito José Walter,2304400.0,23,2024-02-19 12:57:52.1970000 +00:00,2024-02-19 12:57:52.1970000 +00:00
3120902ebd6a,Maria Joaquina ,5004908.0,50,2020-05-09 13:38:42.2810000 +00:00,2020-05-09 13:38:42.2810000 +00:00
505e8b8302d6,centro,5003751.0,50,2023-03-18 11:27:36.7200000 +00:00,2023-03-18 11:27:36.7200000 +00:00
882cf5554dd7,Canutama ,1501501.0,15,2024-02-06 04:10:13.5410000 +00:00,2024-02-06 04:10:13.5410000 +00:00
cc8dcfe16900,Vila Duque de Caxias,5002704.0,50,2025-10-02 01:26:55.2530000 +00:00,2025-10-02 01:27:53.7530000 +00:00
d7c6299bc996,jardim independência ,5006606.0,50,2025-06-12 00:12:34.3880000 +00:00,2025-06-12 00:12:49.7000000 +00:00
f1c5226a92d2,Gramame,2507507.0,25,2026-01-26 12:28:22.6600000 +00:00,2026-01-26 12:28:22.6600000 +00:00
be50df155402,bom jesus,3140704.0,31,2024-07-29 16:39:41.7970000 +00:00,2024-07-29 16:39:41.7970000 +00:00
e311a83b8a49,ceac,5005202.0,50,2025-04-30 17:40:54.3810000 +00:00,2025-04-30 17:40:54.3810000 +00:00
25d842937710,Auxiliadora ,4307807.0,43,2023-11-23 17:29:54.0640000 +00:00,2023-11-23 17:29:54.0640000 +00:00
1e4d2fe47c0b,Jardim das Oliveiras,5008305.0,50,2023-02-02 16:29:45.0740000 +00:00,2023-02-02 16:29:45.0740000 +00:00
f5e73a5c4fb1,Vila Neuma,2305506.0,23,2024-06-20 13:47:30.9680000 +00:00,2024-06-20 13:47:30.9680000 +00:00
db4f5aa049cc,parque uniao,5002951.0,50,2024-04-08 14:33:11.4850000 +00:00,2024-04-08 14:33:11.4850000 +00:00
8fb63d12eb71,Jardim Paraiso ,5005707.0,50,2025-03-30 16:24:50.5850000 +00:00,2025-03-30 16:24:50.5850000 +00:00
198208667140,Jardim Jacy,5002704.0,50,2024-03-22 17:42:18.1730000 +00:00,2024-03-22 17:42:18.1730000 +00:00
24993b11e8d9,Centro,5008305.0,50,2023-06-29 15:39:38.9500000 +00:00,2023-06-29 15:40:42.4480000 +00:00
495d76e7f0ad,Benedito schaefer ,5002001.0,50,2024-09-26 18:10:59.1170000 +00:00,2024-09-26 18:10:59.1170000 +00:00
5f0e693a711a,São José,3170206.0,31,2024-12-03 23:06:13.4710000 +00:00,2024-12-03 23:06:13.4710000 +00:00
812536afef61,Jardim Alvorada,5008305.0,50,2024-01-25 00:49:49.4190000 +00:00,2024-01-25 00:49:49.4190000 +00:00
b2387ebc320d,Vila Popular,5002704.0,50,2023-04-29 17:09:25.2470000 +00:00,2023-04-29 17:09:25.2470000 +00:00
98178f072acf,Expedicionários,2507507.0,25,2026-03-30 12:45:28.0220000 +00:00,2026-03-30 12:45:28.0220000 +00:00
88077924312c,Jardim das Virtudes,5002704.0,50,2022-07-24 00:35:30.5850000 +00:00,2022-12-31 09:02:55.6870000 +00:00
21a8dcde2682,Parque do Sol,5002704.0,50,2025-11-18 16:34:09.5340000 +00:00,2025-11-18 16:34:09.5340000 +00:00
03491be039b4,Mata do Jacinto,5002704.0,50,2025-03-26 22:58:51.2960000 +00:00,2025-03-26 22:58:51.2960000 +00:00
e9bf6a50e577,Vila Guanabara,5008305.0,50,2025-01-17 12:02:40.2900000 +00:00,2025-01-17 12:02:40.2900000 +00:00
5a72e929d354,Bom Retiro,5002704.0,50,2025-07-05 00:07:05.3980000 +00:00,2025-08-14 01:47:10.7190000 +00:00
a98d39510d9b,Tiradentes,5002704.0,50,2025-03-28 15:01:28.5740000 +00:00,2025-03-28 15:01:28.5740000 +00:00
2ac7024c0dcf,Jardim Colibri,5003702.0,50,2026-01-31 23:50:38.0240000 +00:00,2026-01-31 23:50:38.0240000 +00:00
153ad00de4f5,centro,5002407.0,50,2025-11-14 00:38:39.6330000 +00:00,2025-11-14 00:38:58.7510000 +00:00
9f49f054af66,Vila Carlota,5002704.0,50,2025-02-01 23:02:23.7440000 +00:00,2025-02-01 23:02:23.7440000 +00:00
ca2c8044a09f,Varandas do Campo,5002704.0,50,2022-04-28 08:33:03.1790000 +00:00,2022-04-28 08:33:03.1790000 +00:00
b4ef797e4f83,Miramar,2507507.0,25,2024-07-24 23:40:16.2040000 +00:00,2024-07-24 23:40:16.2040000 +00:00
211a07e30cd7,Residencial Ramez Tebet,5002704.0,50,2022-08-14 12:51:24.7960000 +00:00,2022-08-14 12:51:24.7960000 +00:00
d2881fea3599,Jardim Primavera,5004601.0,50,2024-01-12 11:42:05.7860000 +00:00,2024-01-12 11:42:05.7860000 +00:00
538d02f87e6e,Jardim Aeroporto II ,5001102.0,50,2023-05-18 16:13:44.7860000 +00:00,2023-05-18 16:13:44.7860000 +00:00
fc33a13d9ee4,Flanboyant Residencial Park,5006606.0,50,2025-11-10 13:48:05.8440000 +00:00,2025-11-10 13:48:06.3580000 +00:00
50a6d79aaf31,santo Antônio ,5002407.0,50,2024-04-13 01:48:49.0630000 +00:00,2024-04-13 01:48:49.0630000 +00:00
b5a270258236,centro ,5007307.0,50,2025-11-30 14:54:02.6660000 +00:00,2025-11-30 14:54:02.6660000 +00:00
6f965f29a76f,Oscar Salazar Moura da Cruz,5002704.0,50,2020-04-27 14:55:36.1170000 +00:00,2020-04-27 14:55:36.1170000 +00:00
700d0779c8ef,Parque do Lageado,5002704.0,50,2022-09-30 22:15:13.2450000 +00:00,2022-09-30 22:15:13.2450000 +00:00
626a1a4d4516,Interlagos,5008305.0,50,2022-09-25 22:31:25.6720000 +00:00,2022-09-25 22:31:25.6720000 +00:00
95f1fdb7be6c,Jardim Cangalha,5008305.0,50,2025-05-28 15:31:39.3660000 +00:00,2025-05-28 15:31:39.3660000 +00:00
9a2ef69bbdbd,Vila Piloto,5008305.0,50,2024-11-20 10:40:59.0500000 +00:00,2024-11-20 10:40:59.0500000 +00:00
e9ae4daf4c8b,Santos Dumont,5008305.0,50,2023-06-08 18:12:20.8940000 +00:00,2023-06-08 18:17:06.8850000 +00:00
2c4a114a8338,Jardim Progresso,5008305.0,50,2021-04-18 02:27:42.7070000 +00:00,2021-04-18 02:28:01.2200000 +00:00
e4103b41ffc9,Centro,5001904.0,50,2022-04-29 19:40:26.7590000 +00:00,2022-04-29 19:40:38.9150000 +00:00
7e93374163eb,Jardim Aeroporto,5002704.0,50,2023-05-18 12:51:50.7340000 +00:00,2023-05-18 12:52:40.9860000 +00:00
1a1268fe87d9,Monte Castelo,5002704.0,50,2026-04-29 00:08:45.1210000 +00:00,2026-04-29 00:08:45.1210000 +00:00
da3c9ddb115c,José Tavares do Couto,5002704.0,50,2024-01-02 02:53:33.4020000 +00:00,2024-01-02 02:53:33.4020000 +00:00
fda84f98e88e,Vila Nova Campo Grande,5002704.0,50,2024-08-21 03:20:58.6100000 +00:00,2024-08-21 03:20:58.6100000 +00:00
12d630333168,Jardim Progresso,5008305.0,50,2024-11-29 15:07:19.7980000 +00:00,2024-11-29 15:07:34.7720000 +00:00
1da08cee318c,Vila São Jorge da Lagoa,5002704.0,50,2024-03-07 18:35:47.7810000 +00:00,2024-03-07 18:35:47.7810000 +00:00
52040214993f,Núcleo Habitacional Buriti,5002704.0,50,2022-11-11 16:21:56.3490000 +00:00,2022-11-11 16:21:56.3490000 +00:00
9c4c2f141e3a,Jardim Santa Rosa,3305109.0,33,2024-12-04 20:24:50.7540000 +00:00,2025-01-04 00:06:24.3820000 +00:00
d602c6afc299,Vila Santo Eugênio,5002704.0,50,2021-01-21 21:13:31.8670000 +00:00,2021-01-21 21:14:12.9660000 +00:00
c57e039d5b83,Jardim Guanabara,5003702.0,50,2023-05-18 23:39:48.8310000 +00:00,2023-05-18 23:39:48.8310000 +00:00
d26421b98b28,Novo Oeste,5008305.0,50,2026-06-17 20:36:03.6980000 +00:00,2026-06-17 20:36:03.6980000 +00:00
9bfc7961ca92,vila operária ,5004304.0,50,2026-07-14 13:29:10.4480000 +00:00,2026-07-14 13:29:21.1170000 +00:00
17891cb2c68a,Jardim Água Boa,5003702.0,50,2022-01-24 00:12:30.7590000 +00:00,2022-08-01 16:23:38.9980000 +00:00
c9cc90ab86c9,Coab,5005608.0,50,2024-01-16 20:38:04.4150000 +00:00,2024-01-16 20:39:21.6870000 +00:00
1e7fa4a02ef1,Jardim Monumento,5002704.0,50,2021-01-26 22:07:42.5320000 +00:00,2021-01-26 22:07:48.3020000 +00:00
aaae818ca13f,Residencial Ponta Porã I,5006606.0,50,2024-03-12 22:22:29.0980000 +00:00,2024-03-12 22:23:04.3910000 +00:00
fff374a12a8b,Jardim Nhanhá,5002704.0,50,2020-04-24 21:16:51.7440000 +00:00,2020-07-04 20:27:38.5480000 +00:00
5290b267898e,Centro ,5007935.0,50,2023-05-25 01:39:44.6040000 +00:00,2023-05-25 01:39:58.3360000 +00:00
4fe20bd367f9,Pioneiro,3303500.0,33,2024-08-30 13:28:42.1470000 +00:00,2024-08-30 13:33:20.2460000 +00:00
630724b01b14,Jardim Campo Nobre,5002704.0,50,2024-06-13 15:45:01.5590000 +00:00,2024-06-13 15:45:01.5590000 +00:00
c1074930a4ee,Sobrinho,5002704.0,50,2023-10-30 20:32:42.9800000 +00:00,2023-10-30 20:32:42.9800000 +00:00
06bfece5e268,Vila Moreninha IV,5002704.0,50,2025-09-21 13:36:10.6850000 +00:00,2025-09-21 13:36:10.6850000 +00:00
72906898d638,nova esperança ,5007208.0,50,2025-02-17 21:35:32.2350000 +00:00,2025-02-17 21:35:32.2350000 +00:00
0d0bbd2f88be,Jardim primavera ,5007695.0,50,2024-04-22 16:12:01.8810000 +00:00,2024-04-22 16:13:19.7190000 +00:00
2dd5052b91c6,alto ,5001102.0,50,2021-11-02 00:21:41.5990000 +00:00,2021-11-02 00:22:18.0250000 +00:00
c2197a922783,Jardim Corcovado,5002704.0,50,2023-02-24 02:13:14.4320000 +00:00,2023-02-24 02:13:36.4860000 +00:00
974b83179ca5,fazenda laudeja,5002209.0,50,2023-03-18 23:36:28.1400000 +00:00,2023-03-18 23:36:28.1400000 +00:00
919f680e0ad3,Loteamento Bosque da Esperança,5002704.0,50,2026-07-01 22:56:24.3110000 +00:00,2026-07-01 22:56:51.3650000 +00:00
7f05ce282ebe,Jardim Aeroporto 2,5001102.0,50,2023-08-25 22:23:24.2150000 +00:00,2023-08-25 22:23:30.9250000 +00:00
aff22be81d65,bom viver ,5002209.0,50,2025-08-30 12:37:11.8870000 +00:00,2025-08-30 12:37:11.8870000 +00:00
4421b4868c6b,Jardim Columbia ,5002704.0,50,2022-09-03 15:45:49.1610000 +00:00,2022-09-03 15:45:58.0790000 +00:00
2ec238853def,São Matheus ,5103403.0,51,2026-05-16 16:13:34.5330000 +00:00,2026-05-16 16:17:11.4060000 +00:00
6af0b31ba471,Conjunto Habitacional Estrela D'Alva II,5002704.0,50,2023-11-20 22:55:45.4020000 +00:00,2023-11-20 22:55:45.4020000 +00:00
72f06825da8f,Residencial Ana Maria do Couto,5002704.0,50,2023-02-27 06:34:39.5750000 +00:00,2023-02-27 06:34:39.5750000 +00:00
426756a05754,Vila Santa Luzia,5002704.0,50,2024-05-12 17:54:30.5060000 +00:00,2024-05-12 17:54:30.5060000 +00:00
2d850bb85d17,Jardim Aero Rancho,5002704.0,50,2021-03-25 22:30:00.5960000 +00:00,2021-03-25 22:30:00.5960000 +00:00
571da4e6b78b,Jardim gramado ,5007695.0,50,2022-10-11 14:12:21.1940000 +00:00,2022-10-11 14:12:21.1940000 +00:00
859d989be19a,Conjunto União II,5002704.0,50,2022-11-21 23:17:44.6290000 +00:00,2022-11-21 23:18:54.2360000 +00:00
d6cd0815c41a,Santa Luzia,5008305.0,50,2023-03-07 13:20:30.5490000 +00:00,2023-03-07 13:20:30.5490000 +00:00
b5503a5b4141,Benedito Cheffer ,5002001.0,50,2022-05-10 14:01:18.9120000 +00:00,2022-05-10 14:01:18.9120000 +00:00
1a36fbcfcb79,Vila Pioneira,5004502.0,50,2026-04-09 13:37:46.2670000 +00:00,2026-04-09 13:37:46.2670000 +00:00
7a5168aefa09,Laranja Doce,5003702.0,50,2024-02-20 18:16:55.1570000 +00:00,2024-02-20 18:16:55.1570000 +00:00
7c1bdfe3540c,Santo Antônio,5002704.0,50,2023-05-10 19:01:04.3560000 +00:00,2023-05-10 19:01:04.3560000 +00:00
e4ab8e85624c,Parque Residencial Iracy Coelho Netto,5002704.0,50,2021-08-12 02:47:08.7300000 +00:00,2021-08-12 02:47:32.2070000 +00:00
c64cf3bcf5ad,Jardim Veneza,5005400.0,50,2022-10-08 17:28:30.3170000 +00:00,2026-05-04 01:42:32.6300000 +00:00
83a2a632c87c,Nova Lima,5002704.0,50,2023-09-19 03:05:42.1250000 +00:00,2023-09-19 03:05:42.1250000 +00:00
740f88abf66c,Vila Santa Luzia,5002704.0,50,2023-07-26 15:12:50.9160000 +00:00,2023-07-26 15:13:19.4170000 +00:00
a6cd49f6386f,Centro,5004502.0,50,2024-10-31 09:17:12.8690000 +00:00,2024-10-31 09:17:12.8690000 +00:00
630f11912761,centro ,5006259.0,50,2024-09-16 05:49:41.5860000 +00:00,2024-09-16 05:49:41.5860000 +00:00
29610407cb95,Jardim Tijuca,5002704.0,50,2023-11-08 01:51:23.2510000 +00:00,2023-11-08 01:51:23.2510000 +00:00
7093739be166,São José,3300456.0,33,2024-07-08 14:08:22.0570000 +00:00,2024-07-08 14:08:22.0570000 +00:00
16834e201ca3,Vila Nova Campo Grande,5002704.0,50,2022-10-16 17:20:03.7570000 +00:00,2022-10-16 17:20:03.7570000 +00:00
62f9a545df97,Celina Gonçalves,5006200.0,50,2021-11-20 15:20:34.1850000 +00:00,2021-11-20 15:20:34.1850000 +00:00
b008c361e9b3,Centro,5002159.0,50,2023-10-10 13:56:20.0220000 +00:00,2023-10-10 13:56:20.0220000 +00:00
be64a614f751,Núcleo Habitacional Universitárias,5002704.0,50,2024-03-13 14:55:01.1470000 +00:00,2024-03-13 14:55:01.1470000 +00:00
d6d935d8c8ca,Santa Fé,5002704.0,50,2025-03-19 18:59:20.4660000 +00:00,2025-03-19 18:59:20.4660000 +00:00
34c685da66dc,Cristo rei,5108006.0,51,2025-06-02 08:02:08.3290000 +00:00,2025-06-02 08:06:25.7280000 +00:00
25308552cd7c,Jardim Tarumã,5002704.0,50,2026-02-16 14:23:12.0570000 +00:00,2026-02-16 14:23:12.0570000 +00:00
631deec022cd,Vila Manoel Taveira,5002704.0,50,2025-01-03 23:14:27.1920000 +00:00,2025-01-03 23:14:27.1920000 +00:00
c496a725bdbd,Vila Nova Campo Grande,5002704.0,50,2024-06-07 03:43:14.8530000 +00:00,2024-06-07 03:43:14.8530000 +00:00
ae4ea64c8735,Jabaraí,3202405.0,32,2025-09-12 19:27:22.5580000 +00:00,2025-09-12 19:27:22.5580000 +00:00
e36d81d9d3b4,Jardim Aero Rancho,5002704.0,50,2023-05-21 17:53:38.2830000 +00:00,2023-05-21 17:53:38.2830000 +00:00
011ff2a5d43d,Nova Lima,5002704.0,50,2022-04-27 02:47:27.1530000 +00:00,2022-04-28 20:44:32.2750000 +00:00
8eda57c8c502,jardim das primaveras ,5003702.0,50,2023-07-29 02:03:32.5280000 +00:00,2023-07-29 02:06:21.2150000 +00:00
ff5e4147220c,centro educacional ,5006200.0,50,2023-07-18 11:50:51.1420000 +00:00,2023-07-18 11:51:17.9320000 +00:00
cb936717c6bb,São Francisco,5002704.0,50,2021-11-16 22:12:51.9360000 +00:00,2021-11-16 22:12:51.9360000 +00:00
098af4bdecdd,Vila Manoel Taveira,5002704.0,50,2022-04-02 19:04:50.4720000 +00:00,2022-04-02 19:04:50.4720000 +00:00
650c8e1f6df7,Valentina de Figueiredo,2507507.0,25,2024-10-07 14:26:20.2810000 +00:00,2024-10-07 14:27:03.2700000 +00:00
f72c07fbaef7,sucupira ,5002951.0,50,2024-05-28 11:10:18.0110000 +00:00,2024-05-28 11:10:18.0110000 +00:00
8e5ab4ef467d,Núcleo Habitacional Universitárias,5002704.0,50,2023-01-04 21:58:10.8290000 +00:00,2023-01-04 21:58:10.8290000 +00:00
9862b0f3d424,Popular Nova,5003207.0,50,2020-10-25 02:23:48.5770000 +00:00,2020-10-25 02:23:48.5770000 +00:00
f0ec95f34174,Jardim Novo Horizonte ,5003256.0,50,2024-05-28 00:04:59.5230000 +00:00,2024-05-28 00:04:59.5230000 +00:00
4ecab7ea9a62,Centro,5003207.0,50,2024-12-21 17:48:50.8730000 +00:00,2024-12-21 17:48:50.8730000 +00:00
1d144a348a0b,Jardim Centro Oeste,5002704.0,50,2023-06-12 12:49:17.9610000 +00:00,2023-06-12 12:49:17.9610000 +00:00
680421be809b,Jardim Aeroporto 2,5001102.0,50,2023-07-26 14:25:50.7330000 +00:00,2023-07-26 14:26:56.7600000 +00:00
2c2fd92cba04,Universitário,5003207.0,50,2025-07-07 00:54:48.8720000 +00:00,2025-07-07 00:54:48.8720000 +00:00
d002a45ccec1,bem te vi,5000708.0,50,2023-10-20 00:00:30.4740000 +00:00,2023-10-20 00:02:13.2780000 +00:00
1a96378ceb91,Vila Carvalho,5002704.0,50,2020-04-27 13:45:56.5460000 +00:00,2020-04-27 13:45:56.5460000 +00:00
231754346f5c,Jardim dos Eucaliptos,5003702.0,50,2022-05-13 23:24:25.5180000 +00:00,2022-05-13 23:24:25.5180000 +00:00
fb020874e8c0,Jardim Colibri II,5002704.0,50,2025-01-16 06:24:23.5720000 +00:00,2025-01-16 06:26:41.2860000 +00:00
364a058c53ba,Vila Planalto,5002704.0,50,2022-04-25 20:40:49.2600000 +00:00,2022-04-25 20:40:49.2600000 +00:00
dc21113ea789,Nossa Senhora de Fátima,3303203.0,33,2024-07-17 15:37:20.2960000 +00:00,2024-07-17 15:37:20.2960000 +00:00
6054d72657d9,Annes ,4314100.0,43,2024-11-25 16:26:42.6930000 +00:00,2025-01-04 22:05:34.4700000 +00:00
b6563d2c453b,machado ,5002209.0,50,2023-03-28 17:12:55.6570000 +00:00,2023-03-28 17:12:55.6570000 +00:00
4afc3bf9b08e,Jardim laranja doce,5003702.0,50,2021-12-18 21:13:41.6850000 +00:00,2021-12-18 21:14:49.6960000 +00:00
54fc8a8b5eda,Santa Terezinha ,5001102.0,50,2023-06-17 16:22:34.4680000 +00:00,2023-06-17 16:22:34.4680000 +00:00
f3b4d3879e5d,planalto ,5002951.0,50,2025-11-03 23:10:23.5550000 +00:00,2025-11-03 23:12:52.9610000 +00:00
3ef77189d422,Colubande ,3304904.0,33,2024-04-23 13:29:38.6100000 +00:00,2024-04-23 13:29:38.6100000 +00:00
bcdb31e5dbdf,Parque Alvorada,5003702.0,50,2025-12-02 14:23:07.7280000 +00:00,2025-12-02 14:23:10.6810000 +00:00
a22f27110dff,Loteamento Flor de Lis,5003702.0,50,2026-07-04 18:04:14.9510000 +00:00,2026-07-04 18:04:19.5940000 +00:00
e01d980351c8,Jardim das Cerejeiras,5002704.0,50,2024-12-17 02:40:31.9250000 +00:00,2024-12-17 02:40:31.9250000 +00:00
3ea958e3065b,Monte Castelo,5002704.0,50,2024-01-08 18:22:21.6750000 +00:00,2024-01-08 18:22:21.6750000 +00:00
a60c17c2fe9b,Vila Industrial,5003702.0,50,2024-04-04 16:52:30.2190000 +00:00,2024-04-04 16:52:30.2190000 +00:00
37bffa3f5ee2,Centro ,5002001.0,50,2021-09-20 02:23:25.1000000 +00:00,2021-09-20 02:24:05.8380000 +00:00
6bc3ef7ee357,Jardim Paulista ,5002704.0,50,2024-06-28 23:23:52.2110000 +00:00,2024-06-28 23:23:52.2110000 +00:00
4d7ed3677deb,avenida,5002001.0,50,2024-03-18 23:05:46.9390000 +00:00,2024-03-18 23:05:54.3740000 +00:00
90c00f681bf4,centro ,5005608.0,50,2023-03-15 22:11:35.1810000 +00:00,2023-03-15 22:11:35.1810000 +00:00
7c1465fb12ed,Jardim Corcovado,5002704.0,50,2024-04-01 03:58:43.9720000 +00:00,2024-04-01 03:58:59.5770000 +00:00
dda560ac9677,Jardim Paulo Coelho Machado,5002704.0,50,2024-03-13 14:56:06.8730000 +00:00,2024-03-13 14:56:06.8730000 +00:00
fe31cc56d0c7,planalto boa esperança ,2507507.0,25,2025-02-19 11:12:31.9360000 +00:00,2025-02-19 11:12:31.9360000 +00:00
ae060eb368fc,Conjunto Habitacional Jardim Talismã,5002704.0,50,2025-06-02 16:44:53.3770000 +00:00,2025-06-02 16:44:53.3770000 +00:00
c189a4547e02,Maguari,1500800.0,15,2025-04-24 12:41:56.7690000 +00:00,2025-04-24 12:42:02.5900000 +00:00
6abecfdfb436,flamboyant ,5002951.0,50,2025-05-16 01:41:36.0350000 +00:00,2025-05-16 01:43:56.3780000 +00:00
c0e26bafe56e,Popular Nova,5003207.0,50,2023-12-24 23:11:14.2400000 +00:00,2023-12-24 23:11:14.2400000 +00:00
07093e3c80bc,Residencial Oiti,5002704.0,50,2025-09-12 06:05:06.7570000 +00:00,2025-09-12 06:05:06.7570000 +00:00
87c3bbca0b17,Conjunto Habitacional Estrela D'Alva I,5002704.0,50,2024-11-17 00:48:42.2790000 +00:00,2024-11-17 00:48:53.0950000 +00:00
8f52f5e961df,rural ,5006002.0,50,2024-10-31 13:13:32.5800000 +00:00,2024-10-31 13:13:32.5800000 +00:00
f8a242ad4d98,Monte Castelo,5002704.0,50,2026-07-15 20:04:13.5530000 +00:00,2026-07-15 20:04:13.5530000 +00:00
08c25c563c58,vila Juquita ,5005400.0,50,2024-11-20 20:41:58.4020000 +00:00,2024-11-20 20:41:58.4020000 +00:00
795e758ca092,Universitário 1,5006309.0,50,2022-05-17 20:50:28.6750000 +00:00,2022-05-17 20:50:28.6750000 +00:00
619fb5bfd1b2,sonho meu 4 ,5003256.0,50,2025-03-27 12:52:13.7400000 +00:00,2025-03-27 12:52:13.7400000 +00:00
c7d138012078,Vila Manoel Sêcco Thomé,5002704.0,50,2022-06-21 19:10:41.7350000 +00:00,2022-06-21 19:10:41.7350000 +00:00
ba59e19da76a,Parque dos Novos Estados,5002704.0,50,2023-07-04 22:02:01.7260000 +00:00,2023-07-04 22:02:01.7260000 +00:00
fda509cb0e88,Jardim Acapulco,5001904.0,50,2024-12-16 04:11:23.5720000 +00:00,2024-12-16 04:11:23.5720000 +00:00
5edfc3d08478,Vila Industrial,5003702.0,50,2022-09-25 01:13:22.0840000 +00:00,2022-09-25 01:15:39.2320000 +00:00
011dce810b98,Jardim Tijuca,5002704.0,50,2023-05-31 04:30:22.1040000 +00:00,2023-05-31 04:30:29.8230000 +00:00
600794708238,Parque Residencial Rita Vieira,5002704.0,50,2021-01-13 18:26:41.3810000 +00:00,2021-01-13 18:26:41.3810000 +00:00
699cfae2ccee,pinheiro ,5001102.0,50,2024-04-29 17:28:55.6490000 +00:00,2024-04-29 17:28:55.6490000 +00:00
130dabd64393,Cohab Rachid Neder,5000856.0,50,2025-10-24 22:02:28.3510000 +00:00,2026-04-01 09:57:41.0510000 +00:00
4d798b0d9f38,Vila Ipiranga,5002704.0,50,2025-06-27 13:42:33.0230000 +00:00,2025-06-27 13:42:33.0230000 +00:00
623be123df05,Cristo Redentor,2507507.0,25,2024-05-27 18:41:31.8080000 +00:00,2024-05-27 18:41:31.8080000 +00:00
c3710e2d6d54,Jardim Bonança,5002704.0,50,2023-11-22 17:05:21.6300000 +00:00,2023-11-22 17:05:21.6300000 +00:00
1e95cf2e5b5c,Parque Residencial Orestes Prata Tibery Junior,5008305.0,50,2024-03-15 15:28:06.1830000 +00:00,2024-03-15 15:28:42.4310000 +00:00
3cc8792cb132,Centro,5000708.0,50,2025-04-27 20:43:33.8840000 +00:00,2025-04-27 20:43:33.8840000 +00:00
dc253c521c8b,Dom Bosco,5003207.0,50,2023-08-18 16:16:49.7570000 +00:00,2023-08-18 16:17:59.1930000 +00:00
2d14468f328a,São Francisco,5002704.0,50,2025-11-05 13:03:29.1460000 +00:00,2026-01-29 16:06:56.1470000 +00:00
1ed3eccf32db,Centro,5000807.0,50,2022-09-13 12:38:05.5910000 +00:00,2022-09-13 12:38:51.7930000 +00:00
6af465053c87,Vila Planalto ,5003702.0,50,2022-12-06 13:51:56.8330000 +00:00,2022-12-06 13:51:56.8330000 +00:00
f617603dac7f,Vila São Jorge da Lagoa,5002704.0,50,2020-10-01 20:07:05.8860000 +00:00,2025-10-12 00:23:43.3590000 +00:00
cfc9f5fa20f8,Aplazivel ,5002407.0,50,2021-08-31 20:10:50.6830000 +00:00,2021-08-31 20:10:59.8640000 +00:00
6c187126fbe8,Núcleo Habitacional Universitárias,5002704.0,50,2023-05-24 16:28:31.7250000 +00:00,2023-05-24 16:28:31.7250000 +00:00
37755c74fe69,vila Cruzeiro ,5000609.0,50,2022-12-06 17:01:49.9240000 +00:00,2022-12-06 17:01:49.9240000 +00:00
6ad6ac9fa3db,Jardim Itália,5002704.0,50,2024-11-25 20:20:08.6700000 +00:00,2024-11-25 20:20:08.6700000 +00:00
3e34a5787097,ipe,5003751.0,50,2023-09-01 03:33:25.8890000 +00:00,2023-09-01 03:33:25.8890000 +00:00
a9db4b6fbe5a,ipê 1,5001243.0,50,2023-12-14 18:30:44.0280000 +00:00,2023-12-14 18:30:44.0280000 +00:00
cba09d09aa6a,Jardim Universitário,5003702.0,50,2025-02-21 12:23:22.5700000 +00:00,2025-02-21 12:23:22.8730000 +00:00
faff3e73259e,Daniel 4,5006309.0,50,2025-02-14 12:20:03.3300000 +00:00,2025-02-14 12:20:03.3300000 +00:00
d81a7e8cd345,costa e Silva ,5002100.0,50,2024-11-16 01:34:54.6040000 +00:00,2024-11-16 01:35:54.8930000 +00:00
8afd01c9ac9e,Jardim Nossa Senhora do Perpétuo Socorro,5002704.0,50,2025-01-23 21:38:08.6320000 +00:00,2025-01-23 21:38:59.6370000 +00:00
8618c7f85245,zona rural ,5007695.0,50,2024-05-27 20:48:26.8680000 +00:00,2024-05-27 20:52:23.9080000 +00:00
fcdac37c713f,planalto,5002951.0,50,2022-12-25 23:52:54.8240000 +00:00,2022-12-25 23:52:54.8240000 +00:00
77fc8ea9077e,centro,5003157.0,50,2023-03-06 15:56:20.3260000 +00:00,2023-03-06 15:58:57.2760000 +00:00
2bb641623dd8,Jaraguari Velho ,5004908.0,50,2023-08-07 05:23:32.2090000 +00:00,2023-08-07 05:23:32.2090000 +00:00
cc191a804329,jardim aeroporto ,5002704.0,50,2024-07-03 14:43:06.3230000 +00:00,2024-07-03 14:43:06.3230000 +00:00
0ab9b264183d,Jardim São Luiz,3530508.0,35,2021-08-14 01:04:18.4660000 +00:00,2021-08-14 01:04:18.4660000 +00:00
7dec7a77db83,rural,5003256.0,50,2025-05-29 16:01:40.8460000 +00:00,2025-05-29 16:08:02.5410000 +00:00
69a069951aef,Morada do Sol,5002704.0,50,2024-06-04 01:08:31.2650000 +00:00,2026-01-06 13:59:09.4230000 +00:00
1316d7321055,centro,5005806.0,50,2024-03-08 10:13:41.2830000 +00:00,2024-03-08 10:13:41.2830000 +00:00
ba2939583cce,Campinas,4216602.0,42,2022-08-28 01:27:26.5970000 +00:00,2022-08-28 01:27:26.5970000 +00:00
a9629e55de33,esplanada 3,5002951.0,50,2022-03-24 13:27:34.9500000 +00:00,2022-03-30 18:30:48.8050000 +00:00
ef96db6a8d8b,Residecial Nelson Trad,5002704.0,50,2026-02-14 00:51:50.5210000 +00:00,2026-02-14 00:51:50.5210000 +00:00
792b9a8a4d9c,Jardim gramado ,5007695.0,50,2025-03-26 15:01:37.6060000 +00:00,2025-03-26 15:01:37.6060000 +00:00
d674bb39150b,Residencial Búzios,5002704.0,50,2024-05-20 12:42:42.5600000 +00:00,2024-05-20 12:42:42.5600000 +00:00
cd460e3401fa,Vila Olinda,5002704.0,50,2022-12-20 04:57:20.2110000 +00:00,2022-12-20 04:57:41.8310000 +00:00
44d7f9296525,Jardim das Hortências,5002704.0,50,2025-10-01 17:45:39.7570000 +00:00,2025-10-01 17:45:39.7570000 +00:00
57926c799cbe,Jardim primavera 1,5000203.0,50,2021-09-06 04:45:35.0200000 +00:00,2021-09-06 04:45:35.0200000 +00:00
cf7af491c921,Vila Aurora,5003702.0,50,2021-08-19 12:49:51.4070000 +00:00,2021-08-19 12:49:51.4070000 +00:00
b28f4085a8b6,Vila Ravenna,5002704.0,50,2025-03-27 00:18:56.8690000 +00:00,2025-03-27 00:18:56.8690000 +00:00
8532b47da7d2,planalto ,5002951.0,50,2024-01-15 14:06:23.8860000 +00:00,2024-01-15 14:06:23.8860000 +00:00
336d16fea16c,Centro ,5005152.0,50,2021-10-25 17:40:28.9610000 +00:00,2021-10-25 17:40:28.9610000 +00:00
88a7268aca90,Curicica,3304557.0,33,2024-03-21 21:38:47.7780000 +00:00,2024-03-21 21:38:47.7780000 +00:00
e7c0e1116013,Centro,5002704.0,50,2025-08-15 13:58:04.2500000 +00:00,2025-08-15 13:58:04.2500000 +00:00
4496f9705ecf,Centro ,5005707.0,50,2022-10-21 00:31:27.6660000 +00:00,2022-10-21 00:37:22.2860000 +00:00
104a4ea81b8e,Rancho Alegre 4,5002704.0,50,2026-01-13 14:49:14.8210000 +00:00,2026-01-13 14:49:31.1700000 +00:00
f1d0728d19b2,Centro ,5007976.0,50,2023-03-20 16:10:03.8030000 +00:00,2023-03-20 16:10:03.8030000 +00:00
9a8a560600de,Silvino de barros ,5001508.0,50,2023-07-20 17:06:26.6930000 +00:00,2023-07-20 17:08:12.5450000 +00:00
ebfe686656ce,São Cristóvão ,5007695.0,50,2021-08-26 00:12:59.0030000 +00:00,2021-08-26 00:12:59.0030000 +00:00
6e7c19606779,paineras  ,5006309.0,50,2023-06-26 18:14:15.3060000 +00:00,2023-06-26 18:14:15.3060000 +00:00
0e28c5aa510d,Jardim Colorado,5002704.0,50,2025-03-03 18:19:14.2830000 +00:00,2025-03-03 18:19:14.2830000 +00:00
20cc86995e90,Nascer do Sol,5000252.0,50,2024-02-04 20:57:08.9360000 +00:00,2024-02-04 20:57:08.9360000 +00:00
7281781e1cea,moreninha 2,5002704.0,50,2021-09-01 04:12:49.4440000 +00:00,2021-11-29 03:29:58.4400000 +00:00
7e9b82e30e71,Centro,5007935.0,50,2025-05-31 19:16:46.3890000 +00:00,2025-05-31 19:16:46.3890000 +00:00
21f561566e86,Jardim Leblon,5002704.0,50,2021-08-13 21:17:00.7440000 +00:00,2021-08-13 21:17:14.4890000 +00:00
f7c81a464173,Vila Ferroviária II,5006606.0,50,2022-01-05 04:51:23.1910000 +00:00,2022-01-05 04:51:58.0810000 +00:00
f753cae9ab62,Jardim Aero Rancho,5002704.0,50,2025-04-14 03:42:33.5950000 +00:00,2025-04-14 03:42:33.5950000 +00:00
b27bcf856ad3,Residencial Ana Maria do Couto,5002704.0,50,2024-02-17 21:15:11.6120000 +00:00,2024-03-07 12:57:03.3890000 +00:00
7fd453d81a09,Monte Castelo,5002704.0,50,2020-08-12 16:08:42.8350000 +00:00,2020-08-12 16:09:51.0630000 +00:00
65b0c017e0c8,Nossa Senhora da Aparecida,5007109.0,50,2026-05-23 23:47:21.9910000 +00:00,2026-05-23 23:47:21.9910000 +00:00
59bc47c470a0,Conjunto José Abrão,5002704.0,50,2025-06-04 13:14:18.3430000 +00:00,2025-06-04 13:14:18.3430000 +00:00
2321b6e82441,Maria de Lourdes ,5006002.0,50,2025-08-13 10:51:21.9220000 +00:00,2025-08-13 10:51:23.1110000 +00:00
885c0caa3857,Vila Palmira,5002704.0,50,2025-05-27 21:10:51.2920000 +00:00,2025-05-27 21:11:12.0800000 +00:00
3a9b1d3da5a6,Vival dos ypes,5007901.0,50,2025-01-29 23:51:24.0400000 +00:00,2025-01-30 00:58:02.3320000 +00:00
8aaadc89bf2e,itapoã ,5004700.0,50,2024-05-15 23:31:04.8990000 +00:00,2024-05-15 23:31:04.8990000 +00:00
7561b7a4f341,Jardim Vida Nova II,5002704.0,50,2022-06-02 12:47:01.0640000 +00:00,2022-06-02 12:47:01.0640000 +00:00
be08be171b18,Residencial Búzios,5002704.0,50,2023-10-18 23:50:06.3610000 +00:00,2023-10-18 23:50:06.3610000 +00:00
afdb8406f299,Cruz das Armas,2507507.0,25,2025-11-07 00:35:27.1310000 +00:00,2025-11-07 00:35:27.1310000 +00:00
e018c5fa922a,Nova Lima,5002704.0,50,2021-09-02 20:02:54.9080000 +00:00,2021-09-02 20:03:52.0380000 +00:00
7a02243c2a93,Jardim Campo Alto,5002704.0,50,2024-05-31 23:54:22.5640000 +00:00,2024-05-31 23:54:22.5640000 +00:00
518c9b2300c1,Jardim Centenário,5002704.0,50,2022-08-17 14:26:52.0410000 +00:00,2022-08-17 14:26:57.2250000 +00:00
fa5add71758e,Jardim Moema,5002704.0,50,2024-02-04 01:18:33.5990000 +00:00,2024-02-04 01:18:33.5990000 +00:00
e2d96f4fd81c,Vila Santa Luzia,5002704.0,50,2024-02-04 20:22:44.3440000 +00:00,2024-02-04 20:22:44.3440000 +00:00
9e12651254ad,Maria Leite,5003207.0,50,2025-08-25 12:02:36.2120000 +00:00,2025-08-25 12:02:36.2120000 +00:00
81fbd18d2d42,Jardim Paulo Coelho Machado,5002704.0,50,2022-10-22 16:58:22.4340000 +00:00,2022-10-22 16:58:22.4340000 +00:00
d10d4bd506b9,centro educacional ,5006200.0,50,2023-12-12 23:10:48.5690000 +00:00,2023-12-12 23:10:48.5690000 +00:00
3c9b8265dfd5,Coopharádio,5002704.0,50,2024-02-15 18:08:10.8850000 +00:00,2024-02-15 18:08:10.8850000 +00:00
03b88c05253f,Demétria,5008008.0,50,2024-02-11 21:12:00.7450000 +00:00,2024-02-11 21:12:00.7450000 +00:00
5929c0643984,Maria Aparecida Pedrossian,5002704.0,50,2024-08-13 02:00:20.3880000 +00:00,2024-08-13 02:00:20.3880000 +00:00
7dc6be09b12e,Recreio dos Bandeirantes,3304557.0,33,2024-10-08 20:46:34.2890000 +00:00,2024-10-08 20:46:34.2890000 +00:00
67473cdb58a1,Planalto ,5002407.0,50,2024-08-07 14:46:44.1980000 +00:00,2024-08-07 14:46:44.1980000 +00:00
912418676094,jardim Petrópolis ,5002704.0,50,2023-05-13 22:34:48.9070000 +00:00,2023-05-13 22:34:53.1810000 +00:00
0c451a7a49ee,Los Angeles,5002704.0,50,2026-07-08 11:33:55.8750000 +00:00,2026-07-08 11:33:55.8750000 +00:00
71354e81a674,Vila Nasser,5002704.0,50,2024-10-28 00:19:37.3710000 +00:00,2024-10-28 00:19:50.6710000 +00:00
ae6c09786892,COHAB Nova ,3130408.0,31,2024-04-08 17:53:00.9700000 +00:00,2024-04-08 17:53:47.0190000 +00:00
695043f9e453,Jardim Novo Horizonte ,5003702.0,50,2025-12-29 03:50:06.8610000 +00:00,2025-12-29 03:50:06.8610000 +00:00
54248f55aa7f,jardim aeroporto ,5002704.0,50,2025-12-20 15:34:03.4240000 +00:00,2025-12-20 15:34:03.4240000 +00:00
71c196e54d4c,Vila Moreninha IV,5002704.0,50,2024-04-11 17:58:24.9880000 +00:00,2024-04-11 18:00:49.2810000 +00:00
006c0e91613a,Maria do Rosário ,5005608.0,50,2024-03-13 13:32:33.2710000 +00:00,2024-03-13 13:32:33.2710000 +00:00
5dbd26232dc8,Jardim Noroeste,5002704.0,50,2023-09-17 18:17:30.1450000 +00:00,2023-09-17 18:17:30.1450000 +00:00
650c3b3f4dfb,Alto Maron,2933307.0,29,2026-01-01 04:25:10.5560000 +00:00,2026-01-01 04:25:10.5560000 +00:00
db9a393f459b,Vila Aimoré,5002704.0,50,2025-03-04 17:59:59.3690000 +00:00,2025-03-04 17:59:59.3690000 +00:00
b30483d06e5a,Jardim São Lourenço,5002704.0,50,2023-01-31 14:30:51.1710000 +00:00,2023-01-31 14:30:51.1710000 +00:00
3155bdad1aaf,Jardim Parati,5002704.0,50,2024-04-16 01:21:13.3880000 +00:00,2024-04-16 01:21:13.3880000 +00:00
4dc013ae3d25,Alta Floresta 2 ,5005202.0,50,2023-07-12 11:55:22.0580000 +00:00,2024-04-01 18:42:05.6220000 +00:00
53b172d74481,Jardim Paraíso,4209102.0,42,2021-05-29 20:19:27.5670000 +00:00,2021-05-29 20:19:27.5670000 +00:00
dcde4e79130b,Centro,5003900.0,50,2024-11-20 15:56:44.5300000 +00:00,2024-11-20 15:57:13.5820000 +00:00
32dbfc9f97d7,centro,2932200.0,29,2025-01-06 15:10:09.2760000 +00:00,2025-01-06 15:10:09.2760000 +00:00
ca00065438d4,Coophasul,5002704.0,50,2025-04-25 14:06:21.3850000 +00:00,2025-04-25 14:06:21.3850000 +00:00
364b7d5fadf8,Foch I,3152501.0,31,2024-10-28 01:52:01.1750000 +00:00,2024-10-28 01:52:01.1750000 +00:00
6bd6cc637dd1,Vila Carlota,5002704.0,50,2022-06-06 16:05:34.2030000 +00:00,2022-06-06 16:05:34.2030000 +00:00
67f2f8f663fc,Jardim das Primaveras,5003702.0,50,2026-03-07 02:33:36.9440000 +00:00,2026-03-07 02:33:36.9440000 +00:00
4a1edf85cc21,Bom Jardim,5002704.0,50,2022-10-26 02:43:39.3680000 +00:00,2022-10-26 02:49:42.3440000 +00:00
d027e24b3265,Guatos,5003207.0,50,2021-11-25 14:22:12.2310000 +00:00,2021-11-25 14:34:20.7400000 +00:00
bed9f0d9158d,,5003702.0,50,2021-08-24 03:57:59.9850000 +00:00,2021-08-24 03:57:59.9850000 +00:00
21d1bf6f0062,São bento,5007901.0,50,2025-12-10 21:07:16.1310000 +00:00,2025-12-10 21:07:21.4540000 +00:00
bc26a99643e4,Monte Castelo,5002704.0,50,2024-08-08 16:58:27.4260000 +00:00,2024-08-08 16:58:27.4260000 +00:00
2178829c89af,vila nova,5007109.0,50,2024-08-01 01:53:24.5980000 +00:00,2024-08-01 01:53:24.5980000 +00:00
eb6683b6f6cb,Vila Planalto,5002704.0,50,2024-10-09 15:08:42.5880000 +00:00,2024-10-09 15:08:42.5880000 +00:00
8ac921b2b9dc,centro ,5005608.0,50,2021-10-23 14:11:53.3640000 +00:00,2022-11-23 15:38:51.2260000 +00:00
8ea978181249,centro ,5005608.0,50,2024-08-19 11:42:18.1050000 +00:00,2024-08-19 11:42:18.1050000 +00:00
0e595ac67e58,Parque Dos Novo Estados ,5002704.0,50,2026-04-04 18:34:05.8290000 +00:00,2026-04-04 18:39:21.6590000 +00:00
345021ecd184,Taquaral Bosque,5002704.0,50,2022-04-15 00:45:26.9470000 +00:00,2022-04-15 00:45:26.9470000 +00:00
36f1f9fe3898,Jardim Karina,5006309.0,50,2023-05-31 10:03:01.5390000 +00:00,2023-05-31 10:03:21.0590000 +00:00
6727dbcbd4a8,Castelo Branco,2507507.0,25,2025-09-18 11:20:32.5850000 +00:00,2025-09-18 11:20:32.5850000 +00:00
991062c5660b,Jardim Paulista,5002704.0,50,2022-04-05 11:49:35.5110000 +00:00,2022-04-05 11:49:35.5110000 +00:00
2b0bc7ef32b7,Planalto ,5002951.0,50,2024-05-21 22:24:54.4090000 +00:00,2024-05-21 22:24:54.4090000 +00:00
d2ea500433fe,Residencial Coqueiral,3205200.0,32,2024-02-27 00:12:39.3890000 +00:00,2024-02-27 00:12:39.3890000 +00:00
3a638954ad59,Senhor Divino ,5003306.0,50,2024-08-04 14:37:16.6020000 +00:00,2024-08-04 14:37:55.7920000 +00:00
a8043b31f6c6,Los Angeles,5002704.0,50,2024-01-30 01:29:13.1020000 +00:00,2024-01-30 01:29:17.0770000 +00:00
3770793e42c0,Jardim Vila Verde,5008305.0,50,2022-06-07 20:35:29.4590000 +00:00,2022-06-07 20:35:29.4590000 +00:00
de758fac5a14,Alto do Mateus,2507507.0,25,2025-10-08 20:36:05.2620000 +00:00,2025-10-08 20:36:11.8530000 +00:00
1b123ebfbe24,Centro,3170404.0,31,2021-01-22 15:16:36.9110000 +00:00,2021-01-22 15:16:36.9110000 +00:00
c6e4aa2b14a1,Vila Santo André,5003702.0,50,2023-03-07 13:51:22.6360000 +00:00,2023-03-07 13:51:50.0160000 +00:00
0319b59c221a,Benedito sheffer,5002001.0,50,2024-04-01 22:55:17.3570000 +00:00,2024-04-01 22:55:17.3570000 +00:00
bbe4674b2aab,Jardim Campo Nobre,5002704.0,50,2026-03-06 18:08:41.8520000 +00:00,2026-03-06 18:08:49.3430000 +00:00
9433c45dc342,Jardim Carioca,5002704.0,50,2023-06-09 18:45:22.9860000 +00:00,2023-06-09 18:45:22.9860000 +00:00
1f225b15542a,Guiomar Soares Andrade ,5006200.0,50,2023-06-04 16:19:05.6790000 +00:00,2023-06-04 16:19:24.4530000 +00:00
bb4a8854f4f1,Paratibe,2507507.0,25,2024-04-08 15:00:31.2820000 +00:00,2024-04-08 15:01:05.7850000 +00:00
24f84d58830a,Residencial Ramez Tebet,5002704.0,50,2024-07-25 16:35:09.1830000 +00:00,2024-07-25 16:35:09.1830000 +00:00
dccd9ec1a6e3,Gramame,2507507.0,25,2026-01-13 18:31:52.0870000 +00:00,2026-01-13 18:31:52.0870000 +00:00
130ea10ec4f7,vila Diamantina ,5002605.0,50,2024-04-09 17:24:06.6200000 +00:00,2024-04-09 17:24:06.6200000 +00:00
a75b9203326b,Jardim das Nações,5002704.0,50,2024-09-14 20:01:05.6670000 +00:00,2024-09-14 20:01:05.6670000 +00:00
f0e706478efa,Conjunto Aero Rancho,5002704.0,50,2026-01-30 18:20:06.8430000 +00:00,2026-01-30 18:27:20.5460000 +00:00
b68dbf97d7f0,Residencial Betaville,5002704.0,50,2025-10-10 19:43:42.1550000 +00:00,2025-10-10 19:43:51.6060000 +00:00
67798562a90a,Jardim Progresso,5008305.0,50,2021-11-30 19:51:44.3570000 +00:00,2021-11-30 19:51:44.3570000 +00:00
54012dde3a70,São Jorge,5003801.0,50,2024-10-14 02:32:12.2730000 +00:00,2024-10-14 02:32:12.2730000 +00:00
0ce007bb56b6,centro,5003454.0,50,2025-05-28 23:56:20.0890000 +00:00,2025-05-28 23:56:20.0890000 +00:00
d95e5b698160,Vila Rosa Pires,5002704.0,50,2023-12-04 14:05:36.7540000 +00:00,2023-12-04 14:05:47.2050000 +00:00
617f71902c56,Sitiocas Campina Verde,5003702.0,50,2022-12-20 21:26:07.0140000 +00:00,2023-11-21 14:33:00.7200000 +00:00
dcf2349f03bd,,5002407.0,50,2022-06-22 15:15:12.4310000 +00:00,2022-06-22 15:15:12.4310000 +00:00
4de3ceaa1a3e,centro ,5004007.0,50,2025-07-05 20:41:30.9080000 +00:00,2025-07-05 20:41:30.9080000 +00:00
ff4852ccffd9,Centenário,5002704.0,50,2022-12-05 01:18:44.6670000 +00:00,2022-12-05 01:18:44.6670000 +00:00
01deec02ff31,Jardim Aero Rancho,5002704.0,50,2025-08-21 01:20:39.1800000 +00:00,2025-08-21 01:20:38.0000000 +00:00
9c683c57f1d8,Pioneiros,5002704.0,50,2022-03-10 16:45:21.1280000 +00:00,2022-03-10 16:45:21.1280000 +00:00
b9641e91032b,Lagoa Bonita,5003454.0,50,2025-12-09 23:45:31.8460000 +00:00,2025-12-09 23:45:31.8460000 +00:00
c7c21ec4e494,Jardim Samambaia,5002704.0,50,2025-07-25 18:28:56.6830000 +00:00,2025-07-25 18:28:56.6830000 +00:00
b9d4c4c9ee19,,5007208.0,50,2023-02-09 02:00:53.1090000 +00:00,2023-02-09 02:00:53.1090000 +00:00
6e3a1d9c1f43,Vila Albuquerque,5002704.0,50,2025-01-15 22:59:16.3980000 +00:00,2025-01-15 22:59:20.3800000 +00:00
d0cc83f8ed73,Residencial Ramez Tebet,5002704.0,50,2022-08-14 05:42:51.8710000 +00:00,2022-08-14 05:42:51.8860000 +00:00
399d11fa5a1c,Parque dos Novos Estados,5002704.0,50,2024-01-31 00:52:17.0280000 +00:00,2024-01-31 01:04:39.9200000 +00:00
626f5c8f023c,Nova Lima,5002704.0,50,2026-07-30 02:05:30.1780000 +00:00,2026-07-30 02:05:30.1780000 +00:00
b861fb31c866,Portal Caiobá,5002704.0,50,2026-04-10 22:58:58.7200000 +00:00,2026-04-10 22:58:58.7200000 +00:00
0b4e6fb99268,sucupira ,5002951.0,50,2024-05-16 12:08:48.8890000 +00:00,2024-05-16 12:08:48.8890000 +00:00
bab49ace186b,Jardim Anápolis I,5002704.0,50,2026-01-04 22:09:15.3650000 +00:00,2026-01-04 22:09:21.5480000 +00:00
fc6814eaf335,Pernambuco ,5002902.0,50,2023-05-23 02:33:27.0060000 +00:00,2023-05-23 02:33:27.0060000 +00:00
5b25fefc9438,Jardim Canguru,5002704.0,50,2025-05-22 18:10:46.4450000 +00:00,2025-05-22 18:10:46.4450000 +00:00
f5f0faea884f,Jardim Bela vista ,5002704.0,50,2021-04-22 01:39:37.6870000 +00:00,2021-04-22 01:39:46.7040000 +00:00
84a88dae73d5,Centro ,5004007.0,50,2023-06-15 19:56:05.5410000 +00:00,2023-06-15 19:56:05.5410000 +00:00
8982863332d2,centro,5006200.0,50,2025-04-08 15:24:08.9690000 +00:00,2025-04-08 15:24:13.1980000 +00:00
3c870d839ec8,Conjunto Residencial Nova Olinda,5002704.0,50,2024-08-08 01:35:06.3250000 +00:00,2024-08-08 01:35:06.3250000 +00:00
4140c81ea6c7,Daniel 6,5006309.0,50,2024-12-20 01:49:42.9950000 +00:00,2025-07-19 18:42:56.5220000 +00:00
d3bfcab68018,Universitário,5003207.0,50,2025-01-17 18:26:03.4600000 +00:00,2025-01-17 18:26:03.4600000 +00:00
fa2ccc9f1dc9,Parelheiros,3550308.0,35,2025-02-02 23:33:20.6510000 +00:00,2025-02-02 23:33:28.4610000 +00:00
13f30d55a09a,Santo Antônio,5002704.0,50,2025-05-23 17:32:33.9140000 +00:00,2025-05-27 21:50:28.1710000 +00:00
7594a4fabbe1,centro ,2308500.0,23,2024-08-05 13:23:21.8280000 +00:00,2024-08-05 13:23:22.2850000 +00:00
ce0c6b49c216,Conjunto Residencial Monte Carlo,5003702.0,50,2025-09-16 01:02:34.9650000 +00:00,2025-09-16 01:03:11.2280000 +00:00
ffeb822957a1,Jardim Campanário ,5000708.0,50,2026-02-27 01:59:48.6580000 +00:00,2026-02-27 01:59:48.6580000 +00:00
277c08b9bf8f,Vila Palmira,5002704.0,50,2024-04-24 04:12:35.5060000 +00:00,2024-04-24 04:12:35.5060000 +00:00
571915bc12d3,Boa vista,5003801.0,50,2023-10-06 18:17:19.7990000 +00:00,2023-10-06 18:17:27.6970000 +00:00
d37a4ed3bf8f,Jardim Veraneio,5002704.0,50,2023-08-10 21:18:14.1150000 +00:00,2023-08-10 21:18:14.1150000 +00:00
9666303ea82b,Nova Três Lagoas,5008305.0,50,2021-08-11 19:54:00.5300000 +00:00,2021-08-11 19:54:00.5300000 +00:00
d3e492abb39f,Núcleo Habitacional Buriti,5002704.0,50,2023-04-30 17:58:36.4700000 +00:00,2023-04-30 17:58:36.4700000 +00:00
83a630504fd8,Jardim Alvorada,5008305.0,50,2026-06-01 22:00:05.1810000 +00:00,2026-06-01 22:00:05.1810000 +00:00
d92eb9c3cd28,Amambaí,5002704.0,50,2025-05-06 03:52:49.1240000 +00:00,2025-05-06 03:52:49.1240000 +00:00
bb01552ed576,Centro,5003801.0,50,2024-03-09 18:33:47.3350000 +00:00,2024-03-09 18:33:47.3350000 +00:00
44dc0d76ef2f,Gramame,2507507.0,25,2026-05-14 13:40:34.1880000 +00:00,2026-05-14 13:40:34.1880000 +00:00
6a9e3478f134,Jardim do Zé Pereira,5002704.0,50,2024-01-25 01:32:26.2200000 +00:00,2024-01-25 01:32:26.2200000 +00:00
f8c991e48bd4,nova Aquidauana ,5001102.0,50,2025-08-24 15:10:56.1210000 +00:00,2025-08-24 15:10:56.1210000 +00:00
1e6ce4133c33,Estoril 4,5007109.0,50,2023-10-02 00:29:29.0790000 +00:00,2023-10-02 00:29:54.4840000 +00:00
2e76c563530b,centenário ,5002704.0,50,2025-07-24 21:58:37.9130000 +00:00,2025-07-24 21:58:37.9130000 +00:00
f6ab7f46ccdb,pioneiras ,5002704.0,50,2025-01-16 16:07:04.3690000 +00:00,2025-01-16 16:07:41.8710000 +00:00
7e95df2da96c,Universitário,5003207.0,50,2025-04-09 18:00:01.5090000 +00:00,2025-04-09 18:00:01.5090000 +00:00
575624844d64,Jardim das Acácias,5008305.0,50,2022-10-03 03:27:48.1490000 +00:00,2022-10-03 03:27:48.1490000 +00:00
c6875e500f94,Residecial Nelson Trad,5002704.0,50,2026-02-28 22:50:36.0440000 +00:00,2026-02-28 22:51:16.2760000 +00:00
e6661a3ec2b0,Vila Giocondo Orsi,5002704.0,50,2023-08-12 17:38:13.7360000 +00:00,2023-08-12 17:38:13.7360000 +00:00
f8b045f7aa5e,Centro ,5006002.0,50,2026-05-19 05:34:39.9950000 +00:00,2026-05-19 05:34:39.9950000 +00:00
2bd47b3e5686,Conjunto Habitacional Estrela D'Alva I,5002704.0,50,2024-11-24 04:15:02.6790000 +00:00,2024-11-24 04:15:02.6790000 +00:00
b211ec3ea656,Guanandi,5002704.0,50,2026-03-05 19:53:59.7460000 +00:00,2026-03-05 19:53:59.7460000 +00:00
794e071e1957,Residencial Kamel Saad,5006606.0,50,2022-12-12 15:41:56.5760000 +00:00,2022-12-12 15:41:56.5760000 +00:00
2bed342d2279,Senhor divino ,5003306.0,50,2025-03-26 00:44:01.9980000 +00:00,2025-03-26 00:44:01.9980000 +00:00
adfab879cfed,Jardim Aeroporto,5002704.0,50,2025-04-24 19:35:01.4840000 +00:00,2025-04-24 19:35:01.4840000 +00:00
c190016acb5f,Amambaí,5002704.0,50,2022-04-05 17:09:18.5540000 +00:00,2022-04-05 17:09:18.5540000 +00:00
032cdd077a71,Jardim Paulo Coelho Machado,5002704.0,50,2024-09-09 23:39:29.8410000 +00:00,2024-09-09 23:39:29.8410000 +00:00
1660c9d37f14,Vila Julieta,5002704.0,50,2024-10-24 10:34:08.2900000 +00:00,2024-10-24 10:34:40.4850000 +00:00
729712993169,Vila Planalto,5002704.0,50,2021-06-08 12:05:35.0020000 +00:00,2021-06-08 12:05:44.8080000 +00:00
11f3cf64c43c,Jardim Monumento,5002704.0,50,2026-05-19 19:55:42.4140000 +00:00,2026-05-19 19:56:14.6030000 +00:00
e05938d0ccdd,Jardim Monumento,5002704.0,50,2026-05-19 21:30:04.8240000 +00:00,2026-05-19 21:30:04.8240000 +00:00
da7321bb5ac4,jardins das macaúba ,5003256.0,50,2025-06-17 23:00:39.8780000 +00:00,2025-06-17 23:00:39.8780000 +00:00
98a9ca4c1610,Vila Progresso,5002704.0,50,2026-06-28 16:30:22.8280000 +00:00,2026-06-28 16:31:23.2790000 +00:00
6793f9deb6c8,Jardim Canguru,5002704.0,50,2020-11-26 23:46:32.2910000 +00:00,2023-08-17 15:46:40.0210000 +00:00
e605314e6d77,Jardim Itatiaia,5002704.0,50,2024-11-16 01:30:41.9970000 +00:00,2024-11-16 01:30:41.9970000 +00:00
39ce637b11db,Riviera Park,5002704.0,50,2021-12-01 16:16:21.5530000 +00:00,2021-12-01 16:16:21.5530000 +00:00
6096d0d047ea,Jardim Tijuca,5002704.0,50,2022-05-26 17:13:06.0860000 +00:00,2023-03-02 18:44:48.1710000 +00:00
39935a114403,Pioneiros,5002704.0,50,2023-10-31 12:28:18.3930000 +00:00,2023-10-31 12:28:18.3930000 +00:00
9945ff0361f0,Itapoã ,5004700.0,50,2025-12-04 23:43:54.0540000 +00:00,2025-12-04 23:43:54.0540000 +00:00
9d3375abe5aa,Jardim América,5208707.0,52,2024-08-12 21:49:29.9880000 +00:00,2024-08-12 21:49:29.9880000 +00:00
d1fae51f1e47,Vila Nova Campo Grande,5002704.0,50,2021-04-24 20:17:40.3130000 +00:00,2021-04-24 20:17:40.3130000 +00:00
110f53e35014,jardim el paraiso ,5007703.0,50,2023-02-28 21:35:40.8040000 +00:00,2023-02-28 21:35:40.8040000 +00:00
7a39a2059b40,Jardim Rasslem,5003702.0,50,2025-07-03 00:32:06.6800000 +00:00,2025-07-03 00:32:06.6800000 +00:00
b9edc18e6f2c,Jardim dos Estados ,5003207.0,50,2025-08-18 18:52:55.0880000 +00:00,2025-08-18 18:52:55.0880000 +00:00
020b138f926e,Jardim Sayonara,5002704.0,50,2025-02-18 03:05:23.7510000 +00:00,2025-02-18 03:05:23.7510000 +00:00
f1bd465c3f64,Conjunto Habitacional Izidro Pedroso,5003702.0,50,2026-01-01 14:23:50.4560000 +00:00,2026-01-01 14:23:54.1220000 +00:00
930d31e27239,Vila Manoel Taveira,5002704.0,50,2026-01-08 11:40:29.6650000 +00:00,2026-01-08 11:40:29.6650000 +00:00
3527bfefa72a,Carandá Bosque,5002704.0,50,2026-07-02 00:34:07.7920000 +00:00,2026-07-02 00:34:07.7920000 +00:00
21d72ee28cc0,Estoril 3,5007109.0,50,2021-09-11 01:16:18.0530000 +00:00,2021-09-11 01:16:18.0530000 +00:00
66515778c77e,Jardim Centro Oeste,5002704.0,50,2025-04-01 20:54:15.6800000 +00:00,2025-04-01 20:54:15.6800000 +00:00
f39879661212,Flor do cerrado,5003256.0,50,2024-03-26 01:13:00.0040000 +00:00,2024-03-26 01:13:00.0040000 +00:00
42dd75d6c6d4,Conjunto Residencial Octavio Pécora,5002704.0,50,2023-07-09 14:29:45.3810000 +00:00,2023-07-09 14:29:45.3810000 +00:00
4fffaf8647db,Jardim Aeroporto,5002704.0,50,2026-03-09 21:35:42.1830000 +00:00,2026-03-09 21:36:04.1680000 +00:00
ead3497d6f18,Parque Residencial Quinta da Lagoa,5008305.0,50,2023-05-22 16:11:26.9700000 +00:00,2023-05-22 16:11:26.9700000 +00:00
96e6c8cb79a3,Conjunto Habitacional Estrela D'Alva II,5002704.0,50,2025-04-05 15:51:15.5770000 +00:00,2025-04-05 15:51:15.5770000 +00:00
01d19d700531,Jardim Corcovado,5002704.0,50,2024-06-02 05:34:56.9620000 +00:00,2024-06-02 05:34:56.9620000 +00:00
35720eae26ba,jardim primavera 2,5000203.0,50,2024-08-28 21:41:42.4370000 +00:00,2024-08-28 21:41:42.4370000 +00:00
478b76bdc688,Adonai 2,5002407.0,50,2025-04-12 12:02:38.5900000 +00:00,2025-04-12 12:02:38.5900000 +00:00
569e6b47339a,buriti ,5002704.0,50,2025-02-08 17:38:16.4320000 +00:00,2025-02-08 17:38:16.4320000 +00:00
b82efd4c4d09,Núcleo Habitacional Buriti,5002704.0,50,2026-01-07 15:59:37.4550000 +00:00,2026-01-07 15:59:37.4550000 +00:00
9f7f963d939f,Jardim Imá,5002704.0,50,2023-07-26 14:03:35.5600000 +00:00,2023-07-26 14:03:35.5600000 +00:00
51bfcf8c51b0,Jardim Flórida,5003702.0,50,2021-11-05 00:17:37.8260000 +00:00,2021-11-05 00:17:37.8260000 +00:00
7eb7b953d704,Jardim Aero Rancho,5002704.0,50,2022-05-13 14:24:46.3540000 +00:00,2023-04-11 22:54:29.9610000 +00:00
28ceac5ceefb,Jardim Aero Rancho,5002704.0,50,2023-05-27 01:43:16.5510000 +00:00,2023-05-27 01:43:16.5510000 +00:00
76f39f1454e5,Jardim Tarumã,5002704.0,50,2023-01-03 17:06:42.3310000 +00:00,2023-01-03 17:07:25.6010000 +00:00
24aecff2a6f1,Jardim Noroeste,5002704.0,50,2023-12-25 17:55:14.5890000 +00:00,2023-12-25 17:55:14.5890000 +00:00
ddda6ae32aa6,Aldeia Brejão ,5005806.0,50,2022-07-12 13:36:59.5780000 +00:00,2022-07-12 13:36:59.5780000 +00:00
deb8aedb690b,Centro,5000252.0,50,2023-10-03 02:11:08.5050000 +00:00,2023-10-03 02:11:08.5050000 +00:00
d606cc4d0e3d,Guatos ,5003207.0,50,2021-11-25 14:16:06.4820000 +00:00,2021-11-25 14:33:31.1960000 +00:00
491602edb3ac,Guatos,5003207.0,50,2021-11-25 14:11:16.8960000 +00:00,2021-11-25 14:32:36.5820000 +00:00
2c7d46de6f02,Guatos ,5003207.0,50,2021-11-25 14:27:43.5760000 +00:00,2021-11-25 14:27:43.5760000 +00:00
01f29fc1ceca,centro ,5007901.0,50,2024-12-11 04:17:03.7870000 +00:00,2024-12-11 04:17:03.7870000 +00:00
9c51b91972f2,Parque Residencial Rita Vieira,5002704.0,50,2020-07-29 13:19:26.3800000 +00:00,2020-07-29 13:19:26.3800000 +00:00
656dfc9e70b0,Centro (Bálsamo),5007109.0,50,2026-08-02 10:13:30.9910000 +00:00,2026-08-02 10:13:30.9910000 +00:00
c7d8f0b211a9,Chácara dos Poderes,5002704.0,50,2020-05-02 18:33:36.6450000 +00:00,2020-05-02 18:35:50.5270000 +00:00
2c57bbe4e794,Vila Vilas Boas,5002704.0,50,2020-07-23 15:22:43.0990000 +00:00,2020-07-23 15:22:43.0990000 +00:00
c083fc3fb2db,Albuquerque,5003207.0,50,2024-07-17 10:52:55.4000000 +00:00,2024-07-17 10:52:55.4000000 +00:00
5927027c7938,Prudêncio Thomaz,5007208.0,50,2022-09-07 20:03:03.5270000 +00:00,2022-09-07 20:03:03.5270000 +00:00
a43d6d6f4920,Centro,5006408.0,50,2022-07-19 18:44:57.3560000 +00:00,2022-07-19 18:45:27.1960000 +00:00
320bdb0342c4,centro ,3541307.0,35,2025-03-08 09:04:14.9370000 +00:00,2025-03-08 18:50:44.9790000 +00:00
d734472261db,Vila Planalto,5002704.0,50,2022-04-20 14:46:27.0820000 +00:00,2022-04-20 14:46:27.0820000 +00:00
8ee611695296,Vila Margarida,5002704.0,50,2024-10-05 11:06:49.6800000 +00:00,2024-10-05 11:06:49.6800000 +00:00
dfe8eea87b34,alto da figueira,5007901.0,50,2024-07-19 05:52:29.6830000 +00:00,2024-07-19 05:52:29.6830000 +00:00
260f6145d242,Jardim Colúmbia,5002704.0,50,2022-06-17 02:15:35.0880000 +00:00,2022-09-30 22:10:23.7330000 +00:00
b7313749adfe,Jardim Nhanhá,5002704.0,50,2022-08-31 03:43:02.4020000 +00:00,2022-08-31 03:43:02.4020000 +00:00
18ef633aa7ad,Conjunto Habitacional Estrela D'Alva I,5002704.0,50,2025-11-16 19:22:27.5350000 +00:00,2025-11-16 19:22:33.4350000 +00:00
89b2cbb1ed92,Popular Nova,5003207.0,50,2024-02-05 17:25:57.9370000 +00:00,2024-02-05 17:26:27.2420000 +00:00
d5ba7e09d3e4,,5002704.0,50,2025-02-15 03:49:07.7710000 +00:00,2025-02-15 03:49:07.7710000 +00:00
92729e04b938,Portal do Sol,2507507.0,25,2025-02-25 13:34:54.3830000 +00:00,2025-02-25 13:34:54.3830000 +00:00
a4cfc1cd7222,Porto Belo,5005400.0,50,2024-12-04 23:54:24.8810000 +00:00,2024-12-04 23:54:24.8810000 +00:00
88b41043ea3c,Jardim Jacy,5002704.0,50,2025-06-24 14:54:48.0830000 +00:00,2025-06-24 14:54:48.0830000 +00:00
646c33ddad93,Curuçambá,1500800.0,15,2024-07-15 23:44:18.0050000 +00:00,2024-07-15 23:44:18.0050000 +00:00
a358ba02e7c8,Jardim das Esmeraldas,3550308.0,35,2024-07-14 15:12:56.2260000 +00:00,2024-07-14 15:13:56.2340000 +00:00
e03b7920b652,Monte Castelo,5002704.0,50,2026-04-02 03:11:43.5590000 +00:00,2026-04-02 03:12:05.7120000 +00:00
d20799427a65,São Bento ,5007901.0,50,2024-07-05 17:30:37.8600000 +00:00,2024-07-05 17:30:37.8600000 +00:00
69e7e6bf003d,Monte Castelo,5002704.0,50,2021-01-24 10:09:37.9130000 +00:00,2021-01-24 10:12:32.5410000 +00:00
1d1a07107f43,Vila Planalto,5002704.0,50,2025-02-18 18:05:58.0250000 +00:00,2025-02-18 18:05:58.0250000 +00:00
a8eef29993f8,Vila Nossa Senhora das Graças,5002704.0,50,2025-04-01 18:24:01.6410000 +00:00,2025-04-01 18:24:46.3250000 +00:00
d0b984f0a318,Nova Lima,5002704.0,50,2024-07-06 18:35:41.2220000 +00:00,2024-07-06 18:36:27.7700000 +00:00
6368b0ba1d74,Mata do Jacinto,5002704.0,50,2026-05-10 15:29:22.2530000 +00:00,2026-05-10 15:29:22.2530000 +00:00
a42c4d328cc9,Mendes mourão ,5003306.0,50,2024-07-16 20:53:21.9090000 +00:00,2024-07-16 20:53:21.9090000 +00:00
af8a71158c86,Jardim América,5002704.0,50,2022-03-02 14:36:59.5970000 +00:00,2022-03-02 14:37:33.7260000 +00:00
d7b5e443c445,Centro,5006200.0,50,2024-01-15 16:47:01.1800000 +00:00,2024-01-15 16:47:01.1800000 +00:00
0a57adf51714,Santo Antônio,5002704.0,50,2022-08-03 17:30:26.2270000 +00:00,2022-08-03 17:30:26.2270000 +00:00
406f30e7d2a7,Jardim Leblon,5002704.0,50,2021-01-23 22:27:28.5340000 +00:00,2021-01-23 22:27:28.5340000 +00:00
2673b29b7437,Telégrafo Sem Fio,1501402.0,15,2023-04-05 15:21:52.8800000 +00:00,2023-04-05 15:21:52.8800000 +00:00
c7d4a9413590,Jardim Aero Rancho,5002704.0,50,2024-09-05 12:01:46.7420000 +00:00,2024-09-05 12:01:46.7420000 +00:00
e4a73fc9cffc,Vila Brasilino ,5002001.0,50,2022-05-20 02:16:07.6220000 +00:00,2022-05-20 02:20:18.9850000 +00:00
059ddae5dad8,Vila Manoel Taveira,5002704.0,50,2024-11-17 06:41:31.4900000 +00:00,2024-11-17 06:41:31.4900000 +00:00
707607ed5b0e,Parque Alvorada,5003702.0,50,2025-12-04 02:33:39.4730000 +00:00,2025-12-04 02:33:39.4730000 +00:00
bb26532bc579,Centro,5002605.0,50,2022-03-12 02:16:40.0980000 +00:00,2022-03-12 02:16:40.0980000 +00:00
976121787c33,Itapoã ,5004700.0,50,2026-08-13 12:33:34.7490000 +00:00,2026-08-13 12:33:34.7490000 +00:00
b9a3227a1665,Vila Cachoeirinha,5003702.0,50,2021-09-08 03:31:47.3490000 +00:00,2021-09-08 03:31:47.3490000 +00:00
3f036d6aeca3,centro ,5005707.0,50,2021-01-22 16:32:51.7960000 +00:00,2021-01-22 16:32:51.7960000 +00:00
ea7b52e6acc7,Vila Rosa,5003702.0,50,2026-03-20 02:57:52.9330000 +00:00,2026-03-20 02:57:52.9330000 +00:00
31e5507eb219,Santa Lúcia,5006309.0,50,2022-05-21 19:14:08.1310000 +00:00,2022-05-21 19:14:08.1310000 +00:00
4de9c4aa8b25,Vila Jussara,5002704.0,50,2023-12-12 16:17:45.9530000 +00:00,2023-12-12 16:17:45.9530000 +00:00
21e86808fbba,Centro,5006200.0,50,2023-06-16 16:56:19.5670000 +00:00,2023-06-16 16:58:24.4820000 +00:00
99a1e26438b2,Vila Nasser,5002704.0,50,2024-07-14 18:55:00.5260000 +00:00,2024-07-14 18:55:36.7740000 +00:00
448eaab4434f,Jardim Noroeste,5002704.0,50,2026-04-11 15:18:30.2460000 +00:00,2026-04-11 15:18:30.2460000 +00:00
e82d16c8a65f,Jardim Itália,5003454.0,50,2025-03-17 01:04:55.6890000 +00:00,2025-03-17 01:04:55.6890000 +00:00
563a6b78c3d9,centro,5007935.0,50,2023-08-22 01:00:51.5540000 +00:00,2023-08-22 01:00:51.5540000 +00:00
6db0d54a6f85,Monte Castelo,5002704.0,50,2024-01-24 03:19:50.7320000 +00:00,2024-01-24 03:19:50.7320000 +00:00
4184a890b195,Vila Margarida,5002704.0,50,2020-12-22 13:06:17.3900000 +00:00,2020-12-22 13:06:52.7130000 +00:00
177b0244146e,Residencial Jose Teruel Filho,5002704.0,50,2023-12-07 03:17:43.8760000 +00:00,2023-12-07 03:18:37.6700000 +00:00
3830e393c2d6,portal da lagoa,5002704.0,50,2022-05-08 17:17:42.5280000 +00:00,2022-05-08 17:17:42.5280000 +00:00
16c93aea481b,Jardim Vida Nova II,5002704.0,50,2023-07-27 23:40:46.0610000 +00:00,2023-07-27 23:40:46.0610000 +00:00
e57246278c1b,vila 40,5001102.0,50,2023-09-01 20:38:21.2380000 +00:00,2023-09-01 20:38:21.2380000 +00:00
c59dcfb80b28,Jardim Paulista,5002704.0,50,2025-02-24 17:22:55.2210000 +00:00,2025-02-24 17:22:55.2210000 +00:00
855e8dcb273e,Santo Antônio,4125506.0,41,2025-02-04 14:28:25.7520000 +00:00,2025-02-04 14:28:25.7520000 +00:00
aaef9519b88b,Bairro Seminário,5002704.0,50,2024-01-27 01:09:03.0340000 +00:00,2024-01-27 01:09:03.0340000 +00:00
41d188321621,Chácaras Trevo,5003702.0,50,2025-12-17 18:34:52.1340000 +00:00,2025-12-17 18:34:52.1340000 +00:00
f003a5ff05d0,Vila Santo Amaro,5002704.0,50,2025-11-21 23:20:27.7440000 +00:00,2025-11-21 23:21:07.7590000 +00:00
70f8b20a74ca,Jardim Monte Alegre,5002704.0,50,2022-09-05 00:28:05.5900000 +00:00,2022-09-05 00:29:26.0350000 +00:00
6272d1a2887f,Jardins dos Inconfidentes,3140001.0,31,2024-12-08 15:26:54.1690000 +00:00,2024-12-08 15:27:19.0700000 +00:00
56f48da414a0,Jardim das Cerejeiras,5002704.0,50,2024-09-10 12:45:55.3710000 +00:00,2024-09-10 12:45:55.3710000 +00:00
bb0700a8bfaf,Tiradentes,5002704.0,50,2022-04-08 00:41:55.2940000 +00:00,2022-04-08 00:41:55.2940000 +00:00
6551e9db3fcb,Jardim Maringá,5003702.0,50,2021-04-24 08:48:05.3630000 +00:00,2021-04-24 08:48:05.3630000 +00:00
c6cb5dc907c0,Vila Santo Eugênio,5002704.0,50,2024-02-25 10:57:52.4860000 +00:00,2024-02-25 10:58:40.7920000 +00:00
e0abc92f5a46,Vila Cidade Morena,5002704.0,50,2026-04-11 01:49:02.2380000 +00:00,2026-04-11 01:49:02.2380000 +00:00
f5ba641cf448,kamel saad ,5006606.0,50,2025-08-12 01:01:50.2060000 +00:00,2025-08-12 01:02:21.2040000 +00:00
a1ca6ac3b042,Engenho Velho da Federação,2927408.0,29,2024-07-11 16:26:21.8260000 +00:00,2024-07-11 16:26:21.8260000 +00:00
b0f6a19a65ca,Jardim Anache,5002704.0,50,2025-06-14 00:45:30.6890000 +00:00,2025-06-14 00:45:30.6890000 +00:00
d259a7e5c458,jardim ouro verde ,5001243.0,50,2024-06-26 01:15:11.9860000 +00:00,2024-06-26 01:15:11.9860000 +00:00
2f991438d695,Jardim dos Estados,5003702.0,50,2022-09-05 10:05:43.7640000 +00:00,2022-09-05 10:05:43.7640000 +00:00
0ce5a4f401de,Vila Jussara,5002704.0,50,2024-04-23 21:10:16.9880000 +00:00,2024-04-23 21:10:16.9880000 +00:00
cd56e27fa7fc,,5002951.0,50,2023-05-30 00:42:33.0940000 +00:00,2023-05-30 00:42:33.0940000 +00:00
64fc2924dfb8,Éden,3305109.0,33,2025-09-01 13:53:46.7010000 +00:00,2025-09-01 13:53:46.7010000 +00:00
74ac62e149dd,Vila Manoel Taveira,5002704.0,50,2025-05-31 21:39:13.6020000 +00:00,2025-05-31 21:39:13.6020000 +00:00
5131ea6c8dcc,Jardim das palmeiras ,5000203.0,50,2023-06-20 15:55:47.8180000 +00:00,2023-06-22 20:18:39.2990000 +00:00
1b6339e22e8a,Jardim Dourados ,5008305.0,50,2023-06-07 02:38:29.9330000 +00:00,2023-06-07 02:38:29.9330000 +00:00
c6305570c27d,Várzea,3305802.0,33,2024-09-07 04:54:58.0630000 +00:00,2024-09-07 04:55:37.6670000 +00:00
81d56c49f1f5,São silvestre ,4127106.0,41,2024-07-12 19:32:43.7570000 +00:00,2024-07-12 19:32:43.7570000 +00:00
5b72da038910,Vila Moreninha III,5002704.0,50,2024-05-13 12:05:53.3700000 +00:00,2024-05-13 12:05:53.3700000 +00:00
5c9156f91c31,Parque do Sol,5002704.0,50,2023-03-27 17:47:39.8640000 +00:00,2023-03-27 17:47:39.8640000 +00:00
d56117b49905,jardim dos ipês ,5003801.0,50,2025-06-26 00:08:24.5790000 +00:00,2025-06-26 00:08:24.5790000 +00:00
0ae49f48209a,Centro,5002704.0,50,2024-09-05 16:48:04.4420000 +00:00,2024-09-05 16:48:04.4420000 +00:00
045ca68712a6,centro ,5005608.0,50,2024-12-05 20:52:59.1770000 +00:00,2024-12-05 20:52:59.1770000 +00:00
1dacc34b178e,Jardim Independência,5003702.0,50,2025-09-12 15:55:46.6590000 +00:00,2025-09-12 15:55:46.6590000 +00:00
3fb6fb97e562,Jardim Campo Nobre,5002704.0,50,2023-01-19 02:06:23.1070000 +00:00,2023-01-19 02:06:23.1070000 +00:00
a5b22d9c0bdc,chácara das mansões ,5007505.0,50,2026-03-16 18:41:28.8040000 +00:00,2026-03-16 18:41:37.4510000 +00:00
aafe98bb1fea,Guanandi II,5002704.0,50,2025-08-11 19:57:29.6780000 +00:00,2025-08-11 19:57:32.9470000 +00:00
3c3e6cf3ed91,Centro,5008305.0,50,2020-04-17 16:36:10.5010000 +00:00,2020-04-17 16:36:10.5010000 +00:00
65051a2047ad,alto ,5001102.0,50,2025-03-26 15:54:58.4960000 +00:00,2025-03-26 15:56:44.1820000 +00:00
e087b929792c,Pioneiros,5002704.0,50,2022-12-26 17:24:08.5840000 +00:00,2022-12-26 17:24:52.4590000 +00:00
e96e010b5b6f,Vila Santa Luzia,5002704.0,50,2023-03-09 05:14:18.8160000 +00:00,2023-03-09 05:14:18.8160000 +00:00
6ae695c2f965,Vila operária ,5006200.0,50,2022-07-13 19:44:03.2340000 +00:00,2022-07-13 19:44:03.2340000 +00:00
013537f6462d,Santos Dumont II,5008305.0,50,2024-12-09 16:48:07.9100000 +00:00,2024-12-09 16:48:07.9100000 +00:00
47b9c68785ad,Jardim Rasslem,5003702.0,50,2024-11-29 12:21:52.2260000 +00:00,2024-11-29 12:21:52.2260000 +00:00
95c3b5da159a,Jardim Leblon,5002704.0,50,2021-01-23 22:43:53.8170000 +00:00,2021-01-23 22:43:53.8170000 +00:00
bacbe42ef6d9,Jardim Corcovado,5002704.0,50,2024-08-09 17:56:20.9850000 +00:00,2024-08-09 17:56:20.9850000 +00:00
bf23676b2a67,Jardim América 2 ,5006309.0,50,2024-05-28 02:10:47.0700000 +00:00,2024-05-28 02:10:47.0700000 +00:00
efbfe39ad092,Jardim das Paineiras,5008305.0,50,2022-05-10 23:12:41.9960000 +00:00,2022-05-10 23:12:41.9960000 +00:00
b6466f3d0947,Jardim Canguru,5002704.0,50,2023-03-14 16:47:30.6080000 +00:00,2023-03-14 16:47:30.6080000 +00:00
703aa4da20cb,Maria de Lourdes ,5006002.0,50,2025-03-29 13:19:17.4850000 +00:00,2025-03-29 13:19:17.4850000 +00:00
5588422ca5d6,centro,2910602.0,29,2025-02-16 12:54:57.8280000 +00:00,2025-02-16 12:54:57.8280000 +00:00
807e69936369,Bairro da Granja,5006606.0,50,2021-07-01 19:17:24.8090000 +00:00,2021-07-01 19:17:24.8090000 +00:00
91c5c6abccb5,Vila margarida ,5005400.0,50,2025-04-30 18:02:38.3570000 +00:00,2025-04-30 18:02:38.3570000 +00:00
a77b0fdc4fed,Jardim Flórida,5003702.0,50,2024-04-20 16:57:03.1490000 +00:00,2024-04-20 16:57:29.3210000 +00:00
4ec8067378e4,Popular Velha,5003207.0,50,2026-07-16 18:10:38.2300000 +00:00,2026-07-16 18:10:38.2300000 +00:00
d3cb43f57c1c,Jardim Santa Emília,5002704.0,50,2025-03-26 21:48:20.6270000 +00:00,2025-03-26 21:48:20.6270000 +00:00
04f02c315fb6,Esplanada,5003702.0,50,2024-07-06 11:35:18.3230000 +00:00,2024-07-06 11:35:18.3230000 +00:00
59f6ddf66cec,Portal Caiobá II,5002704.0,50,2025-07-30 21:45:47.4880000 +00:00,2025-07-30 21:45:53.5440000 +00:00
113e6640966a,Jardim Nova Capital,5002704.0,50,2024-02-06 20:49:53.5540000 +00:00,2024-02-06 20:49:53.5540000 +00:00
6bbf767d8530,centro,5007976.0,50,2023-03-20 16:14:59.9390000 +00:00,2023-03-20 16:14:59.9390000 +00:00
45b6c51ff453,Jardim Radialista,5002704.0,50,2023-03-31 01:24:01.3970000 +00:00,2023-03-31 01:24:01.3970000 +00:00
ba948af59127,Jardim Novo Horizonte,5003702.0,50,2026-03-10 18:22:47.1240000 +00:00,2026-03-10 18:22:47.1240000 +00:00
0abd8f8a7451,Jardim Guaicurus,5003702.0,50,2023-05-11 20:50:33.8910000 +00:00,2023-05-11 20:50:33.8910000 +00:00
d7fff427f2fd,centro,5007695.0,50,2023-08-22 22:26:56.2070000 +00:00,2023-08-22 22:26:56.2070000 +00:00
d2a1e38b5a85,Bairro Seminário,5002704.0,50,2024-01-15 16:13:37.3870000 +00:00,2024-01-15 16:13:37.3870000 +00:00
ce13cbc6bfd1,sol nascente,5007935.0,50,2021-09-30 20:18:25.8040000 +00:00,2021-09-30 20:18:25.8040000 +00:00
3f7751ca8154,centro,5005152.0,50,2022-11-29 13:18:38.5310000 +00:00,2022-11-29 13:20:45.1120000 +00:00
15bc90fbe0c4,Vila Rosa,5003702.0,50,2022-02-04 19:21:51.6800000 +00:00,2022-02-04 19:21:51.6800000 +00:00
02b92023988e,Jardim Guaicurus,5003702.0,50,2025-04-21 18:48:05.6120000 +00:00,2025-04-21 18:48:13.4970000 +00:00
e7617eb1dc38,Jardim Guaicurus,5003702.0,50,2025-04-21 18:50:29.3050000 +00:00,2025-04-21 18:50:29.3050000 +00:00
0c843436f6cb,Tiradentes,5002704.0,50,2025-02-28 01:50:16.0770000 +00:00,2025-02-28 01:50:16.0770000 +00:00
ec77a19e3daa,assentamento santo Antônio ,5004601.0,50,2025-06-27 16:10:46.7730000 +00:00,2025-06-27 16:11:22.6820000 +00:00
3337faf0a682,Carandá Bosque,5002704.0,50,2023-09-18 23:24:39.7370000 +00:00,2023-09-18 23:24:39.7370000 +00:00
78d7a36e1d23,mista,5005202.0,50,2022-06-27 17:54:32.7460000 +00:00,2022-06-27 17:54:32.7460000 +00:00
cd75a79045d7,Primo Mafissoni,5007695.0,50,2022-04-06 22:33:13.1290000 +00:00,2022-04-06 22:33:13.1290000 +00:00
1632ebe4ea5c,Residencial Ponta Porã II,5006606.0,50,2022-06-17 03:56:21.4140000 +00:00,2026-01-17 03:53:50.0540000 +00:00
ef53e47e8a6c,santo Antônio,5005202.0,50,2021-12-22 01:40:45.2870000 +00:00,2021-12-22 01:41:24.8120000 +00:00
758245de7b2d,João Paulo II,2507507.0,25,2024-11-06 21:07:21.6820000 +00:00,2024-11-06 21:07:21.6820000 +00:00
d091d424e9cb,Parque Residencial Rita Vieira,5002704.0,50,2023-09-29 15:10:32.9970000 +00:00,2023-09-29 15:10:32.9970000 +00:00
0c78c1fccfb8,Tiradentes,5002704.0,50,2024-10-29 19:08:17.7690000 +00:00,2024-10-29 19:11:31.7600000 +00:00
91d2bd1fe511,Jardim Morenão,5002704.0,50,2022-01-17 02:48:25.6110000 +00:00,2022-01-17 02:53:26.9380000 +00:00
ae76685d3cfb,elo perdido II,1500800.0,15,2024-05-25 14:18:27.5090000 +00:00,2024-05-25 14:18:27.5090000 +00:00
fac6dcd1ce95,Gramame,2507507.0,25,2026-02-25 12:51:25.8560000 +00:00,2026-02-25 12:51:25.8560000 +00:00
386b19b95f6c,,5003306.0,50,2020-12-09 22:23:23.7190000 +00:00,2020-12-09 22:23:23.7190000 +00:00
2b696fc81b56,Jardim Tijuca,5002704.0,50,2020-10-28 22:04:55.0320000 +00:00,2023-12-27 19:28:07.3210000 +00:00
bf6ed015a817,Centro,5003702.0,50,2024-05-22 17:28:24.6140000 +00:00,2024-05-22 17:28:24.6140000 +00:00
84e7a5fe2a11,rural,5007901.0,50,2024-02-29 00:23:58.8650000 +00:00,2024-02-29 00:23:58.8650000 +00:00
b910cdc79da7,Cristo Redentor,2507507.0,25,2024-02-29 20:34:47.2840000 +00:00,2024-02-29 20:34:47.2840000 +00:00
490535fbc8f9,Vila Nova Campo Grande,5002704.0,50,2021-07-03 23:31:06.2590000 +00:00,2021-07-05 00:43:00.3680000 +00:00
0e4b7db2a608,,5007695.0,50,2021-11-19 22:00:51.2260000 +00:00,2021-11-19 22:00:51.2260000 +00:00
f317cbd205f4,Jardim Tijuca,5002704.0,50,2024-02-14 22:26:00.0550000 +00:00,2024-02-14 22:26:00.0550000 +00:00
112a35a82493,Aeroclube,2507507.0,25,2021-11-24 14:48:50.5490000 +00:00,2021-11-24 14:48:50.5490000 +00:00
6c32e3538817,Mangabeira,2507507.0,25,2026-01-22 13:38:44.9570000 +00:00,2026-01-22 13:40:34.5450000 +00:00
ae2aa8179129,Mangabeira,2507507.0,25,2025-10-13 12:42:08.9630000 +00:00,2025-10-13 12:42:08.9630000 +00:00
24ae5f4081b4,Aloísio Souto Pinto,2606002.0,26,2021-04-30 05:18:02.5770000 +00:00,2021-04-30 05:18:02.5770000 +00:00
57ec348febd7,Tiradentes,5002704.0,50,2025-05-15 01:42:30.0910000 +00:00,2026-07-18 16:14:48.6990000 +00:00
2061f89b668f,Popular Nova,5003207.0,50,2023-06-01 02:04:28.3660000 +00:00,2023-06-01 02:04:28.3660000 +00:00
2202e80d8bba,Guiomar Soares de Andrade ,5006200.0,50,2023-11-06 23:48:57.5290000 +00:00,2023-11-06 23:48:57.5290000 +00:00
1a1ce2afc0a7,Jardim das Violetas,5008305.0,50,2024-11-25 16:26:49.5330000 +00:00,2024-11-25 16:29:54.3690000 +00:00
97abe8d0e5fa,Jardim Uirapuru,5002704.0,50,2021-02-17 23:42:19.8490000 +00:00,2021-02-17 23:42:19.8490000 +00:00
15c53c10a2f0,Cuiá,2507507.0,25,2023-08-22 02:47:30.8490000 +00:00,2023-08-22 02:47:30.8490000 +00:00
cdb28940e661,Ernesto Geisel,2507507.0,25,2025-07-03 11:27:09.4840000 +00:00,2025-07-03 11:27:09.4840000 +00:00
d265e2e21436,Coophamat,5002704.0,50,2022-04-05 04:28:06.8820000 +00:00,2022-04-05 04:28:06.8820000 +00:00
e6744395be94,Santa Fé,5002704.0,50,2021-04-11 23:34:20.5640000 +00:00,2021-04-11 23:34:33.6400000 +00:00
7e6138bde634,Durval Andrade filho ,5006200.0,50,2024-08-08 20:43:21.2230000 +00:00,2024-08-08 20:43:21.2230000 +00:00
2ebcff13b513,Cerâmica,3303500.0,33,2023-08-18 20:53:04.4780000 +00:00,2023-08-18 20:53:39.8720000 +00:00
7c6402c25169,Aldeia Jaguapiru,5003702.0,50,2025-08-19 03:32:37.8980000 +00:00,2025-08-19 03:32:37.8980000 +00:00
fa70a4b12c40,senhor divino,5003306.0,50,2024-07-06 17:14:33.6050000 +00:00,2024-07-06 17:14:33.6050000 +00:00
4810484e38d1,Nova Rio Brilhante ,5007208.0,50,2024-11-01 14:08:04.6910000 +00:00,2024-11-01 14:08:04.6910000 +00:00
49d7bb267854,Vila Ferroviária III,5006606.0,50,2023-12-31 04:58:36.8770000 +00:00,2023-12-31 04:58:36.8770000 +00:00
72bc6b234722,Granja Lisboa,2303709.0,23,2024-05-17 14:53:19.8630000 +00:00,2024-05-17 14:53:19.8630000 +00:00
20b1f7243527,BAIRO ALTO,5002605.0,50,2024-11-05 22:06:23.3130000 +00:00,2024-11-05 22:06:23.3130000 +00:00
77de5951fff1,pioneiro ,5002704.0,50,2025-02-24 12:31:44.8210000 +00:00,2025-02-24 12:31:44.8210000 +00:00
f9140ebd7438,Fleck,5005681.0,50,2025-04-12 05:50:42.8680000 +00:00,2025-04-12 05:50:42.8680000 +00:00
4f67f6ffb30d,Vila Vilas Boas,5002704.0,50,2025-03-26 13:29:29.9700000 +00:00,2025-03-26 13:29:29.9700000 +00:00
642ddc428c69,Jardim Gramado ,5007695.0,50,2025-01-05 18:51:05.9930000 +00:00,2025-01-05 18:51:05.9930000 +00:00
b9663402deac,Vila Olinda,5002704.0,50,2025-10-22 05:40:31.1580000 +00:00,2025-10-22 05:40:43.4720000 +00:00
5bae5b21ddbf,Vila Olinda,5002704.0,50,2025-04-18 22:34:45.3120000 +00:00,2025-04-18 22:34:45.3120000 +00:00
bf9f3f408429,Centro ,5006903.0,50,2024-08-15 22:09:33.5970000 +00:00,2024-08-15 22:09:33.5970000 +00:00
f1bf29d5e8b3,São Joaquim ,5007109.0,50,2025-03-08 18:39:18.4380000 +00:00,2025-03-08 18:39:18.4380000 +00:00
384be971d524,SETSUL,5008305.0,50,2024-05-27 22:01:12.8110000 +00:00,2024-05-27 22:01:12.8110000 +00:00
273c8640beb4,Gramame,2507507.0,25,2026-04-29 12:08:02.8220000 +00:00,2026-04-29 12:08:02.8220000 +00:00
1d532ee21a60,Chácara Castelo I,5003702.0,50,2025-06-09 15:38:15.4880000 +00:00,2025-06-09 15:38:15.4880000 +00:00
31c61b29f840,São Mateus,3305109.0,33,2024-05-27 14:31:49.7640000 +00:00,2024-05-27 14:31:49.7640000 +00:00
0d30fef72b14,Jardim Primor,5006606.0,50,2024-09-25 18:12:45.0350000 +00:00,2024-09-25 18:12:45.0350000 +00:00
246ada41b4bb,Jardim Esplanada,3525904.0,35,2021-01-23 19:02:33.2030000 +00:00,2021-01-23 19:04:21.7200000 +00:00
aeaebbc7410e,boa esperança ,5005202.0,50,2022-01-11 15:55:34.2880000 +00:00,2022-01-11 15:55:34.2880000 +00:00
dd9996a6ec01,bnh ,4124053.0,41,2024-12-04 19:46:47.0800000 +00:00,2024-12-04 19:46:47.0800000 +00:00
1d156da53c66,Paulista,3200904.0,32,2024-03-21 00:25:33.9030000 +00:00,2024-03-21 00:25:33.9030000 +00:00
55dd549e7458,Vila Progresso,5002704.0,50,2025-01-02 20:25:45.0140000 +00:00,2025-01-02 20:25:45.0140000 +00:00
dc4a5364feb7,,3304557.0,33,2023-02-04 15:55:49.5100000 +00:00,2023-02-04 15:55:49.5100000 +00:00
8d4e777aaa72,Santa Cruz,2927408.0,29,2024-07-16 21:36:05.2020000 +00:00,2024-07-16 21:36:05.2020000 +00:00
c8a0feecd0c0,Monte Castelo,5002704.0,50,2024-08-28 14:59:48.0500000 +00:00,2024-08-28 14:59:48.0500000 +00:00
60636e7ceb22,Souza,1501402.0,15,2023-11-28 19:49:32.0220000 +00:00,2023-11-28 19:49:32.0220000 +00:00
e0b015672556,São Gonçalo,3140001.0,31,2024-10-23 01:41:45.5840000 +00:00,2024-10-23 01:44:57.3710000 +00:00
e100276d1891,Roberto correia de Araújo ,2709301.0,27,2023-06-06 08:58:32.3090000 +00:00,2023-06-06 08:58:32.3090000 +00:00
c429ddfb3849,Jardim Alvorada,3303500.0,33,2024-05-17 15:09:58.1200000 +00:00,2024-05-17 15:09:58.1200000 +00:00
5dce2f701286,Águas Brancas,1500800.0,15,2023-04-25 00:12:54.9640000 +00:00,2023-04-25 00:31:02.9650000 +00:00
3619d5a21498,Coopharádio,5002704.0,50,2026-07-17 15:12:48.0110000 +00:00,2026-07-17 15:14:21.7000000 +00:00
0a774374767b,Jardim Santa Lucrécia,3550308.0,35,2024-01-12 16:15:37.7560000 +00:00,2024-01-12 16:15:37.7560000 +00:00
2e0567f258f4,Sacramenta,1501402.0,15,2024-08-11 02:35:00.5350000 +00:00,2024-08-11 02:35:00.5350000 +00:00
df4c70846da2,,5003702.0,50,2023-03-28 14:08:11.0950000 +00:00,2023-03-28 14:08:11.0950000 +00:00
58748fed2d8c,padre Cícero ,2512705.0,25,2024-10-29 22:32:13.0730000 +00:00,2024-10-29 22:32:13.0730000 +00:00
7ee158c7525d,Parque Planalto,3550308.0,35,2023-01-14 23:25:03.3250000 +00:00,2023-01-14 23:25:03.3250000 +00:00
2af025c22ec4,Jardim Nova Bandeirantes,5001508.0,50,2026-03-25 19:30:11.0810000 +00:00,2026-03-25 19:30:11.0810000 +00:00
45a725c1cdd8,Espatodia ,5002951.0,50,2025-08-17 18:38:56.2970000 +00:00,2025-08-17 18:45:24.3760000 +00:00
f66546c22ce5,Carandá Bosque,5002704.0,50,2021-06-10 17:39:14.8760000 +00:00,2021-06-10 17:39:14.8760000 +00:00
83188e6c0ec0,Serra Da Abelha I,4219358.0,42,2023-04-26 13:04:59.0300000 +00:00,2023-04-26 13:04:59.0300000 +00:00
ee02ace52dbb,Vila Nova,5003157.0,50,2021-12-11 16:19:37.9410000 +00:00,2021-12-11 16:19:37.9410000 +00:00
bcb08617a856,Jardim Noroeste,5002704.0,50,2022-03-29 17:56:11.9000000 +00:00,2022-03-29 17:56:11.9000000 +00:00
badada1a6e86,Renascer,2503209.0,25,2024-09-12 13:00:16.8470000 +00:00,2024-09-12 13:00:16.8470000 +00:00
4bcc3c40d194,Vila Nova,4127700.0,41,2022-10-22 15:43:46.6250000 +00:00,2022-10-22 18:11:17.7170000 +00:00
da7b7c139957,Novo Oeste II,5008305.0,50,2024-03-12 15:07:11.5580000 +00:00,2024-03-12 15:07:11.5580000 +00:00
56d2037ce6b4,Vila Nova de Colares,3205002.0,32,2024-09-26 18:06:43.9180000 +00:00,2024-09-26 18:06:43.9180000 +00:00
1141fed03da4,Vila Rosali,3305109.0,33,2025-06-26 10:42:17.9900000 +00:00,2025-06-26 10:42:17.9900000 +00:00
85fac7bab011,Altos do Indaiá,5003702.0,50,2026-01-09 10:07:05.5220000 +00:00,2026-01-09 10:10:56.0270000 +00:00
e08ec280f947,Vila Giocondo Orsi,5002704.0,50,2021-12-05 17:32:13.3500000 +00:00,2021-12-05 17:32:13.3500000 +00:00
80a601ad9151,Santo Antônio,5002704.0,50,2024-02-27 19:56:14.4760000 +00:00,2024-02-27 19:56:14.4760000 +00:00
3355531739e2,Cuiá,2507507.0,25,2024-01-29 03:47:47.7200000 +00:00,2024-01-29 03:47:47.7200000 +00:00
419cb8c6715b,Jardim Márcia,5003702.0,50,2025-12-12 12:30:56.6500000 +00:00,2025-12-12 12:32:26.2710000 +00:00
82b7e57fa387,Vila Sion,3143302.0,31,2025-06-25 21:34:32.3690000 +00:00,2025-06-25 21:34:32.3690000 +00:00
1e21f2a75fef,Jardim Bela Vista,5002704.0,50,2022-02-07 17:16:22.0970000 +00:00,2022-02-07 17:16:22.0970000 +00:00
7e051ad4d81f,Fazenda Grande do Retiro,2927408.0,29,2025-11-09 15:12:49.3310000 +00:00,2025-11-09 15:12:49.3310000 +00:00
e9fcc3bf60eb,Conjunto Habitacional Santiago,4122404.0,41,2024-10-08 00:52:29.1280000 +00:00,2024-10-08 00:52:29.1280000 +00:00
5c7e714d92cf,Jardim das Nações,5002704.0,50,2024-11-26 11:47:40.4960000 +00:00,2024-11-26 11:47:40.4960000 +00:00
cc46c455f9e4,Coophasul,5002704.0,50,2024-03-23 01:40:06.7940000 +00:00,2024-03-23 01:44:14.7880000 +00:00
07de2241d165,JD Acapulco ,5001904.0,50,2023-08-01 21:59:33.6380000 +00:00,2023-08-01 21:59:38.7080000 +00:00
64939d61faf6,Bosque de Ponta Porã,5006606.0,50,2024-09-23 11:57:56.8760000 +00:00,2024-09-23 11:57:56.8760000 +00:00
43c7bfef543f,Jardim dos Estados,5002704.0,50,2026-03-03 18:22:35.5600000 +00:00,2026-03-03 18:22:35.5600000 +00:00
fbf8da5c4ff2,Tiradentes,5002704.0,50,2026-02-12 14:11:50.6590000 +00:00,2026-02-12 14:11:50.6590000 +00:00
f13599c45a8b,Santa Luzia,5008305.0,50,2023-11-30 13:41:09.6760000 +00:00,2023-11-30 13:41:09.6760000 +00:00
f3c1be6fce8e,Planalto,5002951.0,50,2025-06-18 18:11:26.6810000 +00:00,2025-06-18 18:12:12.9830000 +00:00
6116ee65c0be,centro,5005707.0,50,2024-02-19 13:46:47.1000000 +00:00,2024-02-19 13:46:47.1000000 +00:00
fbda685b9821,Vila Santa Luzia,5002704.0,50,2022-05-26 22:34:19.0110000 +00:00,2022-05-26 22:34:19.0110000 +00:00
5ff7878f9242,Monte Castelo,5002704.0,50,2021-03-31 17:55:17.5170000 +00:00,2021-03-31 17:55:25.8670000 +00:00
7f2e14bdf442,Jardim das Acácias,5008305.0,50,2024-07-26 18:16:21.9910000 +00:00,2024-07-26 18:16:21.9910000 +00:00
e97721e7e36e,Residencial Hidalgo,5003801.0,50,2024-03-08 01:50:53.4990000 +00:00,2024-03-08 01:50:53.4990000 +00:00
7c19feb7124b,Gramame,2507507.0,25,2024-06-15 13:38:12.8800000 +00:00,2024-06-15 13:38:12.8800000 +00:00
e063973189a4,Santa Rita,3303500.0,33,2026-06-09 13:48:37.3400000 +00:00,2026-06-09 13:48:37.3400000 +00:00
117c7b918e5e,Vila Bandeirante,5002704.0,50,2022-12-20 10:28:41.6100000 +00:00,2022-12-20 10:28:49.4400000 +00:00
160cb6c7076e,centro ,5003306.0,50,2021-01-27 00:04:02.6690000 +00:00,2021-01-27 00:11:35.3010000 +00:00
0804c3bac06a,esplanada 1,5002951.0,50,2024-05-14 12:33:25.1970000 +00:00,2024-05-14 12:33:25.1970000 +00:00
1876ed6b6c58,Parque Residencial Rita Vieira,5002704.0,50,2022-08-29 11:20:36.6430000 +00:00,2022-08-29 11:20:36.6430000 +00:00
536cd08aa174,Jardim São Lourenço,5002704.0,50,2021-01-23 18:37:24.6160000 +00:00,2021-01-23 18:37:24.6160000 +00:00
e5c3b43fda5d,Jardim América,5003702.0,50,2022-03-21 15:52:26.9300000 +00:00,2022-03-21 15:52:26.9300000 +00:00
20cc8db048de,Amambaí,5002704.0,50,2021-02-04 02:10:19.2180000 +00:00,2025-05-12 21:40:36.6070000 +00:00
be9c7a09fe14,São Jacinto,3168606.0,31,2024-12-12 20:48:40.8710000 +00:00,2024-12-12 20:48:40.8710000 +00:00
bf1090caaffe,Jardim Novo Horizonte,5003702.0,50,2024-03-24 23:48:25.9580000 +00:00,2024-03-24 23:49:00.0020000 +00:00
29fa42d7e077,Conjunto Habitacional Izidro Pedroso,5003702.0,50,2024-04-11 19:28:32.3760000 +00:00,2024-04-11 19:28:32.3760000 +00:00
d31c34900de6,Jardim Jacy ,5002704.0,50,2023-06-20 15:43:28.3950000 +00:00,2023-06-20 15:43:28.3950000 +00:00
df8664876110,Bangu,3304557.0,33,2023-07-28 03:09:01.3270000 +00:00,2023-07-28 03:09:01.3270000 +00:00
4ef23daca25f,Ipanema,5004502.0,50,2022-02-18 21:06:36.0710000 +00:00,2022-02-18 21:06:36.0710000 +00:00
f7355fae56cb,cabeçuda ,4209409.0,42,2024-10-25 22:56:28.6760000 +00:00,2024-10-25 22:56:28.6760000 +00:00
a267b391bd23,Parque dos Poderes,5002704.0,50,2023-01-26 13:44:27.7410000 +00:00,2023-02-01 22:49:29.7590000 +00:00
90f7b3145d85,Cosmos,3304557.0,33,2024-04-19 15:09:16.5780000 +00:00,2024-04-19 15:09:16.5780000 +00:00
5f36b77f660a,centro,5005707.0,50,2024-06-12 21:15:24.5920000 +00:00,2024-06-12 21:15:24.5920000 +00:00
43484fbc069b,Jardim Tropical,5002704.0,50,2021-09-10 00:20:59.6370000 +00:00,2021-09-10 00:22:06.2990000 +00:00
a2d4ad191090,Jardim Samambaia ,5006309.0,50,2023-10-10 03:52:45.1160000 +00:00,2023-10-10 03:52:53.6220000 +00:00
cb5b9f03176b,Conjunto frei Damião ,2414407.0,24,2024-08-01 07:11:14.8870000 +00:00,2024-08-01 07:11:14.8870000 +00:00
1d2eb08f558c,Linha,2608909.0,26,2022-11-18 21:10:52.7740000 +00:00,2022-11-18 21:11:30.2990000 +00:00
7e53dff23410,Ramos,3304557.0,33,2024-01-29 01:48:13.8580000 +00:00,2024-01-29 01:48:13.8580000 +00:00
4445af76fdc1,Cohafaba II Plano,5003702.0,50,2025-04-03 17:58:00.9010000 +00:00,2025-04-03 17:58:00.9010000 +00:00
83e21ed97578,Vila Taveirópolis,5002704.0,50,2024-11-30 13:21:24.8770000 +00:00,2024-11-30 13:21:27.1830000 +00:00
1e5a423ec803,Centro,5005202.0,50,2025-06-11 01:01:32.8820000 +00:00,2025-06-11 01:01:32.8820000 +00:00
430f1ac8082f,Centro,5003207.0,50,2021-06-22 04:23:48.9020000 +00:00,2021-06-22 04:23:48.9020000 +00:00
095a9929ed31,centro ,5004502.0,50,2024-01-03 01:08:05.7850000 +00:00,2024-01-03 01:08:05.7850000 +00:00
05c47f20cf96,Vila Margarida,5002704.0,50,2021-01-27 00:14:58.4720000 +00:00,2021-01-27 00:14:58.4720000 +00:00
41e2dd2cf7a0,Centro ,5006309.0,50,2023-04-23 16:13:35.9580000 +00:00,2023-04-23 16:13:35.9580000 +00:00
d7ec728e93d0,Loteamento Élisson Prieto,3170206.0,31,2025-02-12 13:12:34.4640000 +00:00,2025-02-12 13:12:34.4640000 +00:00
3c2e10df1515,Vivendas do Parque,5002704.0,50,2023-05-13 14:34:18.4820000 +00:00,2023-05-13 14:34:18.4820000 +00:00
9e9b282b38a2,Vila Base Aérea,5002704.0,50,2022-01-13 15:13:26.1250000 +00:00,2022-01-13 15:13:26.1250000 +00:00
7843d0e324c1,Vila Santa Maria ,5001904.0,50,2024-04-15 12:57:13.6710000 +00:00,2024-04-15 12:57:13.6710000 +00:00
d4245c177513,BNH ,5005400.0,50,2024-09-30 11:29:36.0670000 +00:00,2024-09-30 11:29:36.0670000 +00:00
d70211a3b592,Gramame,2507507.0,25,2024-12-05 15:45:58.7040000 +00:00,2024-12-05 15:45:58.7040000 +00:00
2eecb1be6f51,sucupira,5002951.0,50,2023-06-06 17:28:09.4250000 +00:00,2023-06-06 17:28:09.4250000 +00:00
1f1172ae819e,Gramame,2507507.0,25,2025-11-07 16:46:05.9430000 +00:00,2025-11-07 16:46:05.9430000 +00:00
13bb856adf14,Bancários,3304557.0,33,2024-07-09 17:03:37.1750000 +00:00,2024-07-09 17:03:45.2290000 +00:00
7d5e1d7d2735,Área Rural de Mundo Novo,5005681.0,50,2026-03-11 13:18:36.5880000 +00:00,2026-03-11 13:18:36.5880000 +00:00
8d5ef5d36842,Gramame,2507507.0,25,2024-04-08 16:40:28.4440000 +00:00,2024-04-08 16:42:10.7230000 +00:00
3540f367217d,Pq Estoril 4,5007109.0,50,2021-01-30 06:06:44.2780000 +00:00,2021-01-30 06:07:13.5250000 +00:00
b96ddde61751,vila Neves ,3139003.0,31,2023-07-07 17:17:12.6390000 +00:00,2023-07-07 17:19:05.8300000 +00:00
6e5d4c4ab76d,Tijuca,3304557.0,33,2023-06-29 14:00:10.5130000 +00:00,2023-06-29 14:00:10.5130000 +00:00
305a93b61b1b,Almirante tamandare ,5005202.0,50,2024-10-23 00:10:46.7750000 +00:00,2025-09-21 21:28:35.8570000 +00:00
9770b686269b,Nossa Senhora Aparecida,5008305.0,50,2025-02-06 21:06:26.3650000 +00:00,2025-02-06 21:07:58.7260000 +00:00
4cf208515c28,Tiradentes,5002704.0,50,2025-02-06 09:37:19.6900000 +00:00,2025-02-06 09:37:19.6900000 +00:00
130fc8419a38,Vila Giocondo Orsi,5002704.0,50,2020-05-07 18:21:42.8240000 +00:00,2020-05-07 18:21:42.8240000 +00:00
f521e6fb0531,Rames Tebet ,5003256.0,50,2024-04-18 15:30:56.7870000 +00:00,2024-04-18 15:30:56.7870000 +00:00
151b13c4da0b,Vila Moreninha I,5002704.0,50,2021-04-22 22:07:53.7980000 +00:00,2021-04-22 22:07:53.7980000 +00:00
7d77e16c5825,Jardim Real,3541307.0,35,2020-11-23 21:16:04.5680000 +00:00,2021-12-03 05:00:25.2930000 +00:00
c0190a75dbc2,Bairro Rio grande,3121605.0,31,2024-11-06 13:44:42.6020000 +00:00,2024-11-06 13:44:42.6020000 +00:00
a7a8443f70c0,Gramame ,2507507.0,25,2024-08-21 16:31:23.0440000 +00:00,2024-08-21 16:31:23.0440000 +00:00
df8dfc8d2411,Mangabeira,2507507.0,25,2024-09-16 19:53:04.0720000 +00:00,2024-09-16 19:53:04.0720000 +00:00
ad7a2f1a1c1c,Jardim América,5002704.0,50,2021-01-24 23:52:23.1400000 +00:00,2021-01-24 23:52:23.1400000 +00:00
cd0da6d99bfe,Mumbaba,2507507.0,25,2026-03-21 14:17:03.9990000 +00:00,2026-03-21 14:17:03.9990000 +00:00
520461f944bc,Aragarça,4113700.0,41,2026-07-21 00:25:02.8470000 +00:00,2026-07-21 00:25:02.8470000 +00:00
8d54653a2f44,praia do saco ,3302601.0,33,2024-10-15 11:15:06.0670000 +00:00,2024-10-15 11:15:06.0670000 +00:00
24af6a334448,Parque dos Novos Estados,5002704.0,50,2023-07-17 16:50:38.9720000 +00:00,2023-07-17 16:50:38.9720000 +00:00
00a43e1dd06e,Vila Vilas Boas,5002704.0,50,2024-03-18 13:38:17.1650000 +00:00,2024-03-18 13:38:17.1650000 +00:00
cc309e7d969f,Sobrinho,5002704.0,50,2024-03-01 13:36:38.5090000 +00:00,2024-03-01 13:36:38.5090000 +00:00
5b9df5285d5b,Aeroporto,5003207.0,50,2021-06-30 12:55:09.0020000 +00:00,2021-06-30 12:55:09.0020000 +00:00
5a83ceb6e93a,Jardim São Pedro,5003702.0,50,2023-05-12 17:41:47.6190000 +00:00,2023-05-12 17:41:47.6190000 +00:00
fd4bb274d83c,Jardim Independência,5003702.0,50,2025-02-26 18:33:39.5310000 +00:00,2025-02-26 18:35:42.1780000 +00:00
97c690213f0b,Centro,5002704.0,50,2020-12-08 19:46:54.5100000 +00:00,2020-12-08 19:46:54.5100000 +00:00
bf62c7175176,Vila Antunes,5002704.0,50,2021-01-04 13:51:43.7610000 +00:00,2021-01-04 13:51:43.7610000 +00:00
1d03fa622b65,Parque Residencial Iracy Coelho Netto,5002704.0,50,2020-04-26 17:42:42.6380000 +00:00,2020-04-26 17:42:42.6380000 +00:00
89a66a0c4fc3,Parque dos Novos Estados,5002704.0,50,2023-03-06 17:40:43.7500000 +00:00,2023-03-06 17:40:43.7500000 +00:00
d720316a8c64,Centro,5002704.0,50,2021-09-15 22:16:38.0470000 +00:00,2021-09-15 22:16:38.0470000 +00:00
ef63f398cbef,Vila Piratininga,5002704.0,50,2022-10-25 21:35:07.0880000 +00:00,2022-10-25 21:35:07.0880000 +00:00
12e9dcc73336,Residencial Ponta Porã II,5006606.0,50,2022-03-09 12:06:45.3040000 +00:00,2022-03-09 12:08:55.9120000 +00:00
5b9ea81bc58b,Velha,4202404.0,42,2023-07-24 11:18:14.9510000 +00:00,2023-07-24 11:18:14.9510000 +00:00
47bf779bc2da,Gramame,2507507.0,25,2026-02-11 19:00:41.6650000 +00:00,2026-02-11 19:00:41.6650000 +00:00
ef4706433a66,Leandro correia ,5008008.0,50,2024-04-22 20:35:10.0150000 +00:00,2024-04-22 20:36:43.2770000 +00:00
c11cb172b83e,jabs Gonzaga ,2605400.0,26,2025-03-31 20:27:07.5900000 +00:00,2025-03-31 20:27:43.6900000 +00:00
a0c7a4580556,Muçumagro,2507507.0,25,2024-07-29 23:39:19.3540000 +00:00,2024-07-29 23:39:59.6120000 +00:00
1621ecac8ba9,Panambi Vera,5003702.0,50,2023-05-28 17:56:56.6310000 +00:00,2023-05-28 17:57:44.8820000 +00:00
69a512e87c3a,Monte Castelo,5002704.0,50,2021-04-13 16:36:35.0460000 +00:00,2021-04-13 16:36:35.0460000 +00:00
5c79f943075b,Planalto Treze de Maio,2408003.0,24,2024-07-14 18:45:01.3280000 +00:00,2024-07-14 18:45:20.3330000 +00:00
f80eca2acf22,Jardim Caramuru,5003702.0,50,2023-09-24 20:23:44.7340000 +00:00,2023-09-24 20:23:48.7070000 +00:00
130b949eed6d,Mata do Jacinto,5002704.0,50,2020-10-28 15:56:41.7770000 +00:00,2020-10-28 15:56:41.7770000 +00:00
edef1470c934,Universitário,5003207.0,50,2020-11-24 16:00:53.3320000 +00:00,2020-11-24 16:00:53.3320000 +00:00
4ed326857b4a,Bonjardim,5002704.0,50,2021-05-28 10:21:38.8430000 +00:00,2021-05-28 10:21:38.8430000 +00:00
3114f3b9efb6,Amambaí,5002704.0,50,2021-06-18 01:43:29.2830000 +00:00,2021-06-18 01:43:35.1970000 +00:00
39293b48b93d,Varjão,2507507.0,25,2024-06-04 18:25:46.2680000 +00:00,2024-06-04 18:25:46.4610000 +00:00
d23fd7c001c5,Carandá Bosque,5002704.0,50,2021-01-21 15:09:16.9030000 +00:00,2021-01-21 15:09:16.9030000 +00:00
222eb001fb77,Carandá Bosque,5002704.0,50,2021-01-26 22:54:02.9560000 +00:00,2021-01-26 22:54:03.0310000 +00:00
2d966b9926f1,Palmeiras,5003488.0,50,2024-11-29 18:53:33.8760000 +00:00,2026-02-12 14:07:36.5330000 +00:00
b963dde95768,Vila Moreninha III,5002704.0,50,2023-08-08 18:52:52.8550000 +00:00,2023-08-08 18:52:52.8550000 +00:00
0aac033f217a,Jd Ouro Verde ,5005806.0,50,2021-10-02 12:12:18.5860000 +00:00,2021-11-12 10:40:38.5490000 +00:00
ae65cf944351,Vila Novo Horizonte ,5000708.0,50,2020-10-03 01:54:55.1350000 +00:00,2020-10-03 01:54:55.1350000 +00:00
2452f1803b01,Parque Santa Marta,3548906.0,35,2025-05-24 19:29:50.6330000 +00:00,2025-05-24 19:38:49.3400000 +00:00
89f175e4af51,Centro ,5006275.0,50,2024-08-16 19:46:45.6880000 +00:00,2024-08-16 19:46:53.1960000 +00:00
ca35059b0616,Carandá Bosque,5002704.0,50,2021-01-13 22:21:42.4610000 +00:00,2021-01-13 22:21:42.4610000 +00:00
1ad168c5c1a7,rural,5007406.0,50,2024-04-03 19:40:53.7090000 +00:00,2024-04-03 19:40:53.7090000 +00:00
82ed16f2f9b6,Cristo Rei ,5006200.0,50,2023-03-06 13:31:28.5300000 +00:00,2023-03-06 13:31:28.5300000 +00:00
688b0acd4663,Gramame,2507507.0,25,2026-02-03 13:56:10.5380000 +00:00,2026-02-03 13:56:10.5380000 +00:00
d643ff14c5bd,São Mateus,3136702.0,31,2023-08-03 01:49:33.4420000 +00:00,2023-08-03 01:49:33.4420000 +00:00
73123d3b80e0,Santa Fé,5003702.0,50,2026-07-18 17:18:46.4310000 +00:00,2026-07-18 17:18:46.4310000 +00:00
509b79809519,Vila Marli,5002704.0,50,2020-04-28 02:47:44.9280000 +00:00,2020-04-28 02:47:44.9280000 +00:00
e974e4cbd6c4,Parque Residencial Rita Vieira,5002704.0,50,2023-09-25 20:49:04.8350000 +00:00,2025-01-16 21:13:05.7810000 +00:00
517cef81e3a4,Mangabeira,2507507.0,25,2024-02-28 11:35:55.9740000 +00:00,2024-02-28 11:38:54.9660000 +00:00
b54c9c5e86af,Esplanada 1,5002951.0,50,2024-03-26 12:57:32.0020000 +00:00,2024-05-01 22:06:34.4570000 +00:00
f4723d778079,Residencial Vida Nova III,5002704.0,50,2024-11-26 18:08:47.5920000 +00:00,2025-05-01 01:57:54.6910000 +00:00
e3bbfdd55cbc,Jardim Catarina,3304904.0,33,2026-05-20 13:40:42.1780000 +00:00,2026-05-20 13:40:42.1780000 +00:00
0d5373346adb,Gramame,2507507.0,25,2025-10-02 18:45:39.1580000 +00:00,2025-10-02 18:45:39.1580000 +00:00
9afdd22bed57,Ernani Sátiro,2507507.0,25,2024-09-16 22:40:43.7770000 +00:00,2024-09-16 22:49:30.0700000 +00:00
21a3eacde8ef,São Joaquim,2211001.0,22,2021-01-22 15:06:21.9120000 +00:00,2021-01-22 15:10:29.0570000 +00:00
d8f561b6dbcd,Centro,5005707.0,50,2025-09-01 19:49:41.6040000 +00:00,2025-09-01 19:49:41.6040000 +00:00
5d2652f0f773,Renascer,2503209.0,25,2024-09-12 13:19:21.5680000 +00:00,2024-09-12 13:19:21.5680000 +00:00
19bea3cce5ee,João Paulo II,2507507.0,25,2024-02-06 13:03:42.2380000 +00:00,2024-02-06 13:04:15.4210000 +00:00
d621821a7e45,Da Luz,3303500.0,33,2026-01-20 03:07:19.5190000 +00:00,2026-01-20 03:07:54.5430000 +00:00
4f25aa9064f0,Colinas do Sul Gramame - João Pessoa PB ,2507507.0,25,2025-04-01 13:23:19.7130000 +00:00,2025-04-01 13:23:19.7130000 +00:00
5357d85483f3,Cristo Redentor ,2507507.0,25,2026-03-21 14:42:12.6300000 +00:00,2026-03-21 14:42:12.6300000 +00:00
8fca7a9c32f6,Gramame,2507507.0,25,2025-03-15 13:38:31.6890000 +00:00,2025-03-15 13:38:31.6890000 +00:00
30c1000a48e9,Bancários,2507507.0,25,2023-10-11 13:40:00.6170000 +00:00,2023-10-11 13:40:08.2220000 +00:00
80624ef34f4e,Cidade de Deus,3304557.0,33,2024-03-06 22:26:44.5860000 +00:00,2024-03-06 22:26:44.5860000 +00:00
722ef8a594d4,Vila Palmira,5002704.0,50,2024-02-17 14:51:59.1560000 +00:00,2024-02-17 14:51:59.1560000 +00:00
8d8bbbd58d22,Santo Antônio,5002704.0,50,2022-07-05 22:46:18.8620000 +00:00,2022-07-05 22:49:09.6810000 +00:00
e18346ab35c1,Tubiacanga,3304557.0,33,2024-04-12 16:42:41.5100000 +00:00,2024-04-12 16:42:41.5100000 +00:00
9ad679ffc01d,centro ,5003256.0,50,2021-01-23 19:41:33.1200000 +00:00,2021-01-23 19:41:33.1200000 +00:00
2db5fedcf3bf,Jardim dos Estados,5002704.0,50,2022-04-06 23:32:16.7150000 +00:00,2022-04-06 23:32:16.7150000 +00:00
3c3c39894409,Antares,2704302.0,27,2024-03-24 14:42:11.6970000 +00:00,2024-03-24 14:42:29.7710000 +00:00
579115ba0cae,Sobrinho,5002704.0,50,2021-04-01 22:55:49.0640000 +00:00,2021-04-01 22:55:49.0640000 +00:00
4efb77d62476,centro ,5006200.0,50,2022-02-23 12:51:45.5350000 +00:00,2023-07-12 05:40:30.1280000 +00:00
fc50c6cb9b38,João marcelino de Freitas ,3204807.0,32,2024-07-19 02:47:25.3870000 +00:00,2024-07-19 02:47:25.3870000 +00:00
f9728b7c3f58,Vila Santa Luzia,5002704.0,50,2024-05-25 21:24:45.6060000 +00:00,2025-01-30 17:34:13.0730000 +00:00
1eb393b5dfea,Mata do Jacinto,5002704.0,50,2024-12-26 15:12:13.5840000 +00:00,2024-12-26 15:12:13.5840000 +00:00
ad7052b722bd,Jardim Parati,5002704.0,50,2020-11-09 13:56:16.0010000 +00:00,2020-11-10 18:22:43.3000000 +00:00
3fc4661acc17,Vila Bandeirante,5002704.0,50,2025-12-26 14:42:28.8600000 +00:00,2025-12-26 14:42:28.8600000 +00:00
64c47b2390c8,Parque Residencial Rita Vieira,5002704.0,50,2024-01-18 20:18:44.9950000 +00:00,2024-01-18 20:20:02.9950000 +00:00
cffb5ed4ba06,Núcleo Habitacional Buriti,5002704.0,50,2023-05-16 13:29:14.0460000 +00:00,2023-05-16 13:29:14.0460000 +00:00
d85dbe2ea322,Parque Nova Dourados,5003702.0,50,2022-03-10 21:21:12.4030000 +00:00,2022-03-10 21:35:27.6540000 +00:00
6dd7ceddf336,Ubatuba,4216206.0,42,2024-02-21 20:07:46.6440000 +00:00,2024-03-20 17:41:39.2950000 +00:00
bd59be8036e4,Morada Verde,5002704.0,50,2024-09-26 15:08:35.6790000 +00:00,2024-09-26 15:08:35.6790000 +00:00
a72f1ba33345,Residencial Gabura,5002704.0,50,2023-11-07 16:27:31.4300000 +00:00,2023-11-07 16:31:30.2000000 +00:00
e04b0cc0cf5c,Guanandi,5002704.0,50,2025-01-30 13:42:42.3130000 +00:00,2025-01-30 13:42:42.3130000 +00:00
691f7a06252f,Vila Bandeirante,5002704.0,50,2024-04-18 15:25:59.7820000 +00:00,2025-01-18 11:30:39.3620000 +00:00
85c9ee65e400,Jaguaribe,2507507.0,25,2025-09-19 00:19:51.0310000 +00:00,2025-09-19 00:19:51.0310000 +00:00
79f2d92664f6,Mangabeira,2507507.0,25,2023-09-09 17:40:38.3530000 +00:00,2023-09-09 17:40:38.3530000 +00:00
63cfe292ba79,camisão ,5005004.0,50,2024-11-16 20:05:33.1800000 +00:00,2024-11-16 20:05:33.1800000 +00:00
b76224272235,Jardim Monte Líbano,5002704.0,50,2026-07-21 18:55:17.8360000 +00:00,2026-07-21 18:56:11.2560000 +00:00
975ed123f306,Centro ,5004403.0,50,2021-08-14 23:21:01.6660000 +00:00,2021-08-14 23:22:19.7180000 +00:00
37eaceced2d1,Maria Aparecida Pedrossian,5002704.0,50,2020-11-05 12:15:42.2360000 +00:00,2020-11-05 12:15:42.2360000 +00:00
a003a24fdd42,Cruz das Armas,2507507.0,25,2025-08-09 02:04:21.3060000 +00:00,2025-08-09 02:04:21.3060000 +00:00
5df3aad71342,Jardim Pernambuco,3303500.0,33,2026-04-02 23:15:42.3300000 +00:00,2026-04-02 23:15:42.3300000 +00:00
2964096b2518,Residencial Betaville,5002704.0,50,2022-04-26 10:48:18.2260000 +00:00,2022-04-26 10:53:15.3400000 +00:00
bcfb7f3ec885,Guanandi,5002704.0,50,2021-09-17 15:38:23.9820000 +00:00,2021-09-17 15:38:45.9440000 +00:00
90348ca45f16,Jardim Progresso,4118402.0,41,2023-03-07 14:20:00.2100000 +00:00,2023-03-07 14:20:00.2330000 +00:00
f52a4d0dc4cb,Vila Almeida,5002704.0,50,2025-06-09 13:33:56.3990000 +00:00,2025-06-09 13:34:00.8000000 +00:00
bfe32e62522d,Parque Residencial Rita Vieira,5002704.0,50,2020-07-27 22:28:43.7100000 +00:00,2020-07-27 22:28:43.7100000 +00:00
d7dffb626146,Jardim Angélica,5008305.0,50,2022-05-10 19:36:50.9840000 +00:00,2022-05-10 19:36:50.9840000 +00:00
c908c295f8a3,Jardim Santa Rosa ,3530102.0,35,2022-07-26 23:59:53.2860000 +00:00,2022-07-27 00:01:12.9120000 +00:00
1668bf499f0f,Monte Castelo,5002704.0,50,2020-08-19 04:05:23.6050000 +00:00,2020-08-19 04:05:23.6050000 +00:00
1a5eeca01e9d,Mata do Jacinto,5002704.0,50,2024-04-05 19:16:47.3750000 +00:00,2024-04-05 19:16:47.3750000 +00:00
eb5e51698863,"Rio das Pedras, Jacarepaguá ",3304557.0,33,2024-04-25 23:53:17.7390000 +00:00,2024-04-25 23:55:56.1740000 +00:00
4c3f2b2676d3,Jardim Progresso,5008305.0,50,2021-08-17 07:01:28.7540000 +00:00,2021-08-17 07:04:32.1510000 +00:00
2172148b9bd3,Centro,5006606.0,50,2021-06-26 02:25:53.8140000 +00:00,2021-06-26 02:25:53.8140000 +00:00
4d1ddc177f79,Cristo Redentor,2507507.0,25,2024-10-03 18:44:09.1660000 +00:00,2024-10-03 18:52:20.6820000 +00:00
e4a803539aef,Coophavila II,5002704.0,50,2023-12-18 22:09:10.7420000 +00:00,2026-02-03 16:20:18.8590000 +00:00
c4e8351e164a,Vila Almeida,5002704.0,50,2021-08-08 20:21:38.6140000 +00:00,2021-08-08 20:21:45.3440000 +00:00
3b7501e4c905,Nova Europa,5008305.0,50,2020-05-13 04:29:57.7550000 +00:00,2020-10-30 23:02:11.3970000 +00:00
e0ae8ae4dae3,Novo,1504422.0,15,2024-11-13 19:59:45.0860000 +00:00,2024-11-13 20:00:13.6930000 +00:00
07b69b991fb0,Vila Planalto,5002704.0,50,2024-11-13 22:53:44.1840000 +00:00,2024-11-13 22:56:26.1700000 +00:00
c32faea1ef9d,Rural,5007901.0,50,2025-06-09 19:43:29.4150000 +00:00,2025-06-09 19:43:29.4150000 +00:00
4870abef8b8b,Varandas do Campo,5002704.0,50,2023-11-03 17:26:42.3090000 +00:00,2023-11-03 17:26:42.3090000 +00:00
61a7ab60813d,Jardim dos Manacás,3550308.0,35,2021-08-11 18:24:28.6180000 +00:00,2021-08-11 18:24:33.1250000 +00:00
5754df92fdbf,Residencial Santo Antônio,5007109.0,50,2025-09-17 15:37:34.7690000 +00:00,2026-06-12 12:54:48.5750000 +00:00
fd75fc48c8b1,Jardim América 2,5001904.0,50,2025-02-25 00:14:56.2720000 +00:00,2025-02-25 00:14:56.2720000 +00:00
ba2150463100,Chácara Cachoeira,5002704.0,50,2025-03-08 22:39:29.0350000 +00:00,2025-03-08 22:39:29.0350000 +00:00
9c5c8111d69e,Nestor Gomes,3204906.0,32,2024-10-24 23:13:36.3700000 +00:00,2024-10-24 23:13:36.3700000 +00:00
8cb12ab8ea6c,Vila dos Cabanos,1501303.0,15,2022-06-14 20:35:04.5920000 +00:00,2022-06-14 20:35:04.6860000 +00:00
32f414bef91e,Jardim Nóbrega,3529401.0,35,2025-02-09 16:20:08.6170000 +00:00,2025-02-09 16:20:39.8500000 +00:00
56934d910e9f,Rocha Sobrinho,3302858.0,33,2022-04-06 17:10:47.0000000 +00:00,2022-04-06 17:10:47.0000000 +00:00
7b117a3e521f,Cajueiro,3300704.0,33,2024-11-07 00:55:50.7790000 +00:00,2024-11-07 00:56:34.1820000 +00:00
dc8e8c9a031d,Grotão,2507507.0,25,2024-05-10 12:20:14.1130000 +00:00,2024-05-10 12:20:14.1130000 +00:00
dbba71883b12,Jardim TV Morena,5002704.0,50,2021-07-21 17:08:48.5460000 +00:00,2024-06-02 02:38:15.0560000 +00:00
855cb188d369,Jd suina,3552809.0,35,2021-04-19 16:59:59.5110000 +00:00,2021-04-19 16:59:59.5110000 +00:00
0cfb2b740152,Cidade Nova,1500800.0,15,2026-04-09 18:49:32.8030000 +00:00,2026-04-09 18:50:13.4780000 +00:00
d0f81d91e709,Centro,3535101.0,35,2024-02-07 22:33:14.5230000 +00:00,2024-02-07 22:35:44.8000000 +00:00
1455bae9fc42,Jardim Maracá,3550308.0,35,2024-04-24 09:46:13.4470000 +00:00,2024-04-24 09:46:13.4470000 +00:00
1fe4a653fb21,Loteamento Rancho Alegre II,5002704.0,50,2021-05-14 08:23:43.1480000 +00:00,2021-05-14 08:23:50.1690000 +00:00
d6649b257200,centro,5002902.0,50,2021-06-02 15:00:26.1360000 +00:00,2021-06-02 15:01:50.9540000 +00:00
af15396f7e37,Jardim Cangalha,5008305.0,50,2025-02-08 11:53:48.6440000 +00:00,2025-02-08 11:53:48.6440000 +00:00
b2b21bb1924b,Núcleo Habitacional Buriti,5002704.0,50,2022-06-24 21:40:50.5150000 +00:00,2022-06-24 21:40:50.5150000 +00:00
852a65383efa,Residencial Sol Nascente,5005707.0,50,2026-06-27 17:16:58.4580000 +00:00,2026-06-27 17:17:55.5540000 +00:00
393a05ad7008,Guanandi II,5002704.0,50,2023-01-02 21:58:32.2580000 +00:00,2023-01-02 21:58:32.2580000 +00:00
cb306119ef40,Jardim Mônaco,5003702.0,50,2022-01-31 15:09:28.5990000 +00:00,2022-01-31 15:14:07.4350000 +00:00
6848c0c23fa5,Vila Carlota,5002704.0,50,2022-12-30 01:48:44.9960000 +00:00,2022-12-30 01:49:58.8700000 +00:00
f7f9c5a7fadc,centro ,5004304.0,50,2024-08-02 02:25:53.8130000 +00:00,2024-08-02 02:30:29.3780000 +00:00
acd5880ed904,Centro,5002902.0,50,2021-06-03 00:36:20.5470000 +00:00,2021-06-03 00:36:20.5470000 +00:00
e0ac9b7490fd,Conjunto Residencial Recanto dos Rouxinóis,5002704.0,50,2021-12-07 19:14:40.1290000 +00:00,2021-12-07 19:14:40.1290000 +00:00
94102403df41,Jardim Cruz do Corisco,3550308.0,35,2024-03-14 15:44:59.9090000 +00:00,2024-03-14 15:44:59.9090000 +00:00
3b3ff86d731b,centro,5005400.0,50,2022-05-12 20:05:17.6110000 +00:00,2022-05-12 20:05:28.7610000 +00:00
d8ae56b4a263,centro ,5002951.0,50,2023-01-12 16:37:00.0950000 +00:00,2023-01-12 16:39:17.0720000 +00:00
e1c3eea91294,Santa Luzia,5008305.0,50,2024-10-19 10:27:36.0700000 +00:00,2024-10-19 10:27:36.0700000 +00:00
5dc2e1b1fb40,Aldeia Colônia Nova ,5001102.0,50,2024-07-27 04:44:47.7870000 +00:00,2024-07-27 04:44:54.7970000 +00:00
509d6fa8f1a1,Hailton Augusto dos Santos,5007976.0,50,2026-02-19 18:21:55.4610000 +00:00,2026-02-19 18:21:55.4610000 +00:00
e3f0457ddb68,Amambaí,5002704.0,50,2024-09-05 17:00:40.3630000 +00:00,2024-09-05 17:02:01.8770000 +00:00
c81ee9144ed1,Vila Industrial,5003702.0,50,2025-01-22 20:33:16.3640000 +00:00,2025-01-22 20:33:28.0510000 +00:00
9df03d58c359,Jardim Itália II,4115200.0,41,2021-01-25 22:28:13.2400000 +00:00,2021-01-25 22:28:13.2400000 +00:00
22914d02d235,Aeroporto,5003207.0,50,2021-05-28 19:17:53.7690000 +00:00,2021-05-28 19:17:53.7690000 +00:00
94185c301b76,Jardim Paradiso,5002704.0,50,2026-01-03 20:01:15.4590000 +00:00,2026-01-03 20:01:15.4590000 +00:00
7f0dc65e148b,Coophasul,5002704.0,50,2021-05-29 00:49:28.2260000 +00:00,2021-05-29 00:49:28.2260000 +00:00
28ba16b90ac6,Parque Dallas,5002704.0,50,2021-04-24 17:28:26.3890000 +00:00,2022-06-30 12:37:54.8500000 +00:00
e8d4379b27d9,Tiradentes,5002704.0,50,2023-01-03 23:31:30.3940000 +00:00,2023-01-03 23:32:09.7400000 +00:00
0912b93896e6,santo antonio,5002704.0,50,2023-09-27 03:14:47.5670000 +00:00,2023-09-27 12:49:42.5930000 +00:00
c3373fbacec8,Nova Europa,5008305.0,50,2023-07-06 20:41:38.0370000 +00:00,2023-07-06 20:41:38.0370000 +00:00
a8494703a16f,centro ,5001904.0,50,2022-02-04 23:57:49.6580000 +00:00,2022-02-04 23:57:49.6720000 +00:00
6a327867f8c7,Parque Alvorada,5003702.0,50,2022-09-09 15:08:43.2350000 +00:00,2022-09-09 15:08:43.2350000 +00:00
ce8e3dc457fa,Jardim América,5002704.0,50,2020-05-15 21:37:49.5830000 +00:00,2022-07-26 15:34:57.2650000 +00:00
6462addf9fe0,Jardim Sayonara,5002704.0,50,2024-03-20 23:44:01.2880000 +00:00,2024-03-20 23:44:01.2880000 +00:00
e7597a019575,centro ,3546603.0,35,2023-05-26 12:44:20.5880000 +00:00,2023-05-26 12:46:14.5920000 +00:00
9ae9b948589f,Monte Castelo,5002704.0,50,2023-05-07 18:14:06.4670000 +00:00,2023-05-07 18:15:03.8920000 +00:00
7aa2e43e73f4,Coophatrabalho,5002704.0,50,2020-10-31 01:43:19.1010000 +00:00,2020-10-31 01:43:19.1010000 +00:00
f494dbd433f7,Jardim Arco Íris,5002704.0,50,2020-05-21 17:27:29.7370000 +00:00,2020-05-21 17:27:29.7370000 +00:00
437eab40925f,Centro ,5008404.0,50,2025-10-31 07:08:06.4260000 +00:00,2025-10-31 07:08:06.4260000 +00:00
e05f932f67ea,Cabreúva,5002704.0,50,2021-04-30 16:54:58.7720000 +00:00,2021-04-30 16:55:19.2590000 +00:00
0710858dcb0a,Jardim Alvorada,5008305.0,50,2023-10-01 00:39:27.7920000 +00:00,2023-10-01 00:39:27.7920000 +00:00
da59d5e0fadf,Vila Nossa Senhora das Graças,5002704.0,50,2025-12-11 18:14:20.1420000 +00:00,2025-12-11 18:14:20.1420000 +00:00
42433eabca3e,Tiradentes,5002704.0,50,2021-06-07 19:25:25.9650000 +00:00,2021-06-07 19:25:25.9650000 +00:00
e10d5a8a354c,Jardim Pênfigo,5002704.0,50,2023-03-13 21:32:48.5290000 +00:00,2023-03-13 21:38:45.1040000 +00:00
b09728cc9a50,Conjunto Residencial Octavio Pécora,5002704.0,50,2023-09-18 01:10:46.2630000 +00:00,2023-09-18 01:10:46.2630000 +00:00
875d039e1800,Jardim Campo Belo,5002704.0,50,2025-02-25 01:55:44.5730000 +00:00,2025-02-25 01:55:44.5730000 +00:00
8f85a9f88652,Chácara dos Poderes,5002704.0,50,2025-02-24 21:25:42.8280000 +00:00,2025-02-24 21:25:42.8280000 +00:00
405345980d2c,ALTO,5001102.0,50,2021-06-06 23:03:14.9200000 +00:00,2021-06-06 23:03:54.8020000 +00:00
21d0336802d3,Vila Carlota,5002704.0,50,2026-05-21 20:56:23.2880000 +00:00,2026-05-21 20:56:55.3470000 +00:00
ef03f79dc968,Coronel Antonino,5002704.0,50,2024-11-27 23:43:20.4870000 +00:00,2024-11-27 23:43:27.8190000 +00:00
943c0be253c6,Conjunto Habitacional Benedito Mamede Junior,3500303.0,35,2026-02-21 00:49:04.1210000 +00:00,2026-02-21 00:49:04.1210000 +00:00
9a317818f5a1,Vival dos Ipês,5003702.0,50,2022-12-06 19:00:36.4030000 +00:00,2022-12-06 19:00:36.4030000 +00:00
27c9b5fa84a7,Panambi Vera,5003702.0,50,2021-01-22 02:48:42.4210000 +00:00,2021-01-22 02:48:42.4210000 +00:00
8ddffd0c72d9,Carandá Bosque,5002704.0,50,2022-05-10 15:49:17.6300000 +00:00,2022-05-10 15:49:17.6300000 +00:00
39eac3dcae34,Machados,4211306.0,42,2024-08-22 13:52:08.1460000 +00:00,2024-08-22 13:52:08.1460000 +00:00
5700d1eb4bac,Vila Flório,5002704.0,50,2021-02-26 01:40:56.4890000 +00:00,2021-02-26 01:41:40.5430000 +00:00
6aff8dd50fda,Conjunto Guatos,5003207.0,50,2025-04-13 20:43:11.3720000 +00:00,2025-04-13 20:43:11.3720000 +00:00
cc332ba23ad1,Bairro Seminário,5002704.0,50,2022-08-23 00:36:50.4190000 +00:00,2022-08-23 00:36:50.4190000 +00:00
b421e1dd9856,Jardim Brasília ,5006309.0,50,2022-05-31 19:07:35.8910000 +00:00,2022-05-31 19:10:00.9130000 +00:00
854349949156,centro ,5006200.0,50,2023-08-30 09:45:07.3100000 +00:00,2023-08-30 09:45:07.3100000 +00:00
3448a7193092,Jardim Leblon,5002704.0,50,2021-02-01 06:22:56.7920000 +00:00,2021-02-01 06:22:56.7920000 +00:00
cb3a6bbe6b42,Centro,5008305.0,50,2024-04-13 09:31:50.9770000 +00:00,2024-04-13 09:32:14.7880000 +00:00
00c51c1f466c,Jardim Nova Ipanema,5008305.0,50,2024-02-08 14:45:37.5880000 +00:00,2024-02-08 14:45:50.1470000 +00:00
595ae6afaeae,Jardim Noroeste,5002704.0,50,2022-04-17 00:54:38.9400000 +00:00,2022-04-17 00:54:38.9400000 +00:00
ae842b57276d,Bom Retiro,5002704.0,50,2025-03-21 10:53:37.3700000 +00:00,2025-03-21 10:53:37.3700000 +00:00
078bed2acb2e,Conjunto Aero Rancho,5002704.0,50,2025-12-10 15:49:50.0290000 +00:00,2025-12-10 15:49:50.0290000 +00:00
4099d06bd761,Charqueadas,4305108.0,43,2021-09-26 20:48:01.2560000 +00:00,2021-11-05 12:45:43.7260000 +00:00
1c6ad9a191cf,Residencial Ana Maria do Couto,5002704.0,50,2020-10-19 21:05:18.6340000 +00:00,2023-01-30 18:53:59.4220000 +00:00
e7618887e742,centro ,5003488.0,50,2024-05-17 14:43:59.1170000 +00:00,2024-05-17 14:43:59.1170000 +00:00
f6ecdcede6d7,Vila Duque de Caxias,5002704.0,50,2022-12-24 22:48:39.4440000 +00:00,2022-12-24 22:48:50.8800000 +00:00
b1faf0d57036,Jardim Bela Vista,3543709.0,35,2025-08-25 21:54:54.4050000 +00:00,2025-08-25 21:54:53.2530000 +00:00
e4f1bd5c8231,Parque Residencial Quinta da Lagoa,5008305.0,50,2022-12-20 11:52:12.2380000 +00:00,2022-12-20 11:52:12.2380000 +00:00
a0e92dd1e9f9,Jardim Vista Alegre,3550308.0,35,2023-11-07 02:25:32.2520000 +00:00,2023-11-07 02:25:32.2520000 +00:00
fcb11c7d0138,Jardim dos Ipês III,3549102.0,35,2024-06-13 01:24:46.2640000 +00:00,2024-06-13 01:24:46.2640000 +00:00
ec06cb29ed46,Jardim Paulo Coelho Machado,5002704.0,50,2025-02-11 21:38:34.4360000 +00:00,2025-02-11 21:38:34.4360000 +00:00
a395322d74e5,Chácara Cachoeira,5002704.0,50,2024-02-21 00:17:43.3870000 +00:00,2024-02-21 00:17:43.3870000 +00:00
6dbe708b66c6,Jardim Tijuca,5002704.0,50,2021-04-24 14:29:51.0540000 +00:00,2021-04-24 14:29:51.0540000 +00:00
91ec8003544b,Vila Morumbi,5002704.0,50,2025-06-26 00:24:41.4750000 +00:00,2025-06-26 00:24:41.4750000 +00:00
ae0fa9994928,Vila Mascote,3550308.0,35,2021-02-01 20:37:42.5200000 +00:00,2021-02-01 20:37:42.5200000 +00:00
2e06fbd337a7,Vila Nova Campo Grande,5002704.0,50,2024-05-18 16:31:02.0160000 +00:00,2024-05-18 16:31:02.0160000 +00:00
cd0db26afbc7,Jardim Aeroporto,5002704.0,50,2021-02-18 11:57:39.3160000 +00:00,2021-02-18 11:57:39.3160000 +00:00
aad70ffa3b7b,Vila Alba,5003702.0,50,2024-06-05 23:33:51.0780000 +00:00,2024-06-05 23:33:51.0780000 +00:00
1d3b99b2fb54,Residencial Sírio Libanês IIl,5002704.0,50,2023-10-27 01:28:19.0300000 +00:00,2023-10-27 01:28:19.0300000 +00:00
4c66e857124b,Vila Fernanda,5002704.0,50,2026-02-12 16:50:28.3230000 +00:00,2026-02-12 16:50:28.3230000 +00:00
672fa49d9d53,Vila Gomes,5002704.0,50,2025-10-19 13:28:51.6600000 +00:00,2025-10-19 13:28:51.6600000 +00:00
0c608fc2c5a6,Residencial Vida Nova III,5002704.0,50,2026-08-08 19:47:09.1620000 +00:00,2026-08-08 19:47:18.5520000 +00:00
158fcf84e967,Jardim Parati,5002704.0,50,2021-10-03 14:52:02.3980000 +00:00,2021-10-03 14:53:07.0700000 +00:00
80f50f32f6fe,Vila Progresso,5002704.0,50,2025-12-03 10:03:03.4610000 +00:00,2025-12-03 10:03:03.4610000 +00:00
0610e801aa92,Flamboyant ,5002951.0,50,2024-11-02 15:57:03.0700000 +00:00,2026-01-03 14:08:04.5340000 +00:00
0e477bb5c71c,Parque Alvorada,5003702.0,50,2021-08-12 00:56:33.9210000 +00:00,2021-08-12 00:59:45.3720000 +00:00
8bc8e771e776,Jardim Colibri II,5002704.0,50,2021-04-27 19:59:13.2920000 +00:00,2021-04-27 19:59:13.2920000 +00:00
15e34a7b4643,Parque Nova Dourados,5003702.0,50,2023-04-05 01:55:41.6000000 +00:00,2023-04-05 01:55:41.6000000 +00:00
9fdaad7e1ee7,Carandá Bosque,5002704.0,50,2022-03-07 02:46:10.9060000 +00:00,2022-03-07 02:46:10.9060000 +00:00
c5385d8fbb38,Tiradentes,5002704.0,50,2021-12-21 03:58:58.0840000 +00:00,2021-12-21 03:58:58.0840000 +00:00
8903475c0622,Coronel Antonino,5002704.0,50,2024-11-24 20:14:08.2720000 +00:00,2024-11-24 20:14:08.2720000 +00:00
303e3d372ee9,Jardim Aero Rancho,5002704.0,50,2021-04-11 22:56:24.9180000 +00:00,2021-04-11 22:56:24.9180000 +00:00
2c35616b6bac,Universitário,5002704.0,50,2021-08-19 17:44:29.6920000 +00:00,2021-08-19 17:44:29.6920000 +00:00
5b4cc063b4fd,Vila Anahy,5002704.0,50,2023-10-18 09:37:02.3160000 +00:00,2023-10-18 09:37:22.3220000 +00:00
7ce425feb286,rés. projeto de Deus,5003306.0,50,2024-07-10 15:16:07.4290000 +00:00,2024-07-10 15:16:07.4290000 +00:00
6ac8b95bcfb2,Jardim Jacy,5002704.0,50,2025-03-13 02:54:25.1740000 +00:00,2025-03-19 21:59:09.0740000 +00:00
bb92b4cf1f11,centro,5007976.0,50,2021-09-02 15:59:45.8540000 +00:00,2021-09-02 15:59:45.8540000 +00:00
59ca7ab722fc,centro,5005707.0,50,2021-01-02 22:03:11.8810000 +00:00,2021-01-02 22:03:11.8810000 +00:00
a1be10b30084,Parque Residencial dos Girassóis,5002704.0,50,2024-05-29 02:29:07.4220000 +00:00,2024-05-29 02:29:07.4220000 +00:00
105b41de6eac,CENTRO,5006408.0,50,2021-08-12 00:48:49.0000000 +00:00,2021-08-12 00:48:49.0000000 +00:00
6d64e8239f41,Associação João Batista ,5007901.0,50,2023-10-15 17:54:51.1330000 +00:00,2023-10-15 17:54:51.1330000 +00:00
ea1fca89978d,Cristo Rei,5000708.0,50,2020-10-18 17:39:11.1920000 +00:00,2021-10-24 17:47:02.6230000 +00:00
5cc7f1513bd7,Jardim Presidente,5002704.0,50,2022-08-18 19:52:15.5000000 +00:00,2022-08-18 19:52:15.5000000 +00:00
2e497a596976,Vila Taveirópolis,5002704.0,50,2021-09-16 19:20:09.7450000 +00:00,2021-09-16 19:20:09.7450000 +00:00
a6c822b1ad11,Jardim Paulo Coelho Machado,5002704.0,50,2024-11-09 23:43:12.9800000 +00:00,2024-11-09 23:48:05.0530000 +00:00
00594c9f6c0e,Loteamento Anduraluá,5001003.0,50,2026-06-09 01:10:26.4050000 +00:00,2026-06-09 01:10:26.4050000 +00:00
be1be973d26d,Vila Roma II,5003702.0,50,2023-09-28 14:44:30.3910000 +00:00,2023-09-28 14:44:30.5230000 +00:00
1395c33e8983,Cambuci,3550308.0,35,2023-01-30 17:15:20.1890000 +00:00,2023-01-30 17:15:20.1890000 +00:00
9bab92de73ac,Jardim Universitario ,5006200.0,50,2022-09-17 15:15:24.6280000 +00:00,2022-09-17 15:39:59.8510000 +00:00
16b54c5c60d3,Conjunto Aero Rancho,5002704.0,50,2026-06-07 12:25:31.8500000 +00:00,2026-06-07 12:28:49.6420000 +00:00
56e7af8fbe1e,centro,5004700.0,50,2026-03-28 15:51:02.0700000 +00:00,2026-03-28 15:51:02.0700000 +00:00
00ec239beccd,Portal do Morumbi,5006606.0,50,2020-08-06 19:08:07.5550000 +00:00,2020-08-06 19:08:07.5550000 +00:00
022395312cd6,Sobrinho,5002704.0,50,2020-05-01 02:46:28.8060000 +00:00,2020-05-01 02:46:28.8060000 +00:00
a44ebf354342,Arnaldo Estevão Figueiredo,5002704.0,50,2023-11-07 19:12:41.6900000 +00:00,2023-11-07 19:14:07.4730000 +00:00
8c564bcba9b7,Morada Verde,5002704.0,50,2024-03-08 05:16:28.1660000 +00:00,2024-03-08 05:16:28.1660000 +00:00
65c10cb66cb1,Madre Deus,2111300.0,21,2021-02-08 13:28:04.4060000 +00:00,2021-02-08 13:28:04.4060000 +00:00
895adacc42a8,Mata do Jacinto,5002704.0,50,2025-09-03 01:06:03.3110000 +00:00,2025-09-03 01:06:18.6870000 +00:00
278925456078,Tiradentes,5002704.0,50,2024-02-28 22:05:45.4930000 +00:00,2024-02-28 22:05:45.4930000 +00:00
63bff924f743,Parque Residencial Rita Vieira,5002704.0,50,2025-12-26 03:59:45.4290000 +00:00,2025-12-26 03:59:45.4290000 +00:00
0b9540ec6481,Jardim Parati,5002704.0,50,2020-04-30 04:11:54.8620000 +00:00,2020-04-30 04:12:07.4110000 +00:00
4ce3fd731084,Vila Nova,3523909.0,35,2022-09-05 23:04:29.4640000 +00:00,2022-09-05 23:04:29.4640000 +00:00
077962b78c25,Monte Carlo,5002704.0,50,2021-01-23 19:06:07.0610000 +00:00,2024-08-17 22:24:40.2850000 +00:00
d7b3a90bc34d,Vila Aurora,5003702.0,50,2023-11-23 00:37:18.7280000 +00:00,2023-11-23 00:37:18.7280000 +00:00
58158f27c9f4,Jardim Presidente,5002704.0,50,2024-11-07 00:08:03.2750000 +00:00,2024-11-07 00:12:40.2710000 +00:00
67aef931501a,Jardim Wanel Ville V,3552205.0,35,2026-05-25 21:29:15.5370000 +00:00,2026-05-25 21:32:11.5050000 +00:00
4808250bbefb,Flamboyant ,5002951.0,50,2022-12-05 15:25:53.5630000 +00:00,2022-12-05 15:27:39.6570000 +00:00
efa5a7941dad,bernek,5005681.0,50,2024-01-24 16:52:27.1240000 +00:00,2024-01-24 16:52:33.6210000 +00:00
3ba8bb23f141,Jardim Itamaracá,5002704.0,50,2023-06-26 20:11:57.0970000 +00:00,2023-06-26 20:12:33.9200000 +00:00
4865838a8421,Jardim Alvorada ,5007695.0,50,2022-08-17 14:32:14.9930000 +00:00,2022-08-17 14:32:14.9930000 +00:00
78ed38b4d692,Jd Tangará ,4107900.0,41,2024-04-29 23:14:16.6030000 +00:00,2024-04-29 23:14:16.6030000 +00:00
ba22e425d5ac,Jardim Novo Horizonte,5003702.0,50,2020-12-23 15:41:33.8320000 +00:00,2026-05-04 18:05:49.3290000 +00:00
65af0c15fb13,Vila Progresso,5002704.0,50,2025-03-29 20:56:11.3860000 +00:00,2025-03-29 20:56:11.3860000 +00:00
b955190afba9,Parque Alvorada ,5003702.0,50,2021-12-28 17:24:09.1850000 +00:00,2021-12-28 17:24:09.1850000 +00:00
cba7d2f1ae49,Jardim Nhanhá,5002704.0,50,2024-08-06 17:25:21.7890000 +00:00,2024-08-06 17:25:21.7890000 +00:00
df458b293cd6,Caiçara,5002704.0,50,2024-03-24 15:23:33.9680000 +00:00,2024-03-24 15:23:33.9680000 +00:00
42e7dc921121,Jardim Progresso,5008305.0,50,2022-04-27 13:28:33.3600000 +00:00,2022-04-27 13:28:33.3600000 +00:00
fe41a79de253,Coophavila II,5002704.0,50,2026-04-08 12:57:08.9550000 +00:00,2026-04-08 12:57:08.9550000 +00:00
fe856e5f1a29,Jardim Hidalgo,5003801.0,50,2024-06-30 01:49:05.9630000 +00:00,2024-06-30 01:49:05.9630000 +00:00
d66939ca94f2,Centro,5003207.0,50,2021-06-21 00:51:28.2150000 +00:00,2021-06-21 00:51:28.2150000 +00:00
579cbf72c785,Aeroporto,5003207.0,50,2022-01-12 02:28:39.7520000 +00:00,2022-01-12 02:28:39.7520000 +00:00
197c68deca47,Universitário,5003207.0,50,2025-06-02 04:58:58.7240000 +00:00,2025-06-02 04:58:58.7240000 +00:00
8263886974a6,solar do Vale ,5004700.0,50,2024-03-04 17:04:59.5710000 +00:00,2024-03-04 17:08:19.9250000 +00:00
2c426c29aee7,Universitário,5003207.0,50,2022-07-08 19:53:35.9070000 +00:00,2022-07-08 19:53:35.9070000 +00:00
4ec53bcca312,Dom Bosco,5003207.0,50,2025-12-03 16:31:52.0590000 +00:00,2025-12-03 16:31:56.3650000 +00:00
b8ef980dde6f,Vila Progresso,5002704.0,50,2024-02-16 10:50:26.2760000 +00:00,2024-02-16 11:07:37.6160000 +00:00
a4f7ce1d2b19,Jardim Aeroporto,5002704.0,50,2023-03-15 15:40:19.5700000 +00:00,2023-03-15 15:40:19.5700000 +00:00
c1b14d424822,Loteamento Tarcila do Amaral,5002704.0,50,2022-02-19 00:56:02.1190000 +00:00,2022-02-19 00:56:02.1190000 +00:00
7dd0eb6a1998,Caiçara,5002704.0,50,2025-06-16 20:07:01.9940000 +00:00,2025-06-16 20:07:01.9940000 +00:00
b9de30bdead8,CECAP,3538709.0,35,2023-04-18 00:51:55.0590000 +00:00,2023-04-18 00:51:55.0590000 +00:00
e472088decee,Jardim Parati,5002704.0,50,2022-11-12 23:38:00.5330000 +00:00,2022-11-12 23:39:55.9690000 +00:00
fe87e7de92f2,Vila Piratininga,5002704.0,50,2025-04-05 19:21:23.3990000 +00:00,2025-04-05 19:21:23.3990000 +00:00
9855a823e562,jardim monumento ,5002704.0,50,2025-05-11 09:21:51.7980000 +00:00,2025-05-11 09:21:51.7980000 +00:00
2235ce203f7c,Paratibe,2507507.0,25,2024-07-17 13:57:11.8520000 +00:00,2024-07-17 13:57:11.8520000 +00:00
0ce8de89d90e,Núcleo Habitacional Universitárias,5002704.0,50,2023-01-04 22:00:13.9100000 +00:00,2023-01-04 22:00:13.9100000 +00:00
cad7b66d2c26,Águas Lindas,1500800.0,15,2025-01-16 15:05:33.8700000 +00:00,2025-01-16 15:05:33.8700000 +00:00
473d2f01ea62,Planalto,5007208.0,50,2022-05-28 16:03:42.8810000 +00:00,2022-05-28 16:03:42.8810000 +00:00
2534bf50104d,Monte Castelo,5002704.0,50,2024-06-19 16:24:27.0010000 +00:00,2024-06-19 16:24:27.0010000 +00:00
23a5b174ee50,Tiradentes,5002704.0,50,2024-02-19 16:01:47.4020000 +00:00,2024-02-19 16:01:47.4020000 +00:00
4f6b329a9608,Piratininga ,5002704.0,50,2023-05-24 21:07:03.6610000 +00:00,2023-05-25 17:34:18.9930000 +00:00
43f9be4997cc,Vila Gomes,5002704.0,50,2024-07-19 09:18:00.3830000 +00:00,2024-07-19 09:18:00.3830000 +00:00
3c3fd768e606,Jardim Bonança,5002704.0,50,2023-03-12 01:41:57.9250000 +00:00,2023-03-12 01:41:57.9250000 +00:00
5bf15265b2c4,jdm novo mato grosso,5003306.0,50,2025-05-31 18:24:13.8260000 +00:00,2025-05-31 18:26:01.8580000 +00:00
5f80a4158a2e,Coophasul,5002704.0,50,2021-09-02 15:22:57.8830000 +00:00,2021-09-02 15:23:15.8640000 +00:00
f87cf1c0900a,Zona Norte ,3520442.0,35,2022-07-20 20:29:44.9670000 +00:00,2022-07-20 20:29:44.9670000 +00:00
53d6efd9ddb5,Parque Residencial Rita Vieira,5002704.0,50,2022-04-04 12:16:06.5370000 +00:00,2022-04-04 12:16:06.5370000 +00:00
e5a4bc2395b0,Vila Rosa Pires,5002704.0,50,2021-01-13 04:48:32.1670000 +00:00,2021-10-20 03:21:52.1260000 +00:00
8cd703163685,SETSUL,5008305.0,50,2025-08-24 01:38:17.3030000 +00:00,2025-08-24 01:38:17.3030000 +00:00
bd5aeaf3c70c,Vila Piratininga,5002704.0,50,2025-03-30 13:45:34.3790000 +00:00,2025-03-30 13:45:34.3790000 +00:00
8eb938c6e42b,Centro ,5003256.0,50,2024-12-12 03:28:25.8570000 +00:00,2024-12-12 03:28:25.8570000 +00:00
80143aef94cc,Vila Pilar,3503901.0,35,2024-12-23 00:48:51.6840000 +00:00,2024-12-23 00:48:51.6840000 +00:00
dd31f9b7cb17,,2502300.0,25,2024-07-25 02:24:37.6850000 +00:00,2024-07-25 02:26:40.0900000 +00:00
2abb02df6b4c,Jardim Novo Aeroporto,5008305.0,50,2025-08-06 19:45:29.2120000 +00:00,2025-08-06 19:45:29.2120000 +00:00
377e1fb143ee,Vila Nova Esperança,5003702.0,50,2025-03-13 20:17:28.2810000 +00:00,2026-03-06 07:19:33.1470000 +00:00
3b512020cd98,Vila Santa Catarina,5003702.0,50,2021-10-13 15:20:14.2370000 +00:00,2021-10-13 15:20:14.2370000 +00:00
16c6d1d9040f,Vila Planalto,5002704.0,50,2025-04-18 20:50:53.9000000 +00:00,2025-04-18 20:50:53.9000000 +00:00
623b37ba2c6d,Vila Piloto,5008305.0,50,2020-10-29 21:22:29.4670000 +00:00,2020-10-29 21:22:29.4670000 +00:00
335baaea53c7,Jardim Aero Rancho,5002704.0,50,2021-02-18 05:26:51.9770000 +00:00,2021-02-18 05:27:36.9490000 +00:00
9a53aa545a11,Conjunto Residencial Estrela do Sul,5002704.0,50,2020-06-30 22:40:13.1820000 +00:00,2020-06-30 22:40:13.1820000 +00:00
7f2a1bfc4789,Vila Nova Campo Grande,5002704.0,50,2021-08-03 16:02:31.9880000 +00:00,2021-08-03 16:02:31.9880000 +00:00
3bd4debe46eb,Parque Alvorada,5003702.0,50,2023-06-09 21:08:19.1880000 +00:00,2023-06-09 21:08:19.1880000 +00:00
b178fa9be3ed,Jardim Paranapunga,5008305.0,50,2025-04-21 21:52:52.1430000 +00:00,2025-04-21 21:52:52.1430000 +00:00
49098cdfe5ab,Bela Vista,3507902.0,35,2021-05-24 15:57:40.6380000 +00:00,2021-05-24 16:11:45.7250000 +00:00
48cdf85cebc4,Jardim Angélica,5008305.0,50,2021-09-05 20:29:35.8530000 +00:00,2021-09-05 20:29:35.8530000 +00:00
4b84e2180edb,Residencial Modelo,5001904.0,50,2020-05-20 00:40:47.6490000 +00:00,2021-07-16 15:43:04.7730000 +00:00
2237f2c74362,Los Angeles,5002704.0,50,2025-03-30 07:46:11.8560000 +00:00,2025-03-30 07:46:11.8560000 +00:00
334318a8cabd,Tiradentes,5002704.0,50,2021-02-10 22:11:57.3070000 +00:00,2021-02-10 22:12:08.8630000 +00:00
82aaedfcf4d8,Jd Santa Luzia,5001904.0,50,2020-05-01 01:13:28.2650000 +00:00,2020-05-01 01:13:42.9950000 +00:00
f38ca0e983b5,Capilé,5006200.0,50,2023-10-18 21:43:03.0570000 +00:00,2023-10-18 21:43:03.0570000 +00:00
3a05b9da7601,Centro,5000807.0,50,2020-10-29 23:29:00.5760000 +00:00,2025-07-05 00:06:06.3970000 +00:00
c9c143e68a16,Vila Margarida,5002704.0,50,2023-11-29 12:33:34.6320000 +00:00,2023-11-29 12:33:34.6320000 +00:00
e5d113620ec6,Jardim Água Boa,5003702.0,50,2023-03-31 12:25:35.0450000 +00:00,2023-03-31 12:25:39.8480000 +00:00
1afeccc4e715,Residencial Bonanza,5003702.0,50,2023-11-27 18:29:31.8910000 +00:00,2023-11-27 18:29:31.8910000 +00:00
3b1c981e8bc0,Jardim Noroeste,5002704.0,50,2022-06-12 20:14:59.6830000 +00:00,2022-06-12 20:15:15.2020000 +00:00
b9fdda1b50c1,o,,13,2021-04-08 21:14:28.9750000 +00:00,2021-04-08 21:14:28.9750000 +00:00
b145d9d5b63c,Solar dos Lagos ,5002209.0,50,2023-03-28 17:04:50.3260000 +00:00,2023-10-05 19:30:13.3680000 +00:00
0301b05d0175,Espatofia,5002951.0,50,2023-10-30 19:42:33.1960000 +00:00,2023-10-30 19:42:33.1960000 +00:00
9e1096eabb3f,Jardim Jacy,5002704.0,50,2024-01-08 16:12:08.6720000 +00:00,2024-01-08 16:12:08.6720000 +00:00
50e249e6c6c2,Jardim América,5003702.0,50,2022-02-20 13:56:07.3990000 +00:00,2022-02-20 13:59:50.0270000 +00:00
4c53825f454a,centro ,5006903.0,50,2021-12-22 15:17:12.8820000 +00:00,2024-02-07 00:59:44.8020000 +00:00
18f8b369af61,Jardim Santa Rita,3545209.0,35,2023-09-11 22:22:15.3780000 +00:00,2023-09-11 22:22:48.6750000 +00:00
47c89b28b15c,Santa Rita,5008305.0,50,2023-10-26 00:23:48.7270000 +00:00,2023-10-26 00:23:48.7270000 +00:00
a140c6b045bb,Bela vista 1,5006200.0,50,2020-05-02 01:00:31.0900000 +00:00,2020-05-02 01:00:31.0900000 +00:00
dccb60d87b02,Mansões Recreio Mossoró,5205497.0,52,2024-10-23 03:53:59.0690000 +00:00,2024-10-23 03:53:59.0690000 +00:00
9859ccfaab34,Icuí-Guajará,1500800.0,15,2022-08-25 00:20:55.0970000 +00:00,2022-08-25 00:21:33.2080000 +00:00
676915e042f2,Vila Aurora,5003702.0,50,2026-01-20 22:42:24.8350000 +00:00,2026-01-20 22:42:24.8350000 +00:00
0701ced6ff7f,Sobrinho,5002704.0,50,2023-07-29 17:20:33.0890000 +00:00,2023-07-29 17:21:03.9780000 +00:00
9d6ba3ff7911,Centro,5002704.0,50,2022-06-03 03:00:50.0460000 +00:00,2022-06-03 03:01:15.4460000 +00:00
1b0f841e7b47,Vila Alba,5002704.0,50,2020-04-29 02:42:18.9580000 +00:00,2020-04-29 02:42:18.9580000 +00:00
79cece4ecc02,Guanandi II,5002704.0,50,2021-02-08 03:56:29.1370000 +00:00,2021-05-24 02:20:27.7480000 +00:00
aec832e21330,Jardim Moçambique,5008305.0,50,2021-01-23 11:07:46.6680000 +00:00,2021-01-23 11:07:46.6680000 +00:00
ada54ce47b16,Parque dos Novos Estados,5002704.0,50,2026-04-26 04:00:32.6470000 +00:00,2026-04-26 04:00:32.6470000 +00:00
74192b18a13e,Jardim Tijuca,5002704.0,50,2022-08-22 15:11:34.8890000 +00:00,2022-08-22 15:12:52.9670000 +00:00
fe93797bd7fc,Jardim Bonança,5002704.0,50,2022-03-07 18:56:19.5170000 +00:00,2022-03-07 18:56:19.5170000 +00:00
52945417ced0,VILA SETENTA ,5002407.0,50,2021-01-21 17:05:03.9970000 +00:00,2021-01-21 17:07:09.6350000 +00:00
223f9a826531,Sobrinho,5002704.0,50,2023-04-03 13:57:09.0020000 +00:00,2023-04-03 14:02:24.2180000 +00:00
d4a1f267fde9,Jardim Tijuca,5002704.0,50,2024-02-03 19:53:08.7470000 +00:00,2024-02-03 19:53:15.8560000 +00:00
36d5fed553bb,Tiradentes,5002704.0,50,2024-01-07 23:25:20.5930000 +00:00,2024-01-07 23:28:19.8950000 +00:00
77e3865b5005,Caiçara,5002704.0,50,2024-02-28 22:31:43.9710000 +00:00,2024-02-28 22:31:43.9710000 +00:00
3752787ec074,centro,5001904.0,50,2022-02-04 23:43:59.7300000 +00:00,2022-02-04 23:45:48.5380000 +00:00
2a5e5ad16ee6,Panamá,5002704.0,50,2025-10-30 02:37:54.8320000 +00:00,2025-10-30 02:37:54.8320000 +00:00
1a8a2637dcb8,Jardim das Américas,5008305.0,50,2022-09-25 18:10:32.2670000 +00:00,2022-09-25 18:10:32.2670000 +00:00
98728c1ea138,Jardim Água Boa,5003702.0,50,2022-01-24 00:42:14.0160000 +00:00,2022-01-24 00:42:14.0160000 +00:00
54a0988bdf52,Centro,5007695.0,50,2024-11-27 17:22:52.3040000 +00:00,2024-11-27 17:22:52.3040000 +00:00
8bf8f32aa79b,Arnaldo Estevão Figueiredo,5002704.0,50,2020-04-30 03:31:39.8500000 +00:00,2021-06-07 14:36:24.8050000 +00:00
c9dd58252bc1,Mata do Jacinto,5002704.0,50,2022-03-07 13:23:59.2910000 +00:00,2022-03-07 13:23:59.2910000 +00:00
caa9489020a5,Residencial Kamel Saad,5006606.0,50,2020-11-24 13:27:06.5580000 +00:00,2020-11-24 13:27:06.5580000 +00:00
83179d99f346,Jardim Amália,3550308.0,35,2020-11-10 23:04:22.9950000 +00:00,2020-11-10 23:04:22.9950000 +00:00
e3a7ede37329,Pedro Pedrossian,5006200.0,50,2026-02-06 01:32:03.9400000 +00:00,2026-02-06 01:32:03.9400000 +00:00
ab7cb73663da,Vila Progresso,5003702.0,50,2020-10-20 14:49:30.8470000 +00:00,2020-10-20 14:49:30.8470000 +00:00
396d40063f7f,Jardim Novo Aeroporto,5008305.0,50,2021-09-14 17:29:35.7270000 +00:00,2021-09-14 17:31:41.1760000 +00:00
decbf610af86,Bosque dos Eucaliptos,3549904.0,35,2025-12-12 20:12:03.9460000 +00:00,2025-12-12 20:12:03.9460000 +00:00
be5284ac4978,Vila Jussara,5002704.0,50,2022-09-29 19:34:53.8850000 +00:00,2022-09-29 19:35:08.3340000 +00:00
4087e6208992,Indápolis,5003702.0,50,2023-11-24 17:58:54.9210000 +00:00,2023-11-24 17:58:54.9210000 +00:00
247eafb9046a,Marco,1501402.0,15,2023-11-05 23:21:40.1550000 +00:00,2023-11-05 23:21:40.1550000 +00:00
c0d5304e8a28,Residencial Mário Cóvas,5002704.0,50,2021-02-04 00:48:51.5760000 +00:00,2021-02-04 00:49:00.6790000 +00:00
74f3e82a3da3,Vila Thais,3504107.0,35,2024-04-10 01:07:47.8790000 +00:00,2024-04-10 01:07:47.8790000 +00:00
360a35ae069a,Parque dos Novos Estados,5002704.0,50,2021-09-28 16:08:35.8880000 +00:00,2021-09-28 16:09:01.3040000 +00:00
78d9b4b78c5e,Jardim Cristhais,5003702.0,50,2022-07-06 18:07:49.3780000 +00:00,2022-07-06 18:07:49.3780000 +00:00
e30706abfdeb,Centro,5003207.0,50,2025-09-01 18:33:14.9960000 +00:00,2025-09-01 18:33:14.9960000 +00:00
e624377a89d1,Morada Verde,5002704.0,50,2024-04-03 20:39:54.0320000 +00:00,2024-04-03 20:39:54.0320000 +00:00
75bec6a97142,Jardim Paulista,5002704.0,50,2023-11-10 21:04:39.4420000 +00:00,2023-11-10 21:04:39.4420000 +00:00
bcca6e2b10dd,Vila Sanches,3502101.0,35,2024-09-30 23:46:17.3550000 +00:00,2024-09-30 23:46:17.3550000 +00:00
af8286d15960,centro,5002902.0,50,2021-07-01 23:13:03.0340000 +00:00,2021-07-02 00:06:55.8010000 +00:00
c8dafc8deccb,Jardim Água Boa,5003702.0,50,2021-10-28 18:36:56.6080000 +00:00,2021-10-28 18:36:56.6080000 +00:00
846fd6990cef,Vila Jussara,5002704.0,50,2026-04-03 00:56:41.7510000 +00:00,2026-04-03 00:56:41.7510000 +00:00
e1812ce71b4d,Jardim Monumento,5002704.0,50,2020-10-24 14:11:00.8960000 +00:00,2020-10-24 14:11:00.8960000 +00:00
a94d591b913e,Coophavila II,5002704.0,50,2022-02-14 21:58:58.6800000 +00:00,2022-02-14 21:58:58.6800000 +00:00
796d733ba753,Vila Popular,5002704.0,50,2024-03-24 14:49:32.5700000 +00:00,2024-03-24 14:49:32.5700000 +00:00
6bdac8a63595,Loteamento Costa Verde,5002704.0,50,2023-08-24 14:58:39.0260000 +00:00,2023-08-24 14:58:39.0260000 +00:00
a4a99760019f,Santa Fé,5003702.0,50,2020-06-01 09:56:05.9380000 +00:00,2020-06-01 09:56:05.9380000 +00:00
16ce1451d025,Los Angeles,5002704.0,50,2021-10-04 01:50:24.8230000 +00:00,2021-10-04 01:50:24.8230000 +00:00
2d24268e8b72,Jardim Monte Líbano,5002704.0,50,2021-01-27 22:32:35.6300000 +00:00,2021-01-27 22:34:48.6200000 +00:00
308b0ae4b65b,Jardim Monte Kemel,3550308.0,35,2023-04-26 21:24:47.0010000 +00:00,2023-05-01 00:01:49.1860000 +00:00
0eb9fb7a03e1,Conjunto Residencial Estrela do Sul,5002704.0,50,2026-03-14 23:47:39.0420000 +00:00,2026-04-04 14:28:00.3280000 +00:00
19016993f628,Nova Lima,5002704.0,50,2024-02-21 20:14:58.9460000 +00:00,2024-02-21 20:14:58.9460000 +00:00
5a2a41e250ca,Pioneiros,5002704.0,50,2022-08-01 03:42:47.1230000 +00:00,2025-04-01 19:50:37.3210000 +00:00
55ff71035a14,Bom Jesus ,5004403.0,50,2022-11-18 01:50:59.2030000 +00:00,2022-11-18 01:50:59.2030000 +00:00
c03670384274,Jardim Anache,5002704.0,50,2023-04-29 00:21:07.5020000 +00:00,2023-04-29 00:21:15.8310000 +00:00
e0872fe2cc41,centro,5005707.0,50,2024-02-05 14:49:12.3440000 +00:00,2024-02-05 14:49:12.3440000 +00:00
d34382088496,centro ,5006200.0,50,2024-08-13 05:53:43.8980000 +00:00,2024-08-13 05:55:26.5320000 +00:00
99f25bed44c1,Parque do Lago,5003702.0,50,2022-10-03 15:32:33.3560000 +00:00,2022-10-03 15:32:49.5220000 +00:00
24fc56e86314,Vila Taveirópolis,5002704.0,50,2022-06-01 12:04:17.7670000 +00:00,2022-06-01 12:04:17.7670000 +00:00
7deaa50e4a4a,Nova Lima,5002704.0,50,2025-07-10 21:25:21.8930000 +00:00,2025-07-10 21:25:21.8930000 +00:00
6849ea669469,Loteamento Bosque da Esperança,5002704.0,50,2026-05-17 15:34:42.3230000 +00:00,2026-05-17 15:34:42.3230000 +00:00
fca48feffdf8,Centro,5006606.0,50,2021-06-30 17:34:57.6530000 +00:00,2021-06-30 17:34:57.6530000 +00:00
1b3af1955ac8,Parque Residencial Rita Vieira,5002704.0,50,2022-05-31 14:53:18.1260000 +00:00,2022-05-31 14:53:18.1260000 +00:00
6d74b5b7e200,Nova Lima,5002704.0,50,2024-10-29 01:20:10.0430000 +00:00,2024-10-29 01:20:10.0430000 +00:00
682c764ec8f1,Jardim Água Boa,5003702.0,50,2024-02-03 18:56:21.1680000 +00:00,2024-02-03 18:56:21.1680000 +00:00
83da1505a9e6,Jardim Paulista,5002704.0,50,2025-11-28 15:57:24.2410000 +00:00,2025-11-28 15:57:24.2410000 +00:00
0e19e5ab5c58,Jardim América,5003702.0,50,2022-02-11 20:32:13.4740000 +00:00,2022-02-11 20:32:40.3310000 +00:00
0d0252dd11f8,Parque Residencial dos Girassóis,5002704.0,50,2026-05-21 23:34:40.8000000 +00:00,2026-05-21 23:34:40.8000000 +00:00
d882154ada89,Conjunto Residencial Monte Carlo,5003702.0,50,2026-05-06 05:43:59.8310000 +00:00,2026-05-06 05:43:59.8310000 +00:00
95444f1415e0,Dom Bosco,5003207.0,50,2026-06-16 19:11:40.2840000 +00:00,2026-06-16 19:11:40.2840000 +00:00
4e952dfb2924,Parque Residencial Rita Vieira,5002704.0,50,2023-01-16 02:51:35.2930000 +00:00,2023-10-01 17:13:02.9240000 +00:00
6fa471106ff5,Conjunto Habitacional Humberto Passarelli,3554102.0,35,2024-07-17 15:49:23.6010000 +00:00,2024-07-17 15:49:23.6010000 +00:00
b3e8c5b3801f,SETSUL,5008305.0,50,2023-02-15 16:37:50.5200000 +00:00,2023-02-15 16:37:50.5200000 +00:00
965202287160,Vila Popular,5003702.0,50,2020-05-08 15:58:24.4280000 +00:00,2020-05-08 15:58:24.4280000 +00:00
477972aa7f89,Bairro da Moóca,5006606.0,50,2023-03-11 02:32:27.9650000 +00:00,2023-03-11 02:32:27.9650000 +00:00
d8e8c78435db,Carioca,5008305.0,50,2025-04-01 17:45:07.2860000 +00:00,2025-04-01 17:45:49.8130000 +00:00
f23c44bc4ec6,Tiradentes,5002704.0,50,2022-05-26 15:59:09.8160000 +00:00,2022-07-22 13:11:16.8340000 +00:00
fd0febcfbeb4,Residencial Jose Teruel Filho,5002704.0,50,2020-06-24 18:54:27.9330000 +00:00,2020-06-24 18:54:27.9330000 +00:00
e5fd6995c3f5,Jardim Carandá,5008305.0,50,2021-08-13 00:23:59.8790000 +00:00,2021-08-13 00:23:59.8790000 +00:00
28204d981e61,Centro,5002704.0,50,2024-02-27 09:17:45.8790000 +00:00,2024-02-27 09:17:45.8790000 +00:00
763880baee37,Jardim Aeroporto,5002704.0,50,2025-10-12 07:33:47.3130000 +00:00,2025-10-12 07:37:06.3430000 +00:00
a3e8407cb2df,Parque dos Novos Estados,5002704.0,50,2022-06-03 10:53:40.0530000 +00:00,2022-06-03 10:53:40.0530000 +00:00
fc6cfcf58802,Vila Boa Vista 1,3548906.0,35,2024-06-09 04:07:07.8800000 +00:00,2024-06-09 04:07:07.8800000 +00:00
063fc6cd39e8,Vila Clementina,5008305.0,50,2025-05-30 16:20:14.9990000 +00:00,2025-05-30 16:20:19.1590000 +00:00
bd546c869826,Jardim das Nações,5002704.0,50,2020-10-29 04:48:50.2380000 +00:00,2020-10-29 04:48:50.2380000 +00:00
0b76f24557c6,Vila Alba,5003702.0,50,2025-03-12 20:00:02.3030000 +00:00,2025-03-12 20:00:08.8950000 +00:00
04a5f1e204a6,esperança ,5002951.0,50,2022-03-10 13:06:04.1710000 +00:00,2022-03-10 13:09:38.9830000 +00:00
e5e462825aba,guanandi 2,5002704.0,50,2020-11-28 22:32:32.1590000 +00:00,2020-11-28 22:32:32.1590000 +00:00
b1a7ee971419,Jardim das Nações,5002704.0,50,2025-04-05 20:00:34.3960000 +00:00,2025-04-05 20:00:34.3960000 +00:00
b5724bd925cb,Alto da Mooca,3550308.0,35,2025-08-14 15:14:26.6120000 +00:00,2025-08-14 15:14:26.6120000 +00:00
872d1aaf9e2b,Jardim São Conrado,5002704.0,50,2022-03-17 17:38:51.8640000 +00:00,2022-03-17 17:39:01.2920000 +00:00
20841e7b6a36,Jardim Paulista,5002704.0,50,2025-06-15 00:58:05.9620000 +00:00,2025-06-15 00:58:05.9620000 +00:00
b91c16b15827,Coophavila II,5002704.0,50,2024-03-27 18:24:25.3640000 +00:00,2024-03-27 18:24:25.3640000 +00:00
173be5beca14,centro,5001904.0,50,2024-08-22 22:42:25.5660000 +00:00,2024-08-22 22:42:25.5660000 +00:00
b161a5d3f606,centro,5002902.0,50,2025-02-08 00:38:45.2760000 +00:00,2025-02-08 00:38:45.2760000 +00:00
18eecc24e926,Centro,5008305.0,50,2020-10-29 11:41:57.1740000 +00:00,2020-10-29 11:41:57.1740000 +00:00
0b44c403d17f,Jardim Sumatra,5002704.0,50,2025-06-16 22:06:02.9830000 +00:00,2025-06-16 22:06:18.0680000 +00:00
da74b6b26cd3,Jardim Paulista,5003702.0,50,2022-02-02 00:32:04.4070000 +00:00,2022-02-02 00:34:58.1970000 +00:00
ff553770900f,Jardim Paranapunga,5008305.0,50,2025-04-28 13:43:34.1010000 +00:00,2025-04-28 13:43:34.1010000 +00:00
7bfaf7b405c1,Jardim Samambaia,5002704.0,50,2021-12-27 19:46:22.0120000 +00:00,2021-12-27 19:46:22.0120000 +00:00
00b39e95051f,Vila Sílvia Regina,5002704.0,50,2022-08-17 10:19:20.5160000 +00:00,2022-08-17 10:19:20.5160000 +00:00
56d36b45e4db,Gragoatá,3303302.0,33,2023-12-29 19:16:17.0650000 +00:00,2023-12-29 19:16:17.0650000 +00:00
36d740ab9176,Vila Giocondo Orsi,5002704.0,50,2024-05-09 13:38:06.1790000 +00:00,2024-05-09 13:38:10.0740000 +00:00
34844fbad0a5,Carioca,5008305.0,50,2021-07-10 10:46:56.1750000 +00:00,2021-07-10 10:46:56.1750000 +00:00
9d547c23abe3,São Pedro,3305802.0,33,2023-04-04 22:55:32.8180000 +00:00,2023-06-01 18:26:40.2780000 +00:00
4d0f4d115d39,Alvarenga,3548708.0,35,2025-04-25 03:30:12.5800000 +00:00,2025-04-25 03:30:12.5800000 +00:00
e2166a7299cf,Jardim Água Boa,5003702.0,50,2026-08-02 21:37:13.5710000 +00:00,2026-08-02 21:37:18.3730000 +00:00
a8448b7f1e7f,Vila Margarida,5002704.0,50,2024-05-17 03:49:02.3060000 +00:00,2024-05-17 03:49:02.3060000 +00:00
ffb1bfe3d55d,Centro,5006200.0,50,2024-08-13 06:03:12.8050000 +00:00,2024-08-13 06:12:13.0930000 +00:00
3a6b549bf086,Jardim São Conrado,5002704.0,50,2026-01-13 00:41:23.5480000 +00:00,2026-01-13 00:41:23.5480000 +00:00
33a55782eeec,Setor Oeste,5208707.0,52,2023-10-28 22:02:49.7280000 +00:00,2023-10-28 22:02:54.4890000 +00:00
5717d312c942,Conjunto Aero Rancho,5002704.0,50,2021-09-02 00:58:07.8610000 +00:00,2021-09-02 00:58:07.8610000 +00:00
6d5218cfbf12,Jardim Imá,5002704.0,50,2025-03-03 22:27:37.8740000 +00:00,2025-03-03 22:27:37.8740000 +00:00
1519ba80f1e1,Loteamento Bosque da Esperança,5002704.0,50,2023-11-26 10:08:01.6770000 +00:00,2023-11-26 10:08:01.6770000 +00:00
688542a9bec3,Vila São Jorge da Lagoa,5002704.0,50,2023-03-07 17:14:34.9340000 +00:00,2023-03-07 17:14:34.9340000 +00:00
405b7d8dab47,Cohafaba III Plano,5003702.0,50,2025-03-17 20:19:22.8450000 +00:00,2025-03-17 20:19:22.8450000 +00:00
16a0e2f2cbcc,centro ,5005103.0,50,2021-04-03 14:55:40.7780000 +00:00,2021-08-13 13:50:05.6720000 +00:00
faf5909e896a,Conjunto Habitacional Izidro Pedroso,5003702.0,50,2021-09-23 02:54:49.8850000 +00:00,2021-09-23 02:54:49.8850000 +00:00
bba593145a90,Jardim Florestan Fernandes,3543402.0,35,2026-01-28 13:33:11.6360000 +00:00,2026-01-28 13:33:11.6360000 +00:00
e83b07709ae2,Conjunto Aero Rancho,5002704.0,50,2024-10-10 13:52:33.2150000 +00:00,2024-10-10 13:52:33.2150000 +00:00
87fe529246c7,Santos Dumont,5008305.0,50,2020-10-29 03:07:09.0680000 +00:00,2020-10-29 03:07:09.0680000 +00:00
ff6681e00168,Campo Belo III,5003702.0,50,2021-12-26 20:22:00.1380000 +00:00,2021-12-26 20:22:00.1380000 +00:00
b0f513e1a70d,Parque São João,4118204.0,41,2024-09-22 12:56:59.2920000 +00:00,2024-09-22 12:56:59.2920000 +00:00
71fe170c424f,Mata do Jacinto,5002704.0,50,2020-10-20 00:31:53.5760000 +00:00,2020-10-20 00:33:19.0120000 +00:00
673acb143e24,Parque Residencial Rita Vieira,5002704.0,50,2020-10-28 12:58:52.4780000 +00:00,2020-10-28 12:58:52.4780000 +00:00
d189a1452c8e,Monte Castello,5002704.0,50,2022-01-31 20:33:28.0720000 +00:00,2022-01-31 20:33:28.0720000 +00:00
9466b1e154df,Amambaí,5002704.0,50,2023-05-27 15:20:54.2230000 +00:00,2023-05-27 15:20:54.2230000 +00:00
6894eba4d127,Zona Rural ,1504455.0,15,2025-01-06 06:02:34.2700000 +00:00,2025-01-06 06:02:48.8000000 +00:00
3e435617bf41,Centro,5002704.0,50,2023-09-19 14:25:04.6920000 +00:00,2023-09-19 14:25:09.8710000 +00:00
646fcfcd0651,vila Pernambuco ,5002902.0,50,2020-05-02 17:23:09.6410000 +00:00,2020-05-02 17:23:09.6410000 +00:00
02ad9d57a40b,Jardim dos Ipês,5008305.0,50,2024-12-10 14:44:04.2700000 +00:00,2024-12-10 14:44:04.2700000 +00:00
707ebef8dff6,Itapoã ,5004700.0,50,2022-12-21 14:40:08.8320000 +00:00,2022-12-21 14:40:08.8320000 +00:00
9706fa6e6552,Parque do Lageado,5002704.0,50,2023-04-26 20:22:59.6010000 +00:00,2023-04-26 20:22:59.6010000 +00:00
820823a82c82,Residencial Búzios,5002704.0,50,2026-01-21 17:46:37.5340000 +00:00,2026-01-21 17:46:37.5340000 +00:00
763aa4ed91c3,Jardim Aero Rancho,5002704.0,50,2025-09-26 22:39:38.2580000 +00:00,2025-09-26 22:39:38.2580000 +00:00
11974284ac2d,Jardim Carioca,5002704.0,50,2025-01-08 18:36:36.3100000 +00:00,2025-01-08 18:37:11.2710000 +00:00
d210c40102d4,Jardim Independência,5003702.0,50,2022-08-28 23:05:10.4970000 +00:00,2022-08-28 23:05:31.8340000 +00:00
f879eb5b33e9,Jardim Morenão,5002704.0,50,2022-02-14 04:37:52.6210000 +00:00,2022-02-14 04:37:52.6210000 +00:00
73ac4e5bb6e7,Jardim Flamboyant,5008305.0,50,2026-02-14 15:17:58.7270000 +00:00,2026-02-14 15:17:58.7270000 +00:00
3ca4f0edebfb,Parque dos Novos Estados,5002704.0,50,2021-06-03 22:27:18.6120000 +00:00,2021-06-03 22:27:18.6120000 +00:00
91e5880a24d3,centro ,5008404.0,50,2022-08-01 13:21:02.7840000 +00:00,2022-08-01 13:21:02.7840000 +00:00
5511997456d4,Centro,5002704.0,50,2026-07-08 10:01:57.5740000 +00:00,2026-07-08 10:02:31.8630000 +00:00
0da4ef375841,centro,5007695.0,50,2023-12-18 19:04:37.6560000 +00:00,2023-12-18 19:04:37.6560000 +00:00
2a2c412e0db4,Centro ,5008008.0,50,2025-02-19 01:12:55.5640000 +00:00,2025-02-19 01:12:55.5640000 +00:00
3c0ad154e2ae,Vila Base Aérea,5002704.0,50,2021-06-18 03:21:23.4580000 +00:00,2021-06-18 03:21:23.4580000 +00:00
872c47a36963,Loteamento Residencial Alto dos Ipês,3502101.0,35,2020-10-17 01:46:38.4220000 +00:00,2020-10-17 01:46:38.4220000 +00:00
7c636d2df67d,Novo Oeste,5008305.0,50,2024-04-29 11:08:47.8050000 +00:00,2024-04-29 11:08:47.8050000 +00:00
0556c1b9da52,Jardim Santa Maria ,5001904.0,50,2022-07-04 20:56:25.5750000 +00:00,2022-07-04 20:56:25.5750000 +00:00
34d7b01832ea,Jardim Angélica,5008305.0,50,2025-02-18 20:00:59.1340000 +00:00,2025-02-18 20:00:59.1340000 +00:00
a7a345e9c7dc,Nova Suiça,5208707.0,52,2022-03-15 22:37:15.7450000 +00:00,2022-03-15 22:37:15.7450000 +00:00
113aaba85bd9,Monte Castelo,5002704.0,50,2023-05-07 11:20:27.5500000 +00:00,2023-05-07 11:20:59.1140000 +00:00
a54956b53ad4,Arnaldo Estevão Figueiredo,5002704.0,50,2022-10-21 14:39:29.8070000 +00:00,2022-10-21 14:39:29.8070000 +00:00
63ac27760bb8,Vila Marcos Roberto,5002704.0,50,2021-09-07 20:56:44.0510000 +00:00,2021-09-07 21:01:03.2580000 +00:00
53fe0a5c55a2,Jardim Petrópolis,5103403.0,51,2021-03-27 02:24:50.3150000 +00:00,2021-03-27 02:26:39.7380000 +00:00
2a22a00b8bac,Royal Park,5002704.0,50,2023-01-13 16:58:20.3770000 +00:00,2023-01-13 16:58:20.3770000 +00:00
97d0758e2af1,Maguari,1500800.0,15,2022-06-02 06:39:05.5360000 +00:00,2022-06-02 06:39:05.5360000 +00:00
4ad4026570b6,Pernambués,2927408.0,29,2023-07-20 14:52:44.0860000 +00:00,2023-07-20 14:52:44.0860000 +00:00
e59d44c22b0c,Centro,1500800.0,15,2021-12-09 02:36:21.4100000 +00:00,2021-12-09 02:36:21.4100000 +00:00
4a7bc1bf6548,Jardim Vila Verde,5008305.0,50,2020-11-09 09:50:42.0350000 +00:00,2020-11-09 09:50:42.0350000 +00:00
35f2cc316aa9,Centro,5006606.0,50,2021-06-26 19:25:15.9330000 +00:00,2021-06-26 19:25:15.9330000 +00:00
718562020abe,Jardim Novo Pantanal,3550308.0,35,2024-03-03 13:40:41.6040000 +00:00,2024-03-03 13:40:41.6040000 +00:00
22fce4fee1c1,Vila Manoel Taveira,5002704.0,50,2026-05-07 20:18:45.4660000 +00:00,2026-05-07 20:18:45.4660000 +00:00
77469dea0f86,Pedro Pedrossian,5006200.0,50,2026-05-26 13:32:37.6790000 +00:00,2026-05-26 13:32:37.6790000 +00:00
794614688d83,Centro,5002704.0,50,2024-12-15 03:37:55.6740000 +00:00,2024-12-15 03:37:55.6740000 +00:00
abb5bb223bf2,Aeroporto,5003207.0,50,2026-03-24 06:55:40.1220000 +00:00,2026-03-24 06:57:24.1230000 +00:00
a2cf6f72293a,Centro América,5003207.0,50,2023-03-03 18:28:40.8770000 +00:00,2023-03-06 12:04:17.1720000 +00:00
e2289d40003d,Vila Nova Campo Grande,5002704.0,50,2020-05-04 20:14:38.1260000 +00:00,2020-05-04 20:14:38.1260000 +00:00
cb1d1bcb5664,Coophafé,5002704.0,50,2021-02-01 06:31:48.1380000 +00:00,2021-02-01 06:31:48.1380000 +00:00
ac3cbf74032e,Parque Central,3550308.0,35,2024-12-03 16:45:28.9840000 +00:00,2024-12-03 16:45:52.4710000 +00:00
54fda517d966,Primavera,3544251.0,35,2026-03-18 04:12:42.5490000 +00:00,2026-03-18 04:12:42.5490000 +00:00
7894f439fbc0,Parque Nova Dourados,5003702.0,50,2023-10-20 18:42:57.2690000 +00:00,2023-10-20 18:42:57.2690000 +00:00
159681f76961,Jardim Cangalha,5008305.0,50,2023-01-16 02:03:00.9510000 +00:00,2023-03-09 02:52:09.0450000 +00:00
e49210e2a7e1,centro,5006200.0,50,2023-08-18 15:39:38.5810000 +00:00,2023-08-18 15:39:38.5810000 +00:00
d8f27b16c56b,Jardim Moema,5002704.0,50,2024-12-14 14:47:03.4720000 +00:00,2024-12-14 14:47:49.8920000 +00:00
7f8afdeb7d71,jardim Santa lucia,5006309.0,50,2026-01-17 07:28:15.5330000 +00:00,2026-01-17 07:28:15.5330000 +00:00
b4d4a564f5d3,Parque Residencial Orestes Prata Tibery ,5008305.0,50,2026-02-12 23:06:21.6210000 +00:00,2026-02-12 23:06:21.6210000 +00:00
89f8932f8d60,Jardim Alvorada,5008305.0,50,2024-10-03 14:33:14.8790000 +00:00,2026-07-27 11:43:44.7750000 +00:00
57e0ff702bba,Parque das Nações II,5003702.0,50,2025-02-02 23:44:56.9710000 +00:00,2025-02-02 23:44:56.9710000 +00:00
094dc2019b03,pirqcema,5003306.0,50,2022-12-09 23:07:07.9840000 +00:00,2022-12-09 23:07:07.9840000 +00:00
c5e9df1d2c57,Tiradentes,2307304.0,23,2021-11-01 22:47:22.3790000 +00:00,2021-11-01 22:47:43.2520000 +00:00
03febf3123be,Caiçara,5002704.0,50,2021-10-04 11:59:45.2900000 +00:00,2021-10-04 11:59:45.2900000 +00:00
df9461161e6a,Cidade Jardim,5002704.0,50,2026-04-13 19:38:39.6840000 +00:00,2026-04-13 19:38:39.6840000 +00:00
3e236ea90a6e,Mata do Jacinto,5002704.0,50,2024-07-18 16:48:02.6970000 +00:00,2025-09-14 03:34:34.8450000 +00:00
1f13d1fd2457,Jardim Aero Rancho,5002704.0,50,2026-05-20 04:22:10.7280000 +00:00,2026-05-20 04:26:27.2200000 +00:00
f14dc7d6cb2c,Vila Margarida,5002704.0,50,2025-03-21 19:30:36.9820000 +00:00,2025-03-21 19:30:36.9820000 +00:00
0c77149e920a,Jardim Monumento,5002704.0,50,2020-09-11 06:20:30.8380000 +00:00,2020-09-11 06:20:47.2810000 +00:00
2da528c25bb5,Jardim Flórida,5003702.0,50,2021-08-20 00:59:28.9920000 +00:00,2021-08-20 00:59:28.9920000 +00:00
ebcbe241f049,centro ,5006903.0,50,2024-09-18 18:31:27.1850000 +00:00,2024-09-18 18:31:27.1850000 +00:00
3669c9bd3893,Jardim Nélia,3550308.0,35,2024-11-23 06:33:48.0790000 +00:00,2024-11-23 06:33:48.0790000 +00:00
bcb0fd9de503,São Francisco,5002704.0,50,2022-04-07 00:48:15.8150000 +00:00,2022-04-07 00:52:02.8390000 +00:00
de8522eb37cd,Carandá Bosque,5002704.0,50,2021-04-23 23:20:15.4350000 +00:00,2021-04-23 23:21:11.5590000 +00:00
5af9f6abdeb0,Maria Aparecida Pedrossian,5002704.0,50,2021-01-22 11:04:06.5880000 +00:00,2021-01-22 11:04:06.5880000 +00:00
220d7d6ff746,Jardim América,5003702.0,50,2024-07-19 20:55:45.1870000 +00:00,2024-07-19 20:55:45.1870000 +00:00
31b4030f68ff,Centro,5003702.0,50,2023-08-10 14:21:36.1960000 +00:00,2023-08-10 14:22:09.7010000 +00:00
4fb898636522,Vila Margarida,5002704.0,50,2022-09-10 16:35:07.9290000 +00:00,2022-09-10 16:35:43.3230000 +00:00
13cde544a5be,Vila Carlota,5002704.0,50,2020-04-26 19:45:25.3430000 +00:00,2020-04-26 19:45:25.3430000 +00:00
35a7f0f01fe3,centro,5002902.0,50,2020-06-02 00:51:44.6710000 +00:00,2020-06-02 00:52:08.0820000 +00:00
b7fde1d045fc,Nova Esperança ,5004601.0,50,2024-07-02 16:37:24.3360000 +00:00,2024-07-02 16:37:24.3360000 +00:00
1a35f7e20afc,Residencial Ponta Porã I,5006606.0,50,2021-07-03 14:58:45.7850000 +00:00,2021-07-03 14:58:45.7850000 +00:00
6c01f06fceeb,Alto do Mateus,2507507.0,25,2024-07-24 19:26:44.6900000 +00:00,2024-07-24 19:52:33.2010000 +00:00
0c1b1c17f134,centro ,5002902.0,50,2021-07-02 01:12:48.3460000 +00:00,2021-07-02 01:12:48.3460000 +00:00
a9825cb742b9,cidade nova,1500800.0,15,2021-01-22 16:55:54.3060000 +00:00,2021-01-22 16:55:54.3060000 +00:00
ee705b117038,Jardim Guanabara,5003702.0,50,2025-05-18 20:38:36.1590000 +00:00,2025-05-18 20:38:36.1590000 +00:00
c84f2df4e86e,Jardim Ouro Verde,5005806.0,50,2021-01-21 23:02:22.3090000 +00:00,2021-01-21 23:02:22.3090000 +00:00
90e570c1c8f8,Jardim Flamboyant,5008305.0,50,2020-11-28 17:35:54.4150000 +00:00,2020-11-28 17:35:54.4150000 +00:00
25d4a4c6950a,Parque dos Novos Estados,5002704.0,50,2023-04-01 13:47:39.3660000 +00:00,2023-10-27 18:38:27.0870000 +00:00
9bc19decdcaf,Bosque de Avilan,5002704.0,50,2025-05-22 22:50:51.6590000 +00:00,2025-05-22 22:50:51.6590000 +00:00
941e0d9e2a3f,Vila Moreninha I,5002704.0,50,2024-08-20 21:54:23.2120000 +00:00,2024-08-20 21:54:33.4150000 +00:00
677b9d2bb019,Santa Fé,5002704.0,50,2021-06-22 02:33:38.0890000 +00:00,2021-06-22 02:33:45.4010000 +00:00
7fa2df49962a,Vila Flório,5002704.0,50,2020-04-30 01:30:00.8350000 +00:00,2023-12-02 15:02:37.8230000 +00:00
7187b370e1cb,Residencial Oliveira III,5002704.0,50,2024-05-13 01:34:48.7820000 +00:00,2024-05-13 01:36:13.3150000 +00:00
07e5bc193f57,Conjunto Aero Rancho,5002704.0,50,2022-12-15 20:18:45.7070000 +00:00,2022-12-15 20:18:45.7070000 +00:00
6140dc2af565,Vila Base Aérea,5002704.0,50,2021-08-14 17:09:09.0360000 +00:00,2021-08-14 17:09:09.0360000 +00:00
77175b706f69,Vila Giocondo Orsi,5002704.0,50,2025-02-19 16:32:46.7590000 +00:00,2025-02-20 18:08:38.5720000 +00:00
e5ffa99020c0,Bairro Seminário,5002704.0,50,2026-02-25 14:13:48.9460000 +00:00,2026-02-25 14:13:48.9460000 +00:00
137ba810e664,Jardim das Estrelas ,5002704.0,50,2025-07-30 01:18:45.2760000 +00:00,2025-12-03 21:10:43.0200000 +00:00
a590ce4bf641,Parque dos Jequitibás,5003702.0,50,2023-04-27 15:05:00.9840000 +00:00,2023-04-27 15:05:00.9840000 +00:00
5b3edd7097a3,Parque Alvorada,5003702.0,50,2021-09-27 21:26:54.7370000 +00:00,2021-09-27 21:26:54.7370000 +00:00
168bdf375bb7,Coophavila II,5002704.0,50,2025-03-13 09:47:58.5990000 +00:00,2025-06-03 10:31:01.4810000 +00:00
9c1447e056f0,Piraveve,5004700.0,50,2024-04-16 22:25:26.4080000 +00:00,2024-04-16 22:25:26.4080000 +00:00
618f8ab73d01,Vila Marcos Roberto,5002704.0,50,2024-12-18 18:47:58.3910000 +00:00,2024-12-18 18:47:58.3910000 +00:00
aaa4d7383ad8,Nova Lima,5002704.0,50,2025-05-05 12:44:45.5870000 +00:00,2025-05-05 12:44:54.6590000 +00:00
02267f4ad19d,Gramame,2507507.0,25,2024-11-30 20:08:02.9940000 +00:00,2024-11-30 20:08:02.9940000 +00:00
6f868bc4e7fd,centro,5000906.0,50,2020-04-30 23:31:45.9460000 +00:00,2020-04-30 23:31:45.9460000 +00:00
bc23dd84335f,Parque das Laranjeiras,3530805.0,35,2023-08-31 05:16:37.7580000 +00:00,2023-08-31 05:16:37.7580000 +00:00
67a5a729b591,Residencial Jamil Saldanha Derzi,5006606.0,50,2022-12-16 02:05:44.9190000 +00:00,2022-12-16 02:05:59.0900000 +00:00
dbffb41c871c,Residencial Santo Antônio,5007109.0,50,2025-01-26 14:27:44.5330000 +00:00,2025-10-12 14:58:26.9490000 +00:00
978ddea6adba,Vila Nova ,5000906.0,50,2024-05-30 01:01:04.3810000 +00:00,2024-05-30 01:01:39.9510000 +00:00
7fdeaf699916,Jardim das Rosas,5006606.0,50,2021-03-25 01:14:27.3720000 +00:00,2021-03-25 01:14:27.3720000 +00:00
d819910b8b52,Jardim Novo Horizonte,5003702.0,50,2024-12-06 19:08:04.6750000 +00:00,2024-12-06 19:08:04.6750000 +00:00
ed63bcb4c596,Jardim Veraneio,5002704.0,50,2023-07-31 22:08:28.7530000 +00:00,2023-07-31 22:15:31.5610000 +00:00
d700143f0895,Universitário,5003207.0,50,2023-12-21 17:01:51.9790000 +00:00,2023-12-21 17:01:51.9790000 +00:00
3811ec531db5,Centro,5003207.0,50,2026-05-18 13:33:45.2400000 +00:00,2026-05-18 13:33:45.2400000 +00:00
f7020d48d861,Universitário,5003207.0,50,2023-10-02 20:04:58.8040000 +00:00,2023-10-02 20:04:58.8040000 +00:00
f34fc8e8f22b,Panamá,5002704.0,50,2021-01-22 16:11:23.5780000 +00:00,2021-09-07 20:38:52.1830000 +00:00
3bf13232c8f6,Jardim Aero Rancho,5002704.0,50,2024-07-14 22:05:21.6570000 +00:00,2024-07-14 22:05:21.6570000 +00:00
5c5385a88be2,São Cristóvão,3304557.0,33,2023-11-21 00:22:09.5120000 +00:00,2023-11-21 00:22:09.6690000 +00:00
043750622fde,Universitário,5003207.0,50,2020-06-20 03:12:48.2240000 +00:00,2020-06-20 03:13:47.0130000 +00:00
5268ad9ea1f0,Jardim Antáres,5002704.0,50,2020-04-25 22:12:26.7540000 +00:00,2020-04-25 22:12:26.7540000 +00:00
676dab5d14ea,Centro ,3547700.0,35,2024-04-11 19:29:04.3080000 +00:00,2024-04-11 19:38:51.7250000 +00:00
012b988eed4d,Vila Rosa,5003702.0,50,2025-06-04 11:13:19.8300000 +00:00,2025-06-04 11:13:19.8300000 +00:00
6e4a2bcafb57,Padre Ernesto Sassida,5003207.0,50,2026-02-27 19:59:12.1370000 +00:00,2026-02-27 19:59:12.1370000 +00:00
f06ec23e21d8,Tapanã (Icoaraci),1501402.0,15,2024-10-03 23:42:42.9690000 +00:00,2024-10-03 23:45:48.1720000 +00:00
292c927e51b9,Jardim Caramuru,5003702.0,50,2026-01-19 13:24:15.8510000 +00:00,2026-01-19 13:54:25.1590000 +00:00
c4f6ed9e959b,Jardim Paulista,5000203.0,50,2020-04-27 20:56:18.7690000 +00:00,2020-04-27 20:56:18.8600000 +00:00
c4143b7427a2,Aero rancho,5002704.0,50,2020-10-26 18:43:10.9750000 +00:00,2020-10-26 18:43:10.9750000 +00:00
7435d0245c6c,Centro,5002951.0,50,2022-04-20 11:38:56.8570000 +00:00,2022-04-20 11:38:56.8570000 +00:00
cdd012d33e69,Gramame,2507507.0,25,2026-01-05 18:36:21.9520000 +00:00,2026-01-05 18:36:21.9520000 +00:00
ef381a8ad73b,Nova Rio brilhante ,5007208.0,50,2025-07-28 04:16:36.5250000 +00:00,2025-07-28 04:16:55.8990000 +00:00
f93939daf723,Jardim Rodolfo Pirani,3550308.0,35,2024-05-25 04:26:51.3630000 +00:00,2024-05-25 04:26:51.3630000 +00:00
91487642fda0,Espatodia ,5002951.0,50,2024-09-11 19:06:38.3670000 +00:00,2025-08-18 14:54:20.4860000 +00:00
f6d225b55156,Caiçara,5002704.0,50,2026-05-01 00:19:43.8690000 +00:00,2026-05-01 00:19:53.8040000 +00:00
53e1ba6ae847,Nova Lima,5002704.0,50,2020-04-28 03:05:14.9330000 +00:00,2020-04-28 03:05:14.9330000 +00:00
c0028e027f64,Jardim Colúmbia,5002704.0,50,2024-04-01 21:47:20.0830000 +00:00,2024-04-01 21:47:20.0830000 +00:00
660605581636,Centro,5003702.0,50,2022-02-03 17:44:32.9890000 +00:00,2022-02-03 17:45:01.2490000 +00:00
2822e4d3e564,Vila Toscana II,5003702.0,50,2025-01-13 17:55:08.2350000 +00:00,2025-01-13 17:55:08.2350000 +00:00
906a38544905,vila carlota,5002704.0,50,2022-01-11 18:43:03.9590000 +00:00,2023-01-16 19:25:42.9590000 +00:00
8c61b6459812,Piraveve,5004700.0,50,2025-04-28 17:05:21.5130000 +00:00,2025-04-28 17:06:05.9080000 +00:00
0c500d77f10f,Rio Doce,2609600.0,26,2024-05-23 23:03:25.1070000 +00:00,2024-05-23 23:03:25.1070000 +00:00
e66ea3fce107,Centro ,5004007.0,50,2022-04-07 19:03:35.6710000 +00:00,2022-05-19 14:14:29.9950000 +00:00
d210a74ea38c,Vila Edemir ,5001102.0,50,2023-06-04 21:50:23.1720000 +00:00,2023-09-01 16:17:51.0660000 +00:00
9eb1462186b2,Jardim Dourados,5008305.0,50,2025-02-24 16:30:24.1350000 +00:00,2025-02-24 16:30:40.0410000 +00:00
6569196ad4f2,Vila Jacy,5002704.0,50,2026-05-23 09:12:55.6440000 +00:00,2026-05-23 09:13:34.0740000 +00:00
f6a993dda45f,Centro Educacional,5006200.0,50,2021-05-29 12:04:31.1020000 +00:00,2021-05-29 12:04:31.1020000 +00:00
fd52a6eae49e,Centro,5003702.0,50,2021-10-17 10:11:12.9960000 +00:00,2021-10-17 10:11:40.7200000 +00:00
b23ac6f1b43c,Lar do Trabalhador,5002704.0,50,2024-07-07 18:06:14.6580000 +00:00,2024-07-07 18:06:14.6580000 +00:00
9ad112a74850,Vila Margarida,5002704.0,50,2025-05-23 12:02:03.9960000 +00:00,2025-05-23 12:02:03.9960000 +00:00
33e5db77bd68,Jardim Presidente,5002704.0,50,2022-01-11 21:07:19.5580000 +00:00,2022-01-11 21:07:37.9840000 +00:00
5120da657768,JD GRAMADO ,5007695.0,50,2023-10-19 19:20:15.8890000 +00:00,2023-10-19 19:20:15.8890000 +00:00
0cc08ddd91cd,Nova Lima,5002704.0,50,2024-10-02 13:20:18.5250000 +00:00,2024-10-02 13:20:27.7740000 +00:00
4919e1f0442e,Jardim Santa Emília,5002704.0,50,2024-05-09 01:16:55.5690000 +00:00,2024-05-09 01:22:15.4350000 +00:00
5c1f2fe23ea4,SÃO VICENTE ,5006200.0,50,2022-03-17 17:58:30.1410000 +00:00,2022-03-17 18:00:24.9580000 +00:00
026b100dd209,Panorama,5002704.0,50,2020-05-13 21:49:52.7010000 +00:00,2021-01-30 11:06:51.0100000 +00:00
d3e2f4f461b9,Vila Margarida,5002704.0,50,2021-08-12 04:42:26.5960000 +00:00,2021-08-12 04:42:26.5960000 +00:00
a805d04af181,Jardim América,5003702.0,50,2024-03-02 18:32:46.2030000 +00:00,2024-03-02 18:32:46.2030000 +00:00
aad80a9c0fc7,Vila Nova Campo Grande,5002704.0,50,2026-01-12 19:25:47.9230000 +00:00,2026-01-12 19:25:47.9230000 +00:00
08d0c2f25cc7,Jardim Alvorada,5008305.0,50,2025-07-08 15:10:13.9020000 +00:00,2025-07-08 15:10:13.9020000 +00:00
272fb8ec69f1,Jardim Aeroporto,5002704.0,50,2020-04-27 17:36:29.1740000 +00:00,2020-04-27 17:36:29.1740000 +00:00
1f1ef76ec927,centro,5004106.0,50,2023-04-04 11:38:44.0090000 +00:00,2023-04-04 11:43:13.1820000 +00:00
428778333f66,Centro,5002704.0,50,2022-01-31 00:45:35.3640000 +00:00,2022-01-31 00:46:23.5410000 +00:00
1016473e8775,Jardim Independência,5003702.0,50,2020-04-28 02:19:26.7870000 +00:00,2020-04-28 02:19:38.9620000 +00:00
81521aa15aa6,centro ,5000807.0,50,2024-02-03 23:33:42.6900000 +00:00,2024-02-03 23:33:46.3190000 +00:00
4a1f7bd649b0,Bairro da Granja,5006606.0,50,2024-11-14 19:10:50.8690000 +00:00,2024-11-14 19:10:50.8690000 +00:00
06f82f630996,Maguari,1500800.0,15,2022-08-05 09:51:55.3160000 +00:00,2022-08-05 09:51:55.3160000 +00:00
4ac400b6db51,Jardim Montevidéu,5002704.0,50,2024-08-23 03:52:29.7580000 +00:00,2024-08-23 03:52:29.7580000 +00:00
b7c9761bb1cd,centro ,4212908.0,42,2021-08-06 17:40:07.4780000 +00:00,2021-08-06 17:40:07.4780000 +00:00
9a2859896258,Conjunto Iracy Coelho III,5002704.0,50,2020-05-28 04:57:14.6960000 +00:00,2020-05-28 04:57:14.6960000 +00:00
1e087913c9dc,Vila Vilas Boas,5002704.0,50,2024-06-20 18:22:35.0800000 +00:00,2024-06-20 18:22:35.0800000 +00:00
151747497fac,Vila Progresso,5002704.0,50,2023-04-20 04:44:33.0820000 +00:00,2023-04-20 04:44:33.0820000 +00:00
9267f65d2584,Chácara Cachoeira,5002704.0,50,2022-09-29 17:57:04.8650000 +00:00,2022-09-29 17:57:04.8650000 +00:00
d2d0ce6fa177,São Francisco,5002704.0,50,2025-03-11 17:00:09.1970000 +00:00,2025-03-11 17:00:20.6230000 +00:00
b41eb93e1763,centro ,5005004.0,50,2026-03-12 10:26:17.7200000 +00:00,2026-03-12 10:26:17.7200000 +00:00
72174d4b5445,Jardim Jacy,5002704.0,50,2025-02-15 18:08:17.5640000 +00:00,2025-02-15 18:08:24.8450000 +00:00
bcbb95954e42,Joquey Club ,5006903.0,50,2023-06-27 12:25:52.3470000 +00:00,2023-06-27 12:25:52.3470000 +00:00
eac1f9fcdb22,Centro,5005251.0,50,2024-12-04 18:32:05.4040000 +00:00,2025-06-08 20:58:24.6440000 +00:00
678141d631c4,Cidade Nova,1302603.0,13,2023-03-31 16:16:14.9830000 +00:00,2023-03-31 16:16:14.9830000 +00:00
347ba4478b4d,Vila Marcos Roberto,5002704.0,50,2025-11-22 08:50:17.5490000 +00:00,2025-11-22 08:56:28.9660000 +00:00
3194450eeb72,Vila Toscana,5003702.0,50,2023-04-25 22:37:26.6380000 +00:00,2023-04-25 22:38:01.5770000 +00:00
1626c9dbd7e3,Vila Rosa,5003702.0,50,2026-08-11 11:07:55.2720000 +00:00,2026-08-11 11:07:55.2720000 +00:00
88d170ce715d,Loteamento Praia da Urca,5002704.0,50,2026-01-04 22:06:43.0240000 +00:00,2026-01-04 22:06:43.0240000 +00:00
658a5e4732c0,Santos Dumont,5008305.0,50,2021-11-04 15:43:59.4210000 +00:00,2021-11-04 15:43:59.4210000 +00:00
0848dd667805,Centro ,5006200.0,50,2020-05-01 00:30:06.1450000 +00:00,2020-05-01 00:31:33.4060000 +00:00
0df8bda72381,Santa Terezinha,5006200.0,50,2021-08-13 19:07:14.6870000 +00:00,2021-08-13 19:07:14.6870000 +00:00
c96e97fca94c,centro ,5006275.0,50,2025-03-09 20:02:54.3400000 +00:00,2025-03-09 20:02:54.3400000 +00:00
9634766aaa27,Vila Camisão ,5005004.0,50,2025-04-15 22:57:38.1840000 +00:00,2025-04-15 23:00:22.0920000 +00:00
0c0899abf805,Piravevê ,5004700.0,50,2026-05-05 19:01:41.0580000 +00:00,2026-05-05 19:01:41.0580000 +00:00
3f4b871a575c,nossa senhora aparecida,5006903.0,50,2021-12-26 15:34:21.1810000 +00:00,2021-12-28 10:32:47.1590000 +00:00
dcc3bd47eab2,Jardim Itatiaia,5002704.0,50,2024-09-23 15:08:42.5750000 +00:00,2024-09-23 15:08:42.5750000 +00:00
9c9b4219b5ae,Jardim do Éden,3516200.0,35,2024-06-18 09:57:50.5750000 +00:00,2024-06-18 09:57:50.5750000 +00:00
c3688818be4d,Morro Santa Maria,3548500.0,35,2023-07-17 18:55:26.7820000 +00:00,2023-07-17 18:55:26.7820000 +00:00
fd8e37532f4c,Esplanada,5003702.0,50,2026-05-10 02:17:18.2820000 +00:00,2026-05-10 02:17:18.2820000 +00:00
04d104881e79,Jardim Santa Luiza,3552205.0,35,2021-01-22 18:19:08.6490000 +00:00,2021-01-22 18:19:08.6490000 +00:00
a454953e81e7,Mangabeira 8,2507507.0,25,2026-01-22 16:48:25.1320000 +00:00,2026-01-22 16:49:58.6520000 +00:00
ee323e4e5724,Centro,5002704.0,50,2023-05-27 01:11:05.7440000 +00:00,2023-05-27 01:11:05.7440000 +00:00
98d4fad7e560,Altos do Indaiá ,5003702.0,50,2022-05-30 01:17:41.4290000 +00:00,2022-05-30 01:17:41.4290000 +00:00
645667956016,Jardim Radialista,5002704.0,50,2020-11-26 14:19:22.0080000 +00:00,2021-09-01 22:35:11.2820000 +00:00
39e59c987daf,Nova Lima,5002704.0,50,2024-08-15 20:01:42.7880000 +00:00,2024-08-15 20:01:42.7880000 +00:00
f8c5975faef9,Maria Aparecida Pedrossian,5002704.0,50,2021-04-15 02:19:09.5230000 +00:00,2021-04-15 02:19:12.5960000 +00:00
14897d9549f9,Monte Castelo,5002704.0,50,2025-08-08 12:42:22.7890000 +00:00,2025-08-08 12:42:22.7890000 +00:00
702d8de5f5a5,Loteamento Costa Verde,5002704.0,50,2024-03-11 14:22:04.5850000 +00:00,2024-03-27 11:11:29.3860000 +00:00
7f843e00d432,Residencial Sírio Libanês I,5002704.0,50,2024-06-12 10:06:08.9830000 +00:00,2024-06-12 10:06:44.6690000 +00:00
507466d21091,Jardim Nhanhá,5002704.0,50,2023-09-23 03:19:03.0430000 +00:00,2023-09-23 03:19:03.0430000 +00:00
d103b509674d,Jardim Indianápolis,5002704.0,50,2021-04-01 13:10:35.1040000 +00:00,2021-04-01 13:21:10.3900000 +00:00
7e9064d59300,Jardim Pênfigo,5002704.0,50,2021-12-02 14:57:42.1020000 +00:00,2021-12-02 14:57:42.1020000 +00:00
73595cfdfd48,Morada Verde,5002704.0,50,2024-05-08 21:45:06.2700000 +00:00,2024-05-08 21:45:06.2700000 +00:00
35dd45c9ea5a,Vila Oeste,5002704.0,50,2026-04-04 19:00:01.1580000 +00:00,2026-04-04 19:00:01.1580000 +00:00
4062ec6c3415,Centro,5002704.0,50,2024-02-28 16:14:00.3250000 +00:00,2024-02-28 16:15:33.7870000 +00:00
097d977a1aac,Santo Antônio,5006309.0,50,2021-09-04 21:17:44.7510000 +00:00,2021-09-04 21:17:44.7510000 +00:00
ff972160be3d,vila Operária ,5006200.0,50,2024-01-22 01:36:59.5180000 +00:00,2024-01-22 01:37:16.1330000 +00:00
2dcf636175b9,Jardim Centenário,5002704.0,50,2021-12-31 12:43:03.3870000 +00:00,2021-12-31 12:43:20.3310000 +00:00
088fc972ad05,Jardim Flórida,5003702.0,50,2022-04-16 19:38:24.0960000 +00:00,2022-04-16 19:38:24.0960000 +00:00
c8cf2aee2706,Vila Albuquerque,5002704.0,50,2026-08-10 16:43:39.5780000 +00:00,2026-08-10 16:43:39.5780000 +00:00
75d41e4a6227,Jardim Santa Emília,5002704.0,50,2024-03-02 22:28:24.0570000 +00:00,2024-03-02 22:28:48.7800000 +00:00
cfe0f7b927d7,Vila Piratininga,5002704.0,50,2022-03-15 13:03:53.8620000 +00:00,2022-03-15 13:07:29.5860000 +00:00
85d1ba58a814,São Francisco,5002704.0,50,2021-01-15 10:52:38.3830000 +00:00,2021-01-15 10:52:38.3830000 +00:00
3530e4c3e619,Solar do Vale ,5004700.0,50,2024-02-10 21:53:18.6540000 +00:00,2024-02-10 21:53:18.6540000 +00:00
3cae4df745b4,Santos Dumont,5008305.0,50,2023-11-10 23:23:44.3570000 +00:00,2023-11-10 23:23:44.3570000 +00:00
cb7fb7fca2fa,jequitibá ,3506508.0,35,2023-01-03 14:16:34.0040000 +00:00,2023-01-03 14:16:34.0040000 +00:00
3c6baf73ca3b,Santo Antonio ,5006309.0,50,2022-03-11 22:51:08.5340000 +00:00,2022-03-11 22:51:08.5340000 +00:00
2b1898003230,Conjunto Aero Rancho,5002704.0,50,2024-07-21 12:37:10.1630000 +00:00,2024-07-21 12:37:39.1000000 +00:00
133829c14d64,Altos do Alvorada 2 ,5003702.0,50,2022-06-08 19:49:25.8830000 +00:00,2022-06-08 19:49:25.8830000 +00:00
f7ecea953036,Jardim Itatiaia,5002704.0,50,2025-03-26 12:24:24.2950000 +00:00,2026-04-15 01:35:37.1390000 +00:00
ca3baa83b455,Cohafaba II Plano,5003702.0,50,2021-07-29 01:27:42.9670000 +00:00,2021-07-29 01:27:42.9670000 +00:00
a64a4e15b0f3,Altos do Indaia,5003702.0,50,2022-08-30 16:05:30.5740000 +00:00,2022-08-30 16:05:30.5740000 +00:00
4f674f355bfc,Parque Residencial Rita Vieira,5002704.0,50,2025-05-30 18:24:29.7400000 +00:00,2025-05-30 18:24:29.7400000 +00:00
3b68d48feb40,Jardim dos Passaros 2,5007695.0,50,2021-01-27 13:17:10.2050000 +00:00,2021-01-27 13:17:10.2050000 +00:00
5c8c5515165f,Centro,5006606.0,50,2023-03-27 02:54:28.1970000 +00:00,2023-03-27 02:55:37.8310000 +00:00
ce25fce31e6a,COHAB II,5003702.0,50,2024-04-21 15:20:48.4300000 +00:00,2024-04-21 15:20:48.4300000 +00:00
276f9cca48b5,,4115200.0,41,2026-05-24 21:43:29.2950000 +00:00,2026-05-24 21:43:29.2950000 +00:00
656591705e85,Piraporinha ,3513801.0,35,2025-02-13 20:48:24.3280000 +00:00,2025-02-13 20:48:24.3280000 +00:00
bdaa397a7de9,São Joaquim,5007109.0,50,2026-02-12 20:24:37.8200000 +00:00,2026-02-12 20:24:37.8200000 +00:00
478b1394feb8,Coqueiro,1500800.0,15,2021-11-04 17:52:02.2490000 +00:00,2021-11-04 18:00:39.3160000 +00:00
b135b0845cc6,Santos Dumont,5008305.0,50,2025-05-29 00:40:48.5420000 +00:00,2025-05-29 00:41:01.5000000 +00:00
020491eeef27,Jardim Cangalha ,5008305.0,50,2023-01-12 15:41:59.6250000 +00:00,2023-01-12 15:41:59.6250000 +00:00
fca079a2e53c,São Jorge,5008305.0,50,2022-03-11 15:50:53.0730000 +00:00,2022-09-10 21:25:22.2150000 +00:00
5a33bf1b4a5c,Zona Norte,3520442.0,35,2022-07-20 20:33:14.3640000 +00:00,2022-07-20 20:33:14.3640000 +00:00
92115c745379,centro ,5001904.0,50,2022-02-05 00:24:13.1440000 +00:00,2022-02-05 00:24:13.1440000 +00:00
925a32e71856,Interlagos,5008305.0,50,2023-09-04 16:47:01.8260000 +00:00,2023-09-04 16:47:01.8260000 +00:00
7b35bcc10f35,Vila Almeida,5002704.0,50,2021-06-26 22:33:25.6660000 +00:00,2021-06-26 22:33:31.1160000 +00:00
13ec238220d4,Boa Vista,4106902.0,41,2024-04-13 15:59:55.8200000 +00:00,2024-04-13 15:59:55.8200000 +00:00
c6964b7cc1e9,Coophamat,5002704.0,50,2024-01-24 13:51:46.8280000 +00:00,2024-01-24 13:51:46.8280000 +00:00
7cd4677602f3,Loteamento Praia da Urca,5002704.0,50,2024-03-03 16:40:15.2060000 +00:00,2024-03-03 16:40:15.2060000 +00:00
a37b10cce2ba,Parque dos Bancários,3550308.0,35,2024-08-29 04:03:51.0270000 +00:00,2024-08-29 04:19:13.5160000 +00:00
e63227f12bc0,Jardim Paranapunga,5008305.0,50,2022-01-07 19:41:03.3890000 +00:00,2022-01-07 19:41:03.3890000 +00:00
a243ca30db24,interior,4217204.0,42,2021-10-21 16:18:23.6040000 +00:00,2021-10-21 16:20:58.7890000 +00:00
5bf9dc9daf5d,Jaraguá,3550308.0,35,2024-07-19 12:55:23.4730000 +00:00,2024-07-19 12:55:23.4730000 +00:00
1c3657491943,Vila Serradinho,5002704.0,50,2026-07-02 22:52:04.8340000 +00:00,2026-07-02 22:52:04.8340000 +00:00
734ceb5c0668,Vila Terezinha,5008305.0,50,2022-03-01 11:40:31.8070000 +00:00,2022-03-01 11:40:31.8070000 +00:00
3a83c0105490,Cremação,1501402.0,15,2022-09-05 13:16:25.5040000 +00:00,2022-09-05 13:16:33.4680000 +00:00
5c3d811bc257,Casamar ,2613404.0,26,2025-07-27 01:50:02.3100000 +00:00,2025-07-27 01:50:02.3100000 +00:00
21f44f00a309,Jardim Parati,5002704.0,50,2024-03-07 13:10:09.7910000 +00:00,2024-09-07 14:24:51.5390000 +00:00
f77de67f7484,Parque dos Novos Estados,5002704.0,50,2025-03-31 15:49:11.0700000 +00:00,2025-03-31 15:49:11.0700000 +00:00
5f35dd743f2d,Cidade Tupinambá,3518800.0,35,2022-04-25 22:55:49.4950000 +00:00,2022-04-25 22:55:49.4950000 +00:00
d69a3485142b,Parque Alvorada,5003702.0,50,2026-03-24 14:22:59.3630000 +00:00,2026-03-24 14:22:59.3630000 +00:00
d3d5ff0ce5d0,Sobrinho,5002704.0,50,2021-10-07 19:42:53.0220000 +00:00,2021-10-07 19:43:23.5770000 +00:00
893ef32cb488,Centro ,5003801.0,50,2020-05-05 15:16:46.9320000 +00:00,2020-05-05 15:16:46.9320000 +00:00
ca873e1e447e,Jardim Climax,5003702.0,50,2022-06-07 15:33:50.9260000 +00:00,2022-06-07 15:33:50.9260000 +00:00
b9c29d3609b6,centro ,5000807.0,50,2024-01-06 22:22:10.3950000 +00:00,2024-01-06 22:22:42.5870000 +00:00
f11c9c5acc4d,Vila Planalto,5003702.0,50,2023-02-01 02:44:02.4880000 +00:00,2023-02-01 02:45:11.2140000 +00:00
7f45b26f29db,Vila Rica,5002704.0,50,2021-02-18 19:56:40.0320000 +00:00,2022-02-17 17:31:08.9990000 +00:00
259fbb265ce8,Centro ,5003488.0,50,2021-02-15 14:18:00.9380000 +00:00,2021-04-14 16:05:20.1410000 +00:00
9d90b02fe0a7,Paulo Coelho Machado ,5002704.0,50,2022-08-23 23:00:54.6810000 +00:00,2022-08-23 23:00:54.6810000 +00:00
0a72611f57dc,Vila Almeida,5002704.0,50,2021-04-03 00:58:53.9200000 +00:00,2021-04-03 00:58:53.9200000 +00:00
d3906b86f430,Monte Castelo,5002704.0,50,2025-05-28 11:21:41.4300000 +00:00,2025-05-28 11:21:41.4300000 +00:00
6664a95c2f42,Jardim dos Estados,5003207.0,50,2022-03-05 11:15:10.3590000 +00:00,2022-03-05 11:15:10.3590000 +00:00
52a1527d2219,Panorama,5002704.0,50,2022-04-06 19:39:01.3760000 +00:00,2022-04-06 19:39:01.3760000 +00:00
e5b1af38a0ab,universitário ll,5006200.0,50,2022-10-28 13:37:00.3080000 +00:00,2022-10-28 13:37:00.3080000 +00:00
0b8f663f79de,Itanhangá Park,5002704.0,50,2024-08-29 23:52:44.7700000 +00:00,2024-08-29 23:52:55.2660000 +00:00
675a57d700e1,Parque dos Novos Estados,5002704.0,50,2025-08-27 01:20:39.7000000 +00:00,2025-08-27 01:20:39.7000000 +00:00
695c9b9b645c,Jardim Jacy,5002704.0,50,2025-06-07 18:30:48.2120000 +00:00,2026-05-28 13:42:55.0770000 +00:00
f2cfb3444703,,5001102.0,50,2021-08-30 20:43:12.2130000 +00:00,2021-08-30 20:43:12.2130000 +00:00
f125426cd7fd,Centro ,5007901.0,50,2024-04-06 20:03:54.3080000 +00:00,2024-04-06 20:03:54.3080000 +00:00
20e4d40f800e,Monte Castelo,5002704.0,50,2020-09-10 01:00:39.8050000 +00:00,2020-09-10 01:00:39.8050000 +00:00
9e92b856a22d,Jardim Nashville,5002704.0,50,2021-02-04 02:17:22.3280000 +00:00,2021-02-04 02:17:22.3280000 +00:00
84a40aeaea62,Maria Aparecida Pedrossian,5002704.0,50,2021-06-03 17:59:53.4290000 +00:00,2026-04-30 16:30:31.9500000 +00:00
a0fd01fa2890,Parque do Lageado,5002704.0,50,2024-03-20 23:58:19.3880000 +00:00,2024-03-20 23:58:19.3880000 +00:00
a5a36cfa3f7d,Parque Residencial Rita Vieira,5002704.0,50,2022-08-07 17:36:57.4140000 +00:00,2022-08-07 17:37:01.6190000 +00:00
1cb47978f2d2,Vila Carvalho,5002704.0,50,2023-10-25 23:26:13.6290000 +00:00,2023-10-25 23:26:13.6290000 +00:00
7927988be044,Vila Nova Terenos 2,5008008.0,50,2021-06-28 02:36:25.7460000 +00:00,2021-06-28 02:39:37.6080000 +00:00
32d99c044174,Vila dos Ferroviários,5008305.0,50,2024-07-06 13:04:19.5460000 +00:00,2024-07-06 13:04:19.5460000 +00:00
2026fcc5aee2,Centro,5004403.0,50,2025-12-09 09:29:30.1250000 +00:00,2025-12-09 09:29:30.1250000 +00:00
5e24c0ecc294,Gramame,2507507.0,25,2026-07-01 13:53:35.4720000 +00:00,2026-07-01 13:53:48.3810000 +00:00
289e4432446c,Funcionários 2,2507507.0,25,2025-03-11 18:23:10.0340000 +00:00,2025-03-11 18:26:03.6910000 +00:00
27d021291524,Vila Ipiranga,5002704.0,50,2024-11-04 12:54:10.5700000 +00:00,2024-11-04 12:54:10.5700000 +00:00
49f211edd7c7,setsul,5008305.0,50,2022-04-27 17:32:32.8800000 +00:00,2022-04-27 17:32:32.8800000 +00:00
df69428d4b9a,Centro ,5005400.0,50,2021-07-12 22:42:15.2870000 +00:00,2021-07-12 22:42:15.2870000 +00:00
a901a694cceb,Centro,5002704.0,50,2024-04-10 04:53:54.2870000 +00:00,2024-04-10 04:53:54.2870000 +00:00
6030a7e355ad,Jardim Centenário,5002704.0,50,2026-01-16 22:23:52.9270000 +00:00,2026-01-16 22:27:10.1230000 +00:00
39ec5e6e7c9b,Jardim Alvorada,5008305.0,50,2025-05-26 13:57:03.4370000 +00:00,2025-05-26 13:57:03.4370000 +00:00
415eaf06656b,Parque das Américas,3529401.0,35,2024-04-10 13:50:27.5230000 +00:00,2024-04-10 13:50:27.5230000 +00:00
bd2cb2d04a55,Jardim Leblon,5002704.0,50,2020-10-12 17:08:56.3230000 +00:00,2020-10-12 17:08:56.3230000 +00:00
275211f3a433,Pioneiro,5003801.0,50,2024-08-02 12:29:33.3940000 +00:00,2024-08-02 12:29:46.2010000 +00:00
401391960b75,Jardim Carioca,5002704.0,50,2021-01-25 07:05:33.4020000 +00:00,2021-01-25 07:05:33.4020000 +00:00
53ffa90a147a,Monte Castelo,5002704.0,50,2021-01-25 15:37:30.6800000 +00:00,2021-01-25 16:33:57.2190000 +00:00
3d2b065be448,Centro,5002704.0,50,2024-07-01 15:23:10.3220000 +00:00,2024-07-01 15:23:10.3220000 +00:00
81958c660a56,Jardim Tropical,5003702.0,50,2022-03-30 11:10:30.7710000 +00:00,2022-03-30 11:10:30.7710000 +00:00
5d97dd8485ca,rames tebet ,5003256.0,50,2024-07-22 00:09:33.4950000 +00:00,2024-07-22 00:09:33.4950000 +00:00
360369efcfa3,Portal Caiobá II,5002704.0,50,2026-01-05 20:05:55.9560000 +00:00,2026-03-11 15:39:21.3290000 +00:00
2a985fd78790,Centro,3518800.0,35,2024-11-27 10:22:27.5730000 +00:00,2024-11-27 10:22:27.5730000 +00:00
7e87660a5520,Vila Progresso,5003702.0,50,2021-11-13 14:42:29.5990000 +00:00,2021-11-13 14:42:29.5990000 +00:00
c34e65b4b2da,Jardim Botânico,3543402.0,35,2023-12-09 18:20:34.1640000 +00:00,2023-12-09 18:20:34.1640000 +00:00
b2e95a4e78a3,Pioneiros,5002704.0,50,2023-09-01 19:06:26.8680000 +00:00,2023-09-01 19:06:26.8680000 +00:00
6eac70e83d42,Parque São Carlos,5008305.0,50,2025-10-22 20:16:02.7500000 +00:00,2025-10-22 20:16:46.0690000 +00:00
66758bb36008,Vila Piloto,5008305.0,50,2025-01-03 02:13:43.2910000 +00:00,2025-01-03 02:18:39.8750000 +00:00
c48aae8e6892,Jardim Caramuru,5003702.0,50,2020-12-10 16:49:50.2610000 +00:00,2020-12-10 16:50:02.2400000 +00:00
f806481cfe97,Vila Roma II,5003702.0,50,2023-09-14 19:47:20.6630000 +00:00,2023-09-14 19:47:20.6630000 +00:00
4868e0569234,Canaã III,5003702.0,50,2022-09-14 13:07:03.3960000 +00:00,2022-09-14 13:07:03.3960000 +00:00
38b21bf7405b,Jardim Aero Rancho,5002704.0,50,2021-01-04 17:21:12.0650000 +00:00,2021-01-04 19:54:10.2510000 +00:00
3c172be172ff,Jardim Europa,5003702.0,50,2022-01-06 01:57:22.3240000 +00:00,2022-01-06 01:57:22.3240000 +00:00
604d2485658d,Los Angeles,5002704.0,50,2025-11-04 13:25:02.3460000 +00:00,2025-11-04 13:25:02.3460000 +00:00
ee8573fd2b3e,Parque Isabel Garden's,5002704.0,50,2022-12-19 09:32:39.9860000 +00:00,2022-12-19 09:33:18.7670000 +00:00
2d248b454cd2,Conjunto Aero Rancho,5002704.0,50,2024-10-26 11:23:54.0680000 +00:00,2024-10-26 11:23:54.0680000 +00:00
0db80acbc886,Sobrinho,5002704.0,50,2022-10-31 22:23:18.3820000 +00:00,2022-10-31 22:23:18.3820000 +00:00
ce779eb3c6eb,Conjunto José Abrão,5002704.0,50,2022-09-08 16:45:15.2790000 +00:00,2022-09-08 16:45:15.2790000 +00:00
4e4c438fb9bc,Jardim Tijuca,5002704.0,50,2022-04-13 15:23:06.0300000 +00:00,2022-04-13 15:39:21.5890000 +00:00
f5ed16f1326f,Centro ,5000708.0,50,2021-04-15 11:17:51.4480000 +00:00,2021-04-15 11:17:51.4480000 +00:00
51c1aa620494,Centro,5006309.0,50,2022-05-18 04:12:58.7160000 +00:00,2022-05-18 04:12:58.7160000 +00:00
fd743b5c4da3,Jardim Universitário,5003702.0,50,2023-02-01 02:32:32.2980000 +00:00,2023-02-01 02:32:32.2980000 +00:00
faaa8bed4991,Vila Marli,5002704.0,50,2022-02-17 18:20:37.4340000 +00:00,2022-02-17 18:20:37.4340000 +00:00
cb27b49846e4,Funcionários 4,2507507.0,25,2023-05-24 12:35:45.5170000 +00:00,2023-05-24 12:36:47.7210000 +00:00
e0414523bb1e,Jardim Itamaracá,5002704.0,50,2023-07-14 19:42:54.3440000 +00:00,2023-07-14 19:43:58.3070000 +00:00
d3366f74c1ec,Jardim Aero Rancho,5002704.0,50,2025-05-31 17:35:28.2890000 +00:00,2025-05-31 17:35:42.6890000 +00:00
655df23cfe44,cascatinha 2,5007901.0,50,2022-04-26 20:32:07.9170000 +00:00,2022-04-26 20:34:35.3910000 +00:00
1574b5845b90,esplanada 1,5002951.0,50,2025-04-25 22:54:24.3970000 +00:00,2025-04-25 22:54:27.9050000 +00:00
6040dea68d8b,Taquaral Bosque,5002704.0,50,2024-02-13 15:11:37.4850000 +00:00,2024-02-13 15:11:37.4850000 +00:00
0af60999735a,Jardim Presidente,5002704.0,50,2021-01-21 21:21:23.7920000 +00:00,2021-01-21 21:21:23.7920000 +00:00
2f2b9655b67e,Vila Nathália,5002704.0,50,2021-04-05 16:28:00.2350000 +00:00,2021-04-05 16:28:00.2350000 +00:00
5c7527499554,Vila Neusa,5002704.0,50,2020-11-28 23:06:55.4630000 +00:00,2020-11-28 23:06:55.4630000 +00:00
49441ea173db,Vila Manoel Taveira,5002704.0,50,2020-11-25 11:34:28.1570000 +00:00,2020-11-25 11:34:28.1570000 +00:00
ba04645a7e52,Jardim Tijuca,5002704.0,50,2024-02-01 01:28:18.6390000 +00:00,2024-02-01 01:28:45.7320000 +00:00
21d42c735c60,Coophatrabalho,5002704.0,50,2026-03-04 21:57:46.8660000 +00:00,2026-03-04 21:57:46.8660000 +00:00
e20c9c486b80,residencial spessato ,5005400.0,50,2024-10-08 18:03:31.0760000 +00:00,2024-10-08 18:03:31.0760000 +00:00
8cf90a3f8e27,Cidade Nova,1500800.0,15,2025-05-29 14:12:05.9840000 +00:00,2025-05-29 14:12:05.9840000 +00:00
1c5a574f8526,Jardim Parati,5002704.0,50,2024-12-24 18:20:53.4900000 +00:00,2024-12-24 18:20:53.4900000 +00:00
7306521e76d5,Vila Nasser,5002704.0,50,2023-05-09 20:50:06.6980000 +00:00,2023-05-09 20:53:25.9160000 +00:00
d0c01f935900,Residencial Pantanal,5003702.0,50,2024-11-01 12:29:17.6810000 +00:00,2024-11-01 12:29:17.6810000 +00:00
c4bd7be5646d,Pioneiro ,5107040.0,51,2022-03-12 13:50:45.6140000 +00:00,2022-03-12 13:50:45.6140000 +00:00
21b3b5a4a092,Vila Ema,3549904.0,35,2024-01-15 21:14:05.5980000 +00:00,2024-01-15 21:19:31.8750000 +00:00
a8770cc6f440,centro,5004601.0,50,2021-09-12 12:27:19.6260000 +00:00,2021-09-12 12:27:28.7290000 +00:00
e3fe8eaad348,Conjunto Residencial Recanto dos Rouxinóis,5002704.0,50,2023-12-22 15:28:08.4900000 +00:00,2023-12-22 15:28:08.4900000 +00:00
5b6489410c75,Residencial Ana Maria do Couto,5002704.0,50,2026-05-17 19:01:44.3490000 +00:00,2026-05-17 19:01:44.3490000 +00:00
6b91a96e8192,Monte Castelo,5002704.0,50,2022-10-26 21:17:30.4170000 +00:00,2022-10-26 21:18:16.8320000 +00:00
cff70d11e3ec,Sobrinho,5002704.0,50,2020-07-20 21:01:59.4500000 +00:00,2020-07-20 21:01:59.4500000 +00:00
092d47ba989a,Universitário,5003207.0,50,2022-03-29 13:08:09.0450000 +00:00,2022-03-29 13:08:09.0450000 +00:00
cb66ce78c7a3,Centro,5003207.0,50,2021-08-28 16:27:37.3900000 +00:00,2021-08-28 16:27:37.3900000 +00:00
4cfc7f6b7549,Centro,5003207.0,50,2024-04-02 17:55:02.7130000 +00:00,2024-04-02 17:55:02.7130000 +00:00
71cf75809357,Jardim Leblon,5002704.0,50,2021-12-24 04:51:29.6460000 +00:00,2021-12-24 04:51:29.6460000 +00:00
e48fcd95502d,Jardim Jockey Club,5002704.0,50,2020-10-28 18:12:49.6380000 +00:00,2020-10-28 18:14:21.7730000 +00:00
13558f132fb7,Arnaldo Estevão Figueiredo,5002704.0,50,2022-01-07 01:38:44.5620000 +00:00,2022-01-07 01:38:48.4320000 +00:00
c4f40f308194,Nova Borá,3507209.0,35,2023-12-05 21:38:16.0600000 +00:00,2023-12-05 21:38:16.0600000 +00:00
2d2b67d158ce,Jardim Minnesota (Nova Veneza),3552403.0,35,2025-01-26 14:12:51.9240000 +00:00,2025-01-26 14:12:51.9240000 +00:00
a22e4a39f7b2,Conjunto Guana,5003207.0,50,2020-12-09 00:25:52.8010000 +00:00,2020-12-09 00:25:52.8010000 +00:00
0898de1b5f5b,Conjunto Aero Rancho,5002704.0,50,2025-10-20 14:26:40.4460000 +00:00,2025-10-20 14:26:40.4460000 +00:00
b9eb113aef38,Jardim Montevidéu,5002704.0,50,2025-02-08 16:14:21.0590000 +00:00,2025-02-08 16:14:21.0590000 +00:00
3759a6f9aa90,São Francisco,5002704.0,50,2023-05-07 16:16:03.2060000 +00:00,2023-05-07 16:16:27.8620000 +00:00
84364de16915,Coophatrabalho,5002704.0,50,2024-01-28 02:43:56.5310000 +00:00,2024-01-28 02:43:56.5310000 +00:00
491c07507b6a,Jardim Clementino,3552809.0,35,2023-04-21 23:00:22.7260000 +00:00,2023-04-21 23:00:22.7260000 +00:00
9746183d58f3,vila aurora ,5003702.0,50,2025-02-03 21:50:30.0360000 +00:00,2025-02-03 21:50:30.0360000 +00:00
9d9c0bd41012,Alto Branco,2504009.0,25,2025-10-29 18:50:39.4320000 +00:00,2025-10-29 18:50:39.4320000 +00:00
87a432db9b6c,Jardim Alvorada,5008305.0,50,2026-06-13 21:40:30.1000000 +00:00,2026-06-13 21:40:30.1000000 +00:00
dd50259bfdf9,Jardim São Pedro,5003702.0,50,2025-01-28 11:24:15.8530000 +00:00,2025-01-28 11:24:15.8530000 +00:00
e063a03d126b,Portal do Panamá,5002704.0,50,2021-09-11 03:47:49.8880000 +00:00,2021-09-11 03:47:49.8880000 +00:00
8f663d381332,Vila Santa Maria ,5003306.0,50,2020-07-17 03:28:32.0880000 +00:00,2020-07-17 03:28:32.0880000 +00:00
0714db5b1785,Parque Residencial Azaléia,5002704.0,50,2020-04-26 16:27:56.6980000 +00:00,2025-09-26 15:24:53.6430000 +00:00
91cee33b800b,Residencial Gabura,5002704.0,50,2021-01-23 23:59:51.6130000 +00:00,2021-03-01 01:28:30.1220000 +00:00
50c2359cd4f6,Vila Bandeirante,5002704.0,50,2024-03-20 17:42:47.4160000 +00:00,2024-03-20 17:42:47.6030000 +00:00
fbf5b30e3958,Jardim Noroeste,5002704.0,50,2023-06-02 17:56:32.7680000 +00:00,2023-06-02 17:56:32.7680000 +00:00
b92f5a4ed2be,Pioneiros,5002704.0,50,2020-10-19 05:21:58.9550000 +00:00,2020-10-19 05:22:57.4120000 +00:00
b4a1ef799fd9,waloszek ,5004304.0,50,2023-04-11 20:27:24.6160000 +00:00,2023-04-11 20:27:57.2470000 +00:00
1a3b1be36da9,Jardim Pênfigo,5002704.0,50,2025-11-25 22:13:44.5260000 +00:00,2025-11-25 22:14:08.3790000 +00:00
09b8f6dab823,Jardim Guanabara,5003702.0,50,2026-03-29 11:44:32.2300000 +00:00,2026-03-29 11:44:32.2300000 +00:00
75d3891fef89,Vila Albuquerque,5002704.0,50,2022-11-10 21:07:45.7010000 +00:00,2022-11-10 21:07:45.7010000 +00:00
ad4b64788575,Vila santana,5003256.0,50,2022-07-20 13:16:36.7960000 +00:00,2022-07-20 13:17:43.4050000 +00:00
994fced4f00a,Residencial Oliveira,5002704.0,50,2024-04-03 00:02:09.5830000 +00:00,2024-04-03 00:04:49.3190000 +00:00
a37794024fb6,Porto XV de Novembro,5001904.0,50,2025-01-09 07:15:53.0720000 +00:00,2025-01-09 07:15:53.0720000 +00:00
afd6b2013103,Santa Mônica ,5006309.0,50,2023-05-14 18:36:53.7200000 +00:00,2023-05-14 18:36:53.7200000 +00:00
fc9d26617b15,Jardim Marambaia,5006606.0,50,2023-10-06 13:58:57.5820000 +00:00,2023-10-06 13:59:12.1100000 +00:00
93701dceea77,Vila Nova Campo Grande,5002704.0,50,2020-05-10 19:52:37.1380000 +00:00,2022-04-13 15:40:23.7670000 +00:00
704f5bb001a1,Jardim Universitário,5006606.0,50,2024-02-14 16:00:49.0440000 +00:00,2024-02-14 16:00:49.0440000 +00:00
63f581533291,Jardim Tropical,5003702.0,50,2025-05-03 00:22:45.1050000 +00:00,2025-05-03 00:22:45.1050000 +00:00
5efc0e21cb72,Centro,5008008.0,50,2021-09-30 15:59:24.4820000 +00:00,2021-09-30 15:59:24.4820000 +00:00
60fac241faba,Carioca,5008305.0,50,2025-01-11 22:58:39.4790000 +00:00,2025-01-11 22:58:52.1710000 +00:00
cee88411e9f2,Loteamento Dona Dedé,5002704.0,50,2024-08-25 21:42:53.2170000 +00:00,2024-08-25 21:42:53.2170000 +00:00
1b080d11f215,Aeroporto,5003207.0,50,2024-03-07 02:12:19.9780000 +00:00,2024-03-07 02:12:19.9780000 +00:00
8d897d50203b,Vila Ravenna,5002704.0,50,2023-03-19 23:08:19.1420000 +00:00,2023-03-19 23:08:42.5000000 +00:00
739a6ed46773,Jardim Monumento,5002704.0,50,2020-08-16 20:08:45.1610000 +00:00,2020-08-16 20:08:45.1610000 +00:00
6076a2b8fc7c,Jardim Novo Horizonte,5003702.0,50,2024-03-24 23:50:47.5320000 +00:00,2024-03-24 23:50:47.5320000 +00:00
81e626bfc7ea,Altos do Panamá,5002704.0,50,2021-01-21 19:52:43.4190000 +00:00,2021-01-21 19:52:43.4190000 +00:00
8ed866c5b768,Jardim Tijuca,5002704.0,50,2021-03-07 22:58:49.0730000 +00:00,2021-03-07 22:58:49.0730000 +00:00
afe5399fd6be,Sobrinho,5002704.0,50,2020-05-13 20:54:53.4220000 +00:00,2023-03-17 16:09:05.1170000 +00:00
7181586e4dfe,Jardim Carioca,5002704.0,50,2025-04-30 19:23:11.3180000 +00:00,2025-07-16 00:10:51.7050000 +00:00
79a452ba48e3,Mata do Jacinto,5002704.0,50,2021-01-21 17:52:18.6940000 +00:00,2021-01-21 17:52:18.6940000 +00:00
10d85c539ec7,Maracanã,3304557.0,33,2022-09-02 19:39:54.2200000 +00:00,2022-09-02 19:39:54.2200000 +00:00
919a080e5271,Vila Nasser,5002704.0,50,2023-09-09 23:23:37.8480000 +00:00,2023-09-09 23:23:37.8480000 +00:00
826b464ac1e6,Vila Ipiranga,5002704.0,50,2024-05-08 19:45:26.4700000 +00:00,2024-05-08 19:45:36.2120000 +00:00
2ffb11319b11,Jardim Aero Rancho,5002704.0,50,2025-06-02 23:28:10.7070000 +00:00,2025-06-02 23:31:26.7390000 +00:00
2ef5f0bb2e14,Centro,5002704.0,50,2020-12-14 16:57:09.0140000 +00:00,2020-12-14 16:57:09.0140000 +00:00
19722996131d,Coophamat,5002704.0,50,2021-01-24 10:40:29.9220000 +00:00,2021-01-24 10:40:29.9220000 +00:00
e415f3ceaffd,Vila Taveirópolis,5002704.0,50,2024-05-06 12:27:21.2080000 +00:00,2024-05-06 12:27:31.1060000 +00:00
8706bdd58270,Jardim Parati,5002704.0,50,2021-01-13 19:30:33.5860000 +00:00,2021-01-13 19:30:33.5860000 +00:00
0abf8a105fe6,Zona 07,4115200.0,41,2022-04-04 23:32:47.7320000 +00:00,2022-04-04 23:32:51.5180000 +00:00
90d7e995df1e,Colubande,3304904.0,33,2021-01-30 18:05:48.2860000 +00:00,2021-01-30 18:06:34.1090000 +00:00
05ee2c2311aa,Jardim Noroeste,5002704.0,50,2022-08-29 01:56:49.2960000 +00:00,2022-08-29 01:57:06.0380000 +00:00
76e1b54918a5,sítio catolezinho,2502300.0,25,2024-07-25 02:34:02.1970000 +00:00,2024-07-25 02:36:22.5910000 +00:00
6ea42e47adaf,jardim das oliveiras,5003256.0,50,2023-02-11 01:21:57.9810000 +00:00,2023-02-11 01:28:39.9980000 +00:00
2e16383bf44b,Coqueiro,1501402.0,15,2024-01-03 19:49:11.9720000 +00:00,2024-01-03 19:49:11.9720000 +00:00
6d200b2b5e6e,Santa Lúcia ,5006309.0,50,2022-07-01 21:22:37.3810000 +00:00,2022-07-01 21:27:12.3520000 +00:00
9d9090b1a7a9,Jardim Montevidéu,5002704.0,50,2020-10-30 11:58:30.2350000 +00:00,2020-10-30 11:58:30.2350000 +00:00
260ede441119,Terras Alpha Campo Grande,5002704.0,50,2021-12-30 18:13:09.9520000 +00:00,2021-12-30 18:13:09.9520000 +00:00
ef2172bbf225,Vila Rica,5002704.0,50,2024-05-30 17:35:12.2650000 +00:00,2024-05-30 18:27:24.4900000 +00:00
7b64d8e9bd6b,Aeroporto,5003207.0,50,2026-03-12 09:51:10.5620000 +00:00,2026-03-12 09:51:10.5620000 +00:00
c518bc9664e8,Monte Castelo,5002704.0,50,2026-04-27 19:09:30.5610000 +00:00,2026-04-27 19:09:30.5610000 +00:00
53b276fec051,Mata do Jacinto,5002704.0,50,2023-03-10 11:14:56.0330000 +00:00,2023-03-10 11:15:30.8800000 +00:00
7af89474ad4e,Centro ,5006309.0,50,2024-05-23 18:14:09.4710000 +00:00,2024-05-23 18:15:51.3240000 +00:00
6b3f9cdc8933,Tapajos ,5005681.0,50,2025-02-23 00:11:59.6760000 +00:00,2025-02-23 00:12:03.2280000 +00:00
0c1d0183b46e,Vila Piloto,5008305.0,50,2020-05-14 16:47:01.3940000 +00:00,2020-05-14 16:47:01.3940000 +00:00
75833e801037,Pioneiros,5002704.0,50,2025-01-26 03:16:54.0260000 +00:00,2025-01-26 03:16:54.0260000 +00:00
207739056eef,Jardim Monte Líbano,5002704.0,50,2021-07-07 16:24:41.9110000 +00:00,2021-07-07 16:26:55.3560000 +00:00
541b5c420f7a,jardim redentora,5006309.0,50,2023-01-23 22:14:18.9480000 +00:00,2023-01-23 22:14:36.5200000 +00:00
67c605f5fc58,Vila Antônio Vendas,5002704.0,50,2024-04-18 23:37:04.1050000 +00:00,2024-04-18 23:37:04.1050000 +00:00
4deecd9be201,Vila Vilas Boas,5002704.0,50,2024-01-31 19:14:32.2360000 +00:00,2024-01-31 19:14:32.2360000 +00:00
387b6a8c3134,jd alvorada ,5008305.0,50,2023-11-10 14:54:13.6180000 +00:00,2023-11-10 14:54:13.6180000 +00:00
31e047b3f777,Residencial Estrela Park,5002704.0,50,2025-04-07 20:33:53.0770000 +00:00,2025-04-07 20:33:53.0770000 +00:00
7c62ca0c4714,cel Camisão ,5005004.0,50,2021-08-25 16:19:05.2650000 +00:00,2021-08-25 16:19:20.8680000 +00:00
1d7e5c28b866,Vila Piratininga,5002704.0,50,2025-09-22 19:17:38.1590000 +00:00,2025-10-07 18:34:22.3600000 +00:00
8e16ae74623f,Santo Antônio,5002704.0,50,2026-04-17 13:56:03.7430000 +00:00,2026-04-17 13:56:03.7430000 +00:00
82bf0bd75548,Centro,5002704.0,50,2023-08-01 01:05:52.1750000 +00:00,2023-08-01 01:05:52.1750000 +00:00
159e528b10fe,jardim ibarra,5005400.0,50,2023-04-30 11:27:00.4900000 +00:00,2023-04-30 11:28:04.6310000 +00:00
0cb93effb6b5,São Francisco,5002704.0,50,2022-07-29 01:59:59.8700000 +00:00,2022-07-29 02:02:30.2100000 +00:00
34fe9606b3e2,Mata do Jacinto,5002704.0,50,2024-10-23 23:48:34.9240000 +00:00,2024-10-23 23:48:34.9240000 +00:00
239ee8ca3512,Mutirão ,5005202.0,50,2021-02-24 17:55:35.1410000 +00:00,2021-02-24 17:55:55.9520000 +00:00
bc5d19dfafce,Fênix ,5007695.0,50,2026-06-03 13:02:15.4410000 +00:00,2026-06-03 13:02:15.4410000 +00:00
03a3501dc8be,Patagônia,2933307.0,29,2024-04-23 15:11:08.5100000 +00:00,2024-04-23 15:11:08.5100000 +00:00
85fb2ddcf1bd,Parque das Laranjeiras,4128104.0,41,2025-09-16 21:57:49.5500000 +00:00,2025-09-16 21:58:02.7340000 +00:00
d7b4b271c882,Vila Eduardo,2611101.0,26,2021-02-04 19:38:06.7600000 +00:00,2021-02-04 19:38:06.7600000 +00:00
1fc98f504b9f,centro,5008008.0,50,2021-12-02 21:10:35.2000000 +00:00,2021-12-02 21:10:35.2000000 +00:00
f3981bdcc3e6,jardim boa vista ,5002100.0,50,2024-04-11 06:26:53.8810000 +00:00,2024-04-11 06:26:53.8810000 +00:00
3c7e1aa52aa1,Jardim Aero Rancho,5002704.0,50,2024-03-17 15:01:34.7680000 +00:00,2024-03-17 15:01:34.7680000 +00:00
6ee127e0e5cd,centro,5005608.0,50,2025-05-14 12:09:48.4050000 +00:00,2025-05-14 12:09:48.4050000 +00:00
76d7e3858cae,Parque dos Novos Estados,5002704.0,50,2023-12-21 23:35:02.9610000 +00:00,2023-12-21 23:35:02.9610000 +00:00
e47c7261eae9,Residencial Oliveira,5002704.0,50,2021-01-05 12:27:10.1090000 +00:00,2021-01-05 12:27:10.1090000 +00:00
ace90acffe41,Vila São Francisco,5003702.0,50,2023-07-17 22:40:31.7850000 +00:00,2023-07-17 22:40:31.7850000 +00:00
1ff59614228c,COHAB II,5003702.0,50,2022-07-28 21:44:22.8090000 +00:00,2022-07-28 21:54:15.2460000 +00:00
e662eb0dddd5,Maria Aparecida Pedrossian,5002704.0,50,2022-08-18 02:10:51.7670000 +00:00,2022-08-18 02:10:51.7670000 +00:00
011ec8519289,Novo Horizonte ,5001904.0,50,2024-03-14 22:11:36.5970000 +00:00,2024-03-14 22:11:36.5970000 +00:00
43ba5caf07b4,Residencial Oliveira,5002704.0,50,2022-04-18 20:45:42.3960000 +00:00,2022-04-18 20:45:42.3960000 +00:00
01eb88837022,Vila Sílvia Regina,5002704.0,50,2023-05-23 17:54:39.2250000 +00:00,2023-05-23 17:54:53.3680000 +00:00
65982920ed8f,Loteamento Bela Laguna,5002704.0,50,2025-06-26 01:50:03.5710000 +00:00,2025-06-26 01:50:08.8780000 +00:00
7d2d7c9ac375,Cidade Nova,5001102.0,50,2022-04-01 23:44:45.3230000 +00:00,2022-04-01 23:44:45.3230000 +00:00
e071a8ec0eeb,Tiradentes,5002704.0,50,2024-01-05 19:19:22.9730000 +00:00,2024-01-05 19:19:22.9730000 +00:00
fe5d0d9d1f33,Parque Alvorada,5003702.0,50,2025-12-29 19:55:42.0580000 +00:00,2025-12-29 19:55:42.0580000 +00:00
59c7f97aa469,Jardim Morenão,5002704.0,50,2024-05-07 15:49:46.3690000 +00:00,2024-05-07 15:50:11.5060000 +00:00
7ec1ed3fc877,Vila Nasser,5002704.0,50,2023-11-11 02:29:40.9030000 +00:00,2023-11-11 02:30:27.0340000 +00:00
807a2220bb79,Jardim Leblon,5002704.0,50,2025-05-27 16:19:58.2820000 +00:00,2025-05-27 16:19:58.2820000 +00:00
8a86cf3abd30,Parque Residencial União,5002704.0,50,2020-08-21 16:08:37.5010000 +00:00,2020-08-21 16:08:50.7440000 +00:00
158e45559ee1,Jardim Tropical,5201405.0,52,2024-10-01 20:15:20.6740000 +00:00,2024-10-01 20:17:36.3400000 +00:00
56dedb0f0860,Parque dos Novos Estados,5002704.0,50,2023-10-27 16:11:27.8230000 +00:00,2023-10-27 16:11:27.8230000 +00:00
1e5d0ffd6cb9,jardim Planalto ,5002001.0,50,2024-04-01 14:20:43.4880000 +00:00,2024-04-01 14:22:59.7120000 +00:00
6a6e363fed3d,Mata do Jacinto,5002704.0,50,2025-09-12 21:14:47.1640000 +00:00,2025-09-12 21:14:47.1640000 +00:00
a63fe13fb13d,Nova Europa,5008305.0,50,2024-05-30 05:02:00.9860000 +00:00,2024-05-30 05:02:00.9860000 +00:00
440d674b51e3,Vila Morumbi,5002704.0,50,2025-06-09 21:26:22.7880000 +00:00,2025-06-09 21:26:22.7880000 +00:00
a24ed3c08483,Vila Nova Campo Grande,5002704.0,50,2021-08-03 16:24:59.1960000 +00:00,2021-08-03 23:34:41.2590000 +00:00
58f65aa65104,Lourenço Ângelo Menegucci,5000906.0,50,2024-09-08 01:34:12.5490000 +00:00,2024-09-08 01:34:27.8500000 +00:00
d726ce6ee94e,Jardim Angélica,5008305.0,50,2021-01-25 18:33:56.2380000 +00:00,2021-01-25 18:33:56.2380000 +00:00
b3591d15a3f2,CRUZEIRO,5000609.0,50,2023-08-16 22:26:19.3500000 +00:00,2023-08-16 22:26:19.3500000 +00:00
799eea112cd6,Vila Vilas Boas,5002704.0,50,2021-01-14 01:09:34.9270000 +00:00,2021-01-14 01:11:22.2590000 +00:00
3328779ae87d,Jardim Cangalha,5008305.0,50,2021-11-09 00:33:45.8910000 +00:00,2021-11-09 00:33:51.5670000 +00:00
26c422786f71,Centro América ,5003207.0,50,2021-08-12 00:53:21.6640000 +00:00,2021-08-12 00:53:21.6640000 +00:00
4b69286ccbce,Vila Sílvia Regina,5002704.0,50,2020-07-28 04:25:41.1610000 +00:00,2020-07-28 04:36:20.2480000 +00:00
1c4de73168de,Los Angeles,5002704.0,50,2025-05-30 23:26:48.4730000 +00:00,2025-05-30 23:26:48.4730000 +00:00
1916383f7d87,Núcleo Habitacional Universitárias,5002704.0,50,2024-03-07 18:04:52.0660000 +00:00,2026-07-27 20:45:23.7140000 +00:00
801c19d9ee2b,Centro ,5005806.0,50,2021-08-12 01:46:53.5460000 +00:00,2021-08-12 01:46:53.5460000 +00:00
4c97b4d029b4,Portal Caiobá,5002704.0,50,2020-10-30 02:16:06.5750000 +00:00,2020-10-30 02:16:06.5750000 +00:00
144469647a6e,Monte Castelo,5002704.0,50,2022-07-28 02:00:47.4670000 +00:00,2022-07-28 02:00:47.4670000 +00:00
5a583629b89c,SANTO ANTÔNIO,5006309.0,50,2020-06-29 08:50:08.2090000 +00:00,2020-06-29 08:50:08.2090000 +00:00
1e97dc24d691,Vila Duque de Caxias,5002704.0,50,2020-06-30 19:20:09.5010000 +00:00,2020-06-30 19:20:09.5010000 +00:00
e1937a8c1603,Jardim Imá,5002704.0,50,2026-04-10 01:14:59.1590000 +00:00,2026-04-10 01:14:59.1590000 +00:00
1bf1d31bb0d3,Jardim Paulo Coelho Machado,5002704.0,50,2023-10-15 17:51:25.7170000 +00:00,2023-10-15 17:51:36.4200000 +00:00
5cd242ee2e74,Canaã III,5003702.0,50,2025-10-28 19:15:07.0310000 +00:00,2025-10-28 19:15:07.0310000 +00:00
35b9dea4c857,Jardim Paulo Coelho Machado,5002704.0,50,2024-02-26 22:18:40.3740000 +00:00,2024-02-26 22:21:44.6880000 +00:00
a1bc842bd392,Centro ,5006309.0,50,2024-01-22 00:57:30.9220000 +00:00,2024-01-22 00:57:30.9220000 +00:00
7f8f97065b1a,Vila Planalto,5002704.0,50,2021-03-11 21:24:10.9050000 +00:00,2021-03-11 21:24:10.9050000 +00:00
d6e40df4814d,Jardim Noroeste,5002704.0,50,2024-09-30 03:18:38.7070000 +00:00,2024-09-30 03:18:38.7070000 +00:00
407092f0b680,Jardim São Lourenço,5002704.0,50,2021-01-24 16:10:53.5240000 +00:00,2021-05-31 16:37:01.8890000 +00:00
c2ab57f2be27,Sul (Águas Claras),5300108.0,53,2021-04-25 00:40:54.8570000 +00:00,2021-04-25 00:40:54.8570000 +00:00
877d248249cb,Jardim Anache,5002704.0,50,2025-07-25 15:55:33.8190000 +00:00,2025-07-25 15:55:33.8190000 +00:00
7d23213bfc40,Vila Nova Campo Grande,5002704.0,50,2024-07-05 01:57:02.0300000 +00:00,2026-06-28 00:53:57.8940000 +00:00
68e60a05438b,Vila Taveirópolis,5002704.0,50,2025-04-25 22:40:38.3790000 +00:00,2026-02-11 14:51:59.2980000 +00:00
372dbadb1749,Carandá Bosque,5002704.0,50,2024-05-03 01:56:15.1030000 +00:00,2024-05-03 01:56:15.1030000 +00:00
a169bae50b59,Jardim Campo Belo,5002704.0,50,2020-10-24 02:29:33.0280000 +00:00,2020-10-24 02:31:07.1320000 +00:00
4f422f162861,Alto ,5001102.0,50,2023-01-26 06:49:44.2490000 +00:00,2023-05-21 04:57:04.9670000 +00:00
e5dbf663d310,Pioneiros,5002704.0,50,2026-03-05 02:40:34.6390000 +00:00,2026-03-05 02:40:34.6390000 +00:00
8a09c62605d0,santa Maria ,5001904.0,50,2023-01-09 01:25:54.5220000 +00:00,2023-01-15 20:30:43.2200000 +00:00
bb94de493e3e,Mangabeira,2507507.0,25,2025-05-02 14:08:31.6480000 +00:00,2025-05-02 14:08:31.6480000 +00:00
6fcbbc8e4916,Fazenda Grande,3525904.0,35,2026-06-12 17:21:42.3730000 +00:00,2026-06-12 17:21:42.3730000 +00:00
23bd081095d7,Parque Alvorada,5003702.0,50,2025-03-09 18:52:57.7810000 +00:00,2025-03-09 18:52:57.7810000 +00:00
c003f08b24d8,Porto Madero,5003702.0,50,2025-11-14 02:48:52.2460000 +00:00,2025-11-14 02:48:52.2460000 +00:00
e7392a9655c4,Jardim Paulista,5003702.0,50,2023-06-04 17:23:24.1420000 +00:00,2023-06-04 17:23:24.1420000 +00:00
536340e108cf,centro,5004502.0,50,2022-05-18 23:11:56.9780000 +00:00,2022-05-18 23:11:56.9780000 +00:00
48a759a92a4b,Jardim Tijuca,5002704.0,50,2026-05-14 22:24:39.3730000 +00:00,2026-05-14 22:24:49.7140000 +00:00
1982ccb5e0bc,Coophafé,5002704.0,50,2024-08-27 15:20:13.6910000 +00:00,2024-08-27 15:20:13.6910000 +00:00
7a58baae5174,Cidade Jardim,5002704.0,50,2022-02-18 21:15:04.7290000 +00:00,2023-05-15 21:33:46.5240000 +00:00
bfe38fc5050a,Vila Carlota,5002704.0,50,2024-04-11 14:09:02.1850000 +00:00,2024-04-11 14:09:02.1850000 +00:00
208b94c2c132,Senhor Divino,5003306.0,50,2024-05-21 00:40:10.1590000 +00:00,2024-05-21 00:40:10.1590000 +00:00
9d1bf1190eaa,Parque Residencial Rita Vieira,5002704.0,50,2022-04-24 15:20:35.7900000 +00:00,2022-04-24 15:20:35.7900000 +00:00
157e95911da8,Nova Conquista ,5003900.0,50,2025-03-05 13:33:45.8910000 +00:00,2025-03-05 13:33:45.8910000 +00:00
d7c0f6af3d61,Salomé ,5006309.0,50,2025-02-16 22:20:54.8310000 +00:00,2025-02-16 22:20:54.8310000 +00:00
277a6401a276,Jardim Aero Rancho,5002704.0,50,2022-06-20 21:17:13.4950000 +00:00,2022-06-20 21:25:47.4340000 +00:00
0c8f9e3f9c0b,Jardim Tijuca,5002704.0,50,2020-10-29 21:17:23.2510000 +00:00,2020-10-29 21:17:23.2510000 +00:00
3f107736ef4b,Jardim Centenário,5002704.0,50,2023-05-30 16:41:00.2730000 +00:00,2023-05-30 16:41:00.2730000 +00:00
19462cb79893,Jardim Monumento,5002704.0,50,2021-03-25 11:39:50.9420000 +00:00,2021-03-25 11:40:50.6040000 +00:00
d59f2d731a7b,Vila Planalto,5002704.0,50,2023-08-02 17:31:13.4950000 +00:00,2023-08-02 17:31:13.4950000 +00:00
8a63515a5d79,Sobrinho,5002704.0,50,2021-04-05 19:21:28.9580000 +00:00,2021-04-05 19:21:28.9580000 +00:00
8c7a6f2647f0,Jardim Noroeste,5002704.0,50,2022-11-13 00:21:17.8090000 +00:00,2022-11-13 00:21:17.8090000 +00:00
ab17d3684be0,Residencial Oiti,5002704.0,50,2022-09-11 14:52:22.6930000 +00:00,2022-09-11 14:52:46.0800000 +00:00
023343f83fd4,Vila Guaca,3550308.0,35,2024-07-08 15:29:56.8400000 +00:00,2024-07-08 15:30:34.5740000 +00:00
140c30314178,Vila Moreninha II,5002704.0,50,2021-01-23 19:41:45.1000000 +00:00,2021-01-23 19:45:22.2140000 +00:00
121710750d2f,VILA SURUBIM ,1500859.0,15,2026-04-13 14:32:07.1710000 +00:00,2026-04-13 14:32:07.1710000 +00:00
45476f135477,Vila Ipiranga,5002704.0,50,2026-05-11 05:11:52.4570000 +00:00,2026-05-11 05:11:52.4570000 +00:00
21a4c26b75eb,rural ,5000609.0,50,2022-09-28 20:06:35.2980000 +00:00,2022-09-28 20:06:35.2980000 +00:00
5d2846d654c8,Jardim Universitário,5006606.0,50,2022-03-09 12:54:23.0100000 +00:00,2022-03-09 12:54:23.0100000 +00:00
da82ced818a5,Popular Nova,5003207.0,50,2025-05-05 22:08:28.3890000 +00:00,2025-05-05 22:08:28.3890000 +00:00
9721be249b47,Parque Iguatemi,5002704.0,50,2025-02-05 17:34:29.7210000 +00:00,2025-02-05 17:34:29.7210000 +00:00
1f9995d14117,Parque Residencial Rita Vieira,5002704.0,50,2020-06-01 04:13:29.2510000 +00:00,2020-06-01 04:13:41.4900000 +00:00
b62f69b2373f,Jardim Morenão,5002704.0,50,2021-04-26 20:49:44.8010000 +00:00,2021-04-26 20:49:44.8010000 +00:00
a413a74528f9,Residencial Oliveira III,5002704.0,50,2020-12-29 20:38:11.4560000 +00:00,2020-12-29 20:38:22.3780000 +00:00
dff1b183e3e5,Mata do Jacinto,5002704.0,50,2025-06-05 23:24:14.0900000 +00:00,2025-06-05 23:24:31.6880000 +00:00
b1edad9d8421,solar do vale,5004700.0,50,2021-08-24 01:38:41.2130000 +00:00,2021-08-24 01:38:41.2130000 +00:00
b60afd7a3a9d,zona rural,5004601.0,50,2024-07-31 19:16:07.1770000 +00:00,2024-07-31 19:16:07.1770000 +00:00
1ae7f7701193,Residencial Ana Maria do Couto,5002704.0,50,2025-09-03 03:51:26.4310000 +00:00,2025-09-03 03:51:26.4310000 +00:00
8f92e2c762bc,Parque Nova Dourados,5003702.0,50,2022-03-09 13:59:31.2230000 +00:00,2022-03-09 13:59:31.2230000 +00:00
e24bbf413472,Jardim Tijuca,5002704.0,50,2023-10-18 00:18:52.1200000 +00:00,2023-10-18 00:18:52.1200000 +00:00
b9dc266bbdad,Centro,5005400.0,50,2025-08-20 23:42:08.7840000 +00:00,2025-08-20 23:42:08.7840000 +00:00
43bb42a2c6a2,vila nova,5007406.0,50,2023-05-23 14:54:39.3600000 +00:00,2023-05-23 14:54:39.3600000 +00:00
06d43719b579,Chácara Cachoeira,5002704.0,50,2024-01-28 01:52:27.5240000 +00:00,2024-01-28 01:52:27.5240000 +00:00
15c2b4c42a4f,Jardim Samara ,5001003.0,50,2025-03-19 14:54:13.0950000 +00:00,2025-03-19 14:54:13.0950000 +00:00
ee4c36b2e570,Jardim Aero Rancho,5002704.0,50,2025-03-27 13:08:27.2930000 +00:00,2026-06-02 22:10:08.9320000 +00:00
ffaa97571804,Porto Madero,5003702.0,50,2024-04-14 18:42:06.2860000 +00:00,2024-04-14 18:42:06.2860000 +00:00
103144ae9fdd,Cohafaba III Plano,5003702.0,50,2024-10-18 23:04:12.9860000 +00:00,2024-10-18 23:04:12.9860000 +00:00
cf5f43928bbb,Conjunto Aero Rancho,5002704.0,50,2021-09-21 12:14:06.5520000 +00:00,2021-09-21 12:14:06.5520000 +00:00
703a69b64808,Jardim Angélica,5008305.0,50,2023-10-03 19:45:39.1680000 +00:00,2023-10-03 19:45:39.1680000 +00:00
8aaaeb70db63,Jardim Capilé,5008305.0,50,2021-02-09 04:33:21.7170000 +00:00,2021-02-09 04:33:21.7170000 +00:00
070ca7fb9670,Centro,5002704.0,50,2021-05-05 19:10:27.8090000 +00:00,2021-05-05 19:10:27.8090000 +00:00
7a8dd33531f8,Lagoa Park,5002704.0,50,2025-01-13 16:01:02.7660000 +00:00,2025-01-13 16:01:02.7660000 +00:00
9e9f4e9625a2,Centro,5005202.0,50,2024-07-23 14:23:59.4830000 +00:00,2024-07-23 14:23:59.4830000 +00:00
0e61e8c0e891,Coophasul,5002704.0,50,2022-03-19 09:59:46.8310000 +00:00,2022-03-19 09:59:46.8310000 +00:00
8620a4ee393d,Vila Vilas Boas,5002704.0,50,2025-10-27 00:26:27.0490000 +00:00,2025-10-27 00:26:27.0490000 +00:00
f21beb2aec56,Cabreúva,5002704.0,50,2022-06-20 20:17:36.3090000 +00:00,2022-06-21 11:54:16.6380000 +00:00
865c6cbe2e0c,Vila do Polonês,5002704.0,50,2020-06-19 20:29:49.5420000 +00:00,2020-06-19 20:30:04.3690000 +00:00
b634c0acd23a,Morada Verde,5002704.0,50,2024-01-22 12:48:26.3250000 +00:00,2024-01-22 12:48:26.3250000 +00:00
c7c60da10736,Residencial Ana Maria do Couto,5002704.0,50,2021-09-16 22:37:30.0330000 +00:00,2021-09-16 22:37:30.0330000 +00:00
f37614fe1ad5,Pioneiros,5002704.0,50,2024-01-18 07:04:00.2140000 +00:00,2024-01-18 07:04:00.2140000 +00:00
42c846ba8cb6,Jardim Maria Amélia,3524402.0,35,2024-08-05 14:13:53.7870000 +00:00,2024-08-05 14:13:53.7870000 +00:00
5c92da5219d7,,5004700.0,50,2025-06-22 01:04:17.9810000 +00:00,2025-06-22 01:04:17.9810000 +00:00
193e0c1c11bf,Vila Planalto,5003702.0,50,2023-03-14 20:56:32.1470000 +00:00,2023-05-09 02:10:34.0270000 +00:00
d0c2bba6dcdf,Zona rural ,5004106.0,50,2024-01-02 15:30:46.4910000 +00:00,2024-01-02 15:30:46.4910000 +00:00
9b798f142c04,Ilha dos Araújos,3127701.0,31,2023-06-26 15:59:38.2410000 +00:00,2023-06-26 15:59:38.2410000 +00:00
e8bf3419143a,Jardim Campo Alto,5002704.0,50,2022-12-08 12:53:29.6900000 +00:00,2022-12-08 12:53:29.6900000 +00:00
60c69d04ed8f,Centro Educacional ,5006200.0,50,2025-02-14 22:24:36.8360000 +00:00,2025-02-14 22:24:36.8360000 +00:00
a8fb5b10637a,Vila Aurora,3550308.0,35,2020-11-04 03:20:26.1640000 +00:00,2020-11-04 03:22:13.9910000 +00:00
ca57cfae7112,Vila Jari ,5002407.0,50,2020-10-29 01:50:10.0250000 +00:00,2020-10-29 01:50:10.0250000 +00:00
3860d1981ace,Vila Margarida,5002704.0,50,2020-12-19 12:51:21.0060000 +00:00,2020-12-19 12:51:21.0060000 +00:00
39283f99270b,Centro ,5005004.0,50,2024-10-30 10:48:18.6820000 +00:00,2024-10-30 10:48:18.6820000 +00:00
1e86d70ba351,Jardim Monumento,5002704.0,50,2024-10-21 18:26:30.6740000 +00:00,2024-10-21 18:26:41.9730000 +00:00
ee7bd418958a,São Miguel,5005806.0,50,2023-10-01 02:21:12.9080000 +00:00,2023-10-01 02:21:12.9080000 +00:00
5fdf2572d2e5,Panorama,5002704.0,50,2024-10-11 01:00:57.6770000 +00:00,2024-10-11 01:00:57.6770000 +00:00
e0534299de7c,Jardim Monte Líbano,5002704.0,50,2023-03-04 16:26:02.3300000 +00:00,2023-03-04 16:26:02.3300000 +00:00
0080409e7f18,Jardim Novo Horizonte,5003702.0,50,2023-06-12 14:09:15.6600000 +00:00,2023-06-12 14:10:43.6840000 +00:00
aab872926f5f,Romeirão,2307304.0,23,2026-07-04 00:41:37.3570000 +00:00,2026-07-04 00:41:37.3570000 +00:00
e569e812b62d,Amambaí,5002704.0,50,2025-12-26 13:04:43.8360000 +00:00,2025-12-26 13:04:43.8360000 +00:00
c11ed54f54d6,Panamá,5002704.0,50,2024-07-16 18:40:55.8890000 +00:00,2024-07-16 18:40:55.8890000 +00:00
0888fa98ed59,centro ,5007802.0,50,2024-07-18 16:39:38.7920000 +00:00,2024-07-18 16:39:38.7920000 +00:00
94c38d760b14,Nova aliança ,5005202.0,50,2023-01-26 23:24:51.6230000 +00:00,2023-01-26 23:27:10.9290000 +00:00
92a6e8966b09,Aeroporto,5003207.0,50,2024-08-12 00:40:29.7930000 +00:00,2024-08-12 00:40:29.7930000 +00:00
acb4ea58dfdc,Vila Nova ,5004304.0,50,2024-02-20 14:39:54.0210000 +00:00,2024-02-20 14:39:54.0210000 +00:00
9ed9d09afc7d,Gaivota (Praia),3522109.0,35,2026-07-30 22:45:22.7390000 +00:00,2026-07-30 22:45:22.7390000 +00:00
361e265bf02e,Residêncial Monte Verde,5005400.0,50,2021-08-30 18:11:23.4660000 +00:00,2021-08-30 18:11:23.4660000 +00:00
06ad0442fd9f,Sibipiruna,5002951.0,50,2024-04-01 22:46:48.3250000 +00:00,2024-08-09 19:17:51.9860000 +00:00
579a42913b0a,Vila Rosa,5003702.0,50,2021-08-11 13:02:13.4580000 +00:00,2021-08-11 13:02:13.4580000 +00:00
f0c175e6cacc,Jardim Maracanã ,5003702.0,50,2020-05-01 13:15:21.2660000 +00:00,2020-05-01 13:15:33.5750000 +00:00
cf2338a88648,Vila Moreninha III,5002704.0,50,2023-09-28 15:56:52.1000000 +00:00,2023-10-09 15:31:15.8350000 +00:00
69992eaa7cb4,Jardim Flórida,5003702.0,50,2022-01-21 21:19:20.8790000 +00:00,2022-01-21 21:19:20.8790000 +00:00
5ac1a5f76839,Jardim Água Boa,5003702.0,50,2025-09-14 20:01:29.0310000 +00:00,2025-09-14 20:05:31.2320000 +00:00
b97a337d2ae0,Canaã III,5003702.0,50,2020-05-17 02:57:38.0830000 +00:00,2020-05-17 03:46:02.8500000 +00:00
4bec9ba692ee,Cabreúva,5002704.0,50,2024-02-28 11:36:31.6920000 +00:00,2024-02-28 11:36:31.6920000 +00:00
7721cc19c89f,Jardim das Oliveiras,5008305.0,50,2021-01-04 15:58:41.3910000 +00:00,2021-01-04 15:58:44.8670000 +00:00
6b49983f5f8a,Centro,5008305.0,50,2025-03-16 21:37:09.9080000 +00:00,2025-03-16 21:39:15.7870000 +00:00
a8a006141495,Conjunto Aero Rancho,5002704.0,50,2020-04-30 02:01:04.3200000 +00:00,2020-04-30 02:01:04.3200000 +00:00
76e79b741324,Jardim vista alegre ,5000203.0,50,2024-02-07 11:52:47.5830000 +00:00,2024-02-07 11:52:47.5830000 +00:00
bc521afad36c,Sonho Meu 04,5003256.0,50,2025-04-07 03:29:26.6910000 +00:00,2025-04-07 03:29:26.6910000 +00:00
6dd10beae6df,centro,5008008.0,50,2022-08-22 20:50:25.7370000 +00:00,2022-08-22 20:50:25.7370000 +00:00
dddd653db15d,vila Nova ,5007109.0,50,2025-01-10 21:57:59.4760000 +00:00,2025-01-10 21:57:59.4760000 +00:00
492ce59efd3e,Vila Almeida,5002704.0,50,2025-08-08 15:48:37.4890000 +00:00,2025-08-08 15:48:37.4890000 +00:00
f4cf7e706439,Vila Fernanda,5002704.0,50,2022-03-03 16:45:37.3920000 +00:00,2022-03-03 16:45:37.3920000 +00:00
93fbf269ceab,PARQUE DO LAGO I ,5003702.0,50,2023-06-04 13:47:32.2060000 +00:00,2023-06-04 13:47:32.2060000 +00:00
2e2a1064d2f7,Vila Moreninha ,5005400.0,50,2024-07-19 02:31:28.1980000 +00:00,2024-07-19 02:31:28.1980000 +00:00
1188e9f5fc02,Vila Manoel Taveira,5002704.0,50,2021-04-27 14:13:07.8430000 +00:00,2021-04-27 14:13:07.8430000 +00:00
413ea3d43b07,Daniel VI ,5006309.0,50,2023-01-03 19:09:20.0510000 +00:00,2023-01-03 19:10:42.1410000 +00:00
1d33ccbcef8d,,5002704.0,50,2021-04-22 01:48:57.2560000 +00:00,2021-04-22 01:51:18.1540000 +00:00
70046665fb40,Jardim dos Estados,5002704.0,50,2021-01-31 16:24:03.2500000 +00:00,2021-01-31 16:24:03.2500000 +00:00
6992686c1c65,Durval Andrade Filho,5006200.0,50,2021-01-22 00:40:48.9640000 +00:00,2021-01-22 00:44:42.0500000 +00:00
9e81df14331e,Monte Carlo,5002704.0,50,2022-12-20 04:42:03.5610000 +00:00,2022-12-20 04:42:03.5610000 +00:00
d3746d716ab6,Centro,5002704.0,50,2024-11-24 15:13:57.2010000 +00:00,2024-11-24 15:13:57.2010000 +00:00
d59fe1ad95e1,parque payol 2,3539103.0,35,2023-10-28 13:20:43.0740000 +00:00,2023-10-28 13:20:52.5840000 +00:00
fdd636184fb5,Guamá,1501402.0,15,2024-02-19 15:29:24.9880000 +00:00,2024-02-19 15:29:24.9880000 +00:00
ab8408b67f1d,"Loteamento,  C.H  Alto da Figueira ",5007901.0,50,2021-10-26 19:55:41.5360000 +00:00,2021-10-26 19:55:41.5360000 +00:00
fcd116a7c12b,Vila Planalto,5002704.0,50,2022-07-27 02:19:21.2970000 +00:00,2022-07-27 02:19:21.2970000 +00:00
acb0405c74b5,Carandá Bosque,5002704.0,50,2020-11-03 14:16:28.3950000 +00:00,2020-11-03 14:16:28.3950000 +00:00
de7f12ca2f7b,Coophasul,5002704.0,50,2025-06-04 16:23:51.0320000 +00:00,2025-06-04 16:23:51.0320000 +00:00
a2c6a9a6f34d,Terras Alpha Campo Grande,5002704.0,50,2024-12-20 18:18:23.4920000 +00:00,2024-12-20 18:18:31.4290000 +00:00
2eab2fcb6391,Parque Residencial Rita Vieira,5002704.0,50,2026-04-03 13:32:14.7510000 +00:00,2026-04-03 13:32:14.7510000 +00:00
449b6c03b825,Nova Lima,5002704.0,50,2025-04-09 16:55:57.7880000 +00:00,2025-04-09 16:56:07.2810000 +00:00
d04e4d2dd251,Vila Miguel Couto,5002704.0,50,2025-03-28 12:47:54.8990000 +00:00,2025-03-28 12:47:54.8990000 +00:00
1f069a14e362,Vila Morumbi,5002704.0,50,2022-12-08 02:09:30.4260000 +00:00,2022-12-08 02:09:30.4260000 +00:00
59adcd855181,BNH,5003306.0,50,2026-06-02 02:48:08.5910000 +00:00,2026-06-02 02:48:08.5910000 +00:00
2c96cf5c1ea3,zona rural ,2307304.0,23,2024-05-19 10:31:09.7640000 +00:00,2024-05-19 10:31:09.7640000 +00:00
d9ff26312ea6,Bessa,2507507.0,25,2026-05-18 17:12:15.5180000 +00:00,2026-05-18 17:14:52.5540000 +00:00
a631ae131ba4,Curuçambá,1500800.0,15,2023-12-06 16:18:11.9920000 +00:00,2023-12-06 16:19:26.7150000 +00:00
6c73158322b0,Espírito Santo,2933307.0,29,2024-05-29 16:39:03.1080000 +00:00,2024-05-29 16:39:03.1080000 +00:00
efef0819a78d,Porto Belo ,5005400.0,50,2025-01-30 13:39:56.8760000 +00:00,2025-01-30 13:39:56.8760000 +00:00
8ad6bfbc43dd,Vila São Luiz,5003702.0,50,2024-02-29 19:53:58.7990000 +00:00,2024-02-29 19:53:58.7990000 +00:00
27b375250286,Jardim Maringá,5003702.0,50,2021-10-07 15:32:48.1160000 +00:00,2021-10-07 15:32:48.1160000 +00:00
c7966a3bf2b0,Residencial Ramez Tebet,5002704.0,50,2023-06-26 23:05:23.7220000 +00:00,2023-06-26 23:05:23.7220000 +00:00
d5f840373262,Vila Romana,5002704.0,50,2021-02-06 21:32:25.3190000 +00:00,2021-02-06 21:38:00.0520000 +00:00
42b70c42b151,Jardim do Zé Pereira,5002704.0,50,2024-07-18 17:36:50.4820000 +00:00,2024-07-18 17:36:50.4820000 +00:00
d001e7ddf0d5,Jardim Antáres,5002704.0,50,2024-08-28 15:22:22.6130000 +00:00,2024-08-28 15:22:22.6130000 +00:00
0df3874c0e80,Parque Residencial Rita Vieira,5002704.0,50,2020-04-26 17:31:55.0010000 +00:00,2020-04-26 17:31:55.0010000 +00:00
19c6fa77d216,Centro,5008008.0,50,2024-03-05 17:31:56.3850000 +00:00,2024-03-05 17:32:32.5060000 +00:00
de9f94985284,Vila (Mosqueiro),1501402.0,15,2023-11-14 15:50:01.0170000 +00:00,2023-11-14 15:50:01.0170000 +00:00
7d972abdfd2b,Pioneiros,5002704.0,50,2025-06-02 22:11:16.4860000 +00:00,2025-06-02 22:16:12.3980000 +00:00
c525a8037fea,centro,5006275.0,50,2021-08-19 10:23:44.0080000 +00:00,2021-08-19 10:23:44.0080000 +00:00
0e646440f9be,Honório Almirão,5003702.0,50,2023-11-29 02:19:41.7390000 +00:00,2023-11-29 02:19:41.7390000 +00:00
5b2f6ae55856,,5000609.0,50,2023-12-01 23:05:08.1540000 +00:00,2023-12-01 23:06:08.8550000 +00:00
1a0a6214d52d,Jardim Nhanhá,5002704.0,50,2025-05-20 18:29:15.6960000 +00:00,2025-05-20 18:29:15.6960000 +00:00
589820014437,São Francisco,5002704.0,50,2024-07-23 08:31:55.5970000 +00:00,2024-07-23 08:31:55.5970000 +00:00
d05b6856a3db,Jardim Autonomista,5002704.0,50,2024-09-17 02:06:39.9730000 +00:00,2024-09-17 02:06:39.9730000 +00:00
1d52dbb06b00,via rural ,5001508.0,50,2025-01-08 07:51:43.5910000 +00:00,2025-01-08 07:51:43.5910000 +00:00
0f5de589422e,Jardim Alvorada,5008305.0,50,2021-08-22 22:37:49.3650000 +00:00,2021-08-22 22:37:49.3650000 +00:00
db947b877177,Vila Morumbi,5002704.0,50,2023-03-04 01:58:01.2130000 +00:00,2023-03-04 01:58:01.2130000 +00:00
b01fe8102a52,Núcleo Habitacional Universitárias,5002704.0,50,2021-04-24 14:02:40.5190000 +00:00,2021-04-24 14:14:22.2650000 +00:00
2c200709c0d4,centro ,5000807.0,50,2024-08-17 15:20:36.0380000 +00:00,2024-08-17 15:25:10.9380000 +00:00
42c8a9db15dc,centro ,5006309.0,50,2022-01-20 13:08:29.9930000 +00:00,2022-01-20 13:08:29.9930000 +00:00
fc05547021a4,Centro,5008305.0,50,2022-11-19 07:13:45.3570000 +00:00,2022-11-19 07:14:39.4180000 +00:00
93648d7dd0b9,centro ,5007802.0,50,2023-06-19 13:36:52.4970000 +00:00,2023-06-19 13:36:52.4970000 +00:00
e2fda2681927,Centro,5002704.0,50,2025-05-06 00:08:31.6680000 +00:00,2025-05-06 00:08:36.7820000 +00:00
7fb70a54d3df,Jardim TV Morena,5002704.0,50,2022-06-13 15:05:42.8460000 +00:00,2022-06-13 15:06:25.1770000 +00:00
afee4db452db,Mata do Segredo,5002704.0,50,2025-02-14 15:39:41.6250000 +00:00,2025-02-14 15:39:41.6250000 +00:00
9f809c1615a8,Vila Serradinho ,5002704.0,50,2022-06-10 23:18:43.4520000 +00:00,2022-06-10 23:19:15.0450000 +00:00
ab2eafe959a8,Vila Nogueira,5002704.0,50,2022-01-31 00:49:52.1500000 +00:00,2022-01-31 00:50:04.5880000 +00:00
48152c21d120,Altos São Pedro,5003306.0,50,2024-11-01 21:03:54.8750000 +00:00,2024-11-01 21:03:54.8750000 +00:00
06fae38d60c6,Portal de Dourados,5003702.0,50,2021-08-11 22:31:23.6850000 +00:00,2021-08-11 22:31:23.6850000 +00:00
907f67ac9ed2,Alto das Paineiras,5003702.0,50,2022-03-09 00:33:57.9160000 +00:00,2022-03-09 00:33:57.9160000 +00:00
7fc4adf6d4eb,Jardim Guanabara,5003702.0,50,2021-10-26 22:30:06.9480000 +00:00,2021-10-26 22:30:24.5710000 +00:00
0a37e727d97d,Carandá Bosque,5002704.0,50,2021-04-23 02:04:59.1140000 +00:00,2021-04-23 02:07:36.5320000 +00:00
706abba73055,Alto da Alegria,2301901.0,23,2021-07-21 22:37:13.2710000 +00:00,2021-07-21 22:38:18.2360000 +00:00
3e8d52069a29,Parque Residencial Rita Vieira,5002704.0,50,2021-01-21 22:18:02.4310000 +00:00,2021-01-21 22:18:02.4310000 +00:00
2d1c34a01b2c,Panamá,5002704.0,50,2026-04-05 21:15:56.7780000 +00:00,2026-04-05 21:16:11.9390000 +00:00
ca03b63eef61,Carandá Bosque,5002704.0,50,2026-03-11 15:29:52.3270000 +00:00,2026-03-11 15:30:26.5290000 +00:00
5e7bc4134596,Vila Planalto,5002704.0,50,2021-01-23 17:37:13.1120000 +00:00,2025-05-05 22:57:20.8330000 +00:00
5e693278e3c8,Centro,5005806.0,50,2023-06-02 15:23:37.3540000 +00:00,2023-06-02 15:23:37.3540000 +00:00
08b19407a179,Vila Trindade,5001102.0,50,2021-01-29 22:47:33.3820000 +00:00,2021-01-29 22:49:58.5100000 +00:00
e2c847193bea,centro,5003801.0,50,2021-03-19 18:26:38.7740000 +00:00,2021-03-19 18:26:57.7920000 +00:00
499caff9f45d,Vila Cidade Morena,5002704.0,50,2025-01-22 19:29:59.0810000 +00:00,2025-01-22 19:29:59.0810000 +00:00
2ebe77cef38d,Centro ,5006309.0,50,2021-12-30 21:36:21.3970000 +00:00,2021-12-30 21:36:21.3970000 +00:00
d34ee3691fb5,Vila Santa Dorothéia,5002704.0,50,2026-06-03 11:57:50.0560000 +00:00,2026-06-03 11:57:50.0560000 +00:00
db28c6ef1c5a,Pioneiros,5002704.0,50,2022-02-08 23:45:51.1890000 +00:00,2022-02-08 23:47:18.5270000 +00:00
57f0c6a5c230,Parque Campolim,3552205.0,35,2024-10-24 15:49:33.2830000 +00:00,2024-10-24 15:49:33.2830000 +00:00
8c245b01d3a7,Jardim das Nações,5002704.0,50,2023-02-01 00:35:57.6970000 +00:00,2023-02-01 00:35:57.6970000 +00:00
b4355a15488b,Jardim Pênfigo,5002704.0,50,2025-05-16 19:51:34.6460000 +00:00,2025-05-16 19:51:34.6460000 +00:00
b8d16d2c0bde,Conjunto Aero Rancho,5002704.0,50,2022-10-13 03:59:56.3980000 +00:00,2022-10-13 04:00:05.8870000 +00:00
df8814b6be4c,Jardim Petrópolis,5002704.0,50,2022-01-06 23:31:55.5220000 +00:00,2022-01-06 23:31:55.5220000 +00:00
a74c21df58f5,Residencial Betaville,5002704.0,50,2023-10-20 21:02:45.7760000 +00:00,2023-10-20 21:02:45.7760000 +00:00
21f0d36196e1,Nova América,5002407.0,50,2021-12-13 21:50:01.1040000 +00:00,2021-12-13 21:50:01.1040000 +00:00
fad526b6e039,Nestor Muzzi ,5005400.0,50,2022-08-23 18:58:45.3520000 +00:00,2022-08-23 18:58:45.3520000 +00:00
b5e06cad6ec5,Jardim Montevidéu,5002704.0,50,2023-10-18 19:09:57.4650000 +00:00,2024-08-29 01:27:07.5240000 +00:00
1de974f9a798,Jardim Leblon,5002704.0,50,2024-10-11 13:35:30.0770000 +00:00,2024-10-11 13:35:30.0770000 +00:00
2aa10129fff1,Jardim Cruzeiro do Sul,3524709.0,35,2025-12-04 12:08:21.9320000 +00:00,2025-12-04 12:08:21.9320000 +00:00
92cded8fd312,Bairro Seminário,5002704.0,50,2021-08-02 23:11:42.3020000 +00:00,2021-08-02 23:11:50.0600000 +00:00
829df77f6c69,centro,5000708.0,50,2021-10-22 02:05:33.5600000 +00:00,2021-10-22 02:05:33.5600000 +00:00
35142dd71c1e,Jardim Batistão,5002704.0,50,2022-11-26 20:15:50.4810000 +00:00,2022-11-26 20:15:50.4810000 +00:00
a6f90cf6c15c,Jardim Moçambique,5008305.0,50,2026-08-11 18:17:41.6490000 +00:00,2026-08-11 18:17:41.6490000 +00:00
ce7d48d1f3c6,Jardim Fluminense,5002704.0,50,2022-04-07 00:03:28.6550000 +00:00,2022-04-07 00:03:28.6550000 +00:00
53d5a21e9774,Jardim das Meninas,5002704.0,50,2022-06-15 13:13:25.7110000 +00:00,2022-06-15 13:13:25.7110000 +00:00
e27ab7c51cf4,Residencial Búzios,5002704.0,50,2026-06-24 23:37:07.6320000 +00:00,2026-06-24 23:37:12.7150000 +00:00
ecf50fc1ad5c,Pioneiros,5002704.0,50,2025-03-06 13:07:39.3820000 +00:00,2025-03-06 13:07:39.9220000 +00:00
dc27ecc55b30,Vila Vilas Boas,5002704.0,50,2020-07-29 14:38:58.5500000 +00:00,2020-07-29 14:38:58.5500000 +00:00
3f8bcc43f9fa,Vila Giocondo Orsi,5002704.0,50,2023-04-19 20:50:09.4230000 +00:00,2023-04-19 20:50:09.4230000 +00:00
cf98534ddfe6,Recreio das Acácias,3543402.0,35,2024-01-08 13:10:08.1980000 +00:00,2024-01-08 13:10:08.1980000 +00:00
3b26d1265f24,Culturama,5003801.0,50,2023-12-23 18:31:35.4970000 +00:00,2023-12-23 18:34:53.7860000 +00:00
d65f6debab7b,Jardim Oceania,2507507.0,25,2020-10-28 14:53:51.9120000 +00:00,2023-07-19 10:02:07.7000000 +00:00
4aed21f8f836,Vila Carvalho,5002704.0,50,2020-05-05 14:38:19.6190000 +00:00,2020-05-05 14:39:04.6480000 +00:00
accd67475111,Carandá Bosque,5002704.0,50,2024-07-31 18:12:15.6950000 +00:00,2024-07-31 18:12:15.6950000 +00:00
409b6946d7ef,Residencial Aquarius II,5002704.0,50,2021-10-14 11:04:01.8490000 +00:00,2021-10-14 11:04:01.8670000 +00:00
e13e0092efa7,Agua Branca,3520400.0,35,2023-05-25 18:09:52.4360000 +00:00,2023-05-25 18:09:52.4360000 +00:00
8c9f53b8a88d,Morada do Sol,5002704.0,50,2025-04-02 14:49:23.5050000 +00:00,2025-04-02 14:49:23.5050000 +00:00
8859194b72c3,Jardim Paranapunga,5008305.0,50,2024-10-28 18:46:28.5830000 +00:00,2024-10-28 18:46:34.9800000 +00:00
d764887ad731,São Jorge,5008305.0,50,2021-11-22 12:07:48.7070000 +00:00,2021-11-22 12:07:48.7070000 +00:00
867263293922,EcoVille 2,5003702.0,50,2021-01-20 11:12:41.8310000 +00:00,2021-01-20 11:12:41.8310000 +00:00
b954a665fd7c,Vila Marcos Roberto,5002704.0,50,2023-09-29 20:34:24.2030000 +00:00,2023-09-29 20:35:09.7840000 +00:00
4c189107bd21,BNH ,5003801.0,50,2026-06-30 15:52:40.9710000 +00:00,2026-06-30 15:52:40.9710000 +00:00
5997ff2b623f,Zona Rural ,5003801.0,50,2024-08-02 14:26:38.8860000 +00:00,2024-08-02 14:26:38.8860000 +00:00
26b719746965,jardim tatiane,5003801.0,50,2025-06-02 16:06:50.4260000 +00:00,2025-06-02 16:06:50.4260000 +00:00
f927f76071a6,Residencial Oiti,5002704.0,50,2021-02-11 00:53:03.8710000 +00:00,2021-02-11 00:53:03.8710000 +00:00
99b327a879da,Portal de Dourados,5003702.0,50,2022-03-19 14:27:45.5410000 +00:00,2022-03-19 14:27:45.5410000 +00:00
bc29c748b9d4,Jardim Tijuca,5002704.0,50,2023-05-02 01:39:41.5710000 +00:00,2023-05-02 01:39:55.8710000 +00:00
ba36ce04c7b1,Jardim Presidente,5002704.0,50,2021-10-25 01:36:46.5620000 +00:00,2021-10-25 01:36:46.5620000 +00:00
d88aa55a80ce,Residencial Oliveira,5002704.0,50,2022-04-19 00:42:11.7040000 +00:00,2022-04-19 00:42:17.8590000 +00:00
614e0425ab55,Vila Industrial,5003702.0,50,2021-03-03 20:15:37.1360000 +00:00,2021-03-03 20:15:37.1360000 +00:00
2345f7bacc5b,Arnaldo Estevão Figueiredo,5002704.0,50,2025-03-25 12:18:22.1790000 +00:00,2025-03-25 12:18:25.9890000 +00:00
fca4b5c23d87,Piracema,5003306.0,50,2025-02-19 13:56:46.1560000 +00:00,2025-02-19 13:57:00.1640000 +00:00
d72865cc919a,Los Angeles,5002704.0,50,2026-06-17 21:17:53.7310000 +00:00,2026-06-17 21:17:53.7310000 +00:00
2e17b40e365b,Vila Vilas Boas,5002704.0,50,2024-09-05 00:30:50.6530000 +00:00,2024-09-05 00:30:50.6530000 +00:00
ae3a4e3910ee,Jardim Leblon,5002704.0,50,2025-04-23 23:06:59.2810000 +00:00,2025-04-23 23:10:28.8950000 +00:00
7c128f1e99c3,Nova Lima,5002704.0,50,2020-04-28 03:05:46.6630000 +00:00,2020-04-28 03:05:46.6630000 +00:00
acf104bde029,Coqueiro,1500800.0,15,2025-03-23 14:32:08.0970000 +00:00,2025-03-23 14:32:08.0970000 +00:00
f5a2541e65a2,Cidade Nova,1500800.0,15,2024-08-29 14:11:50.8340000 +00:00,2024-08-29 14:11:50.8340000 +00:00
28eb21f154e2,Cajueiro,2611606.0,26,2023-10-31 03:53:02.3820000 +00:00,2023-10-31 03:53:07.1870000 +00:00
023b36801b03,São Bento ,5007901.0,50,2025-06-06 00:06:59.4360000 +00:00,2025-06-06 00:06:59.4360000 +00:00
33115fb45913,Parque Residencial Rita Vieira,5002704.0,50,2021-04-28 15:49:57.2840000 +00:00,2021-04-28 15:49:57.2840000 +00:00
8e53eba937e8,Papicu,2304400.0,23,2024-05-23 02:11:00.8680000 +00:00,2024-05-23 02:11:00.8680000 +00:00
27879689f947,Vila Souza,3550308.0,35,2024-07-09 21:37:08.4680000 +00:00,2024-07-09 21:37:08.4680000 +00:00
aaf91b55e53c,Vila Erondina ,5003702.0,50,2022-01-25 18:03:19.8360000 +00:00,2022-04-10 22:17:32.9870000 +00:00
43f484804a1a,Cidade Nova,1302603.0,13,2024-08-25 01:20:51.8180000 +00:00,2024-08-25 01:20:51.8180000 +00:00
3b2390b0e6e7,Jardim Centenário,5002704.0,50,2020-06-19 19:11:06.2190000 +00:00,2020-06-19 19:11:06.2190000 +00:00
6f2a01983297,Jardim Flamboyant,5008305.0,50,2023-06-18 02:38:52.8520000 +00:00,2023-06-18 02:39:11.1760000 +00:00
32d820bc460c,Jardim Aeroporto,5002704.0,50,2025-02-12 12:40:07.9920000 +00:00,2025-02-12 12:40:07.9920000 +00:00
0bca6bf91c02,Parque São Carlos,5008305.0,50,2024-05-03 18:52:06.4090000 +00:00,2024-05-03 18:52:06.4090000 +00:00
770d96137657,Jereissati I,2307650.0,23,2024-02-01 00:04:55.4500000 +00:00,2024-02-01 00:04:55.4500000 +00:00
6abbd39800e7,Centro,5107602.0,51,2021-03-27 20:37:52.3160000 +00:00,2021-12-08 08:17:57.4660000 +00:00
c3552a19772c,Boa Vista,2112209.0,21,2023-07-12 23:37:20.4300000 +00:00,2023-07-12 23:37:23.8180000 +00:00
6633d4eece87,São Miguel,5004106.0,50,2022-01-19 16:14:31.5810000 +00:00,2022-01-19 16:14:31.5810000 +00:00
72c91f63acc3,Tião Mineiro,1505502.0,15,2024-04-04 16:47:17.3110000 +00:00,2024-04-04 16:47:17.3110000 +00:00
72ffd0a086e7,Residencial Oliveira III,5002704.0,50,2022-09-16 10:36:21.0870000 +00:00,2022-09-16 10:36:21.0870000 +00:00
a9ce3db43484,Jardim das Nações,5002704.0,50,2026-05-26 20:03:37.5200000 +00:00,2026-05-26 20:03:37.5200000 +00:00
651c9c224afe,Tiradentes,5002704.0,50,2021-04-06 21:33:57.1030000 +00:00,2021-04-06 21:34:56.7920000 +00:00
4c0689d25e07,São Vicente ,5006200.0,50,2021-06-08 16:35:28.1700000 +00:00,2021-06-08 16:35:32.6560000 +00:00
ebc8328834ba,Conjunto Residencial Estrela do Sul,5002704.0,50,2022-04-06 23:34:38.5220000 +00:00,2022-04-06 23:34:38.5220000 +00:00
c07b527b4224,Conjunto Residencial Octavio Pécora,5002704.0,50,2024-09-27 13:04:21.5740000 +00:00,2024-09-27 13:04:21.5740000 +00:00
68f9505aec40,,5005004.0,50,2023-12-15 16:37:21.4590000 +00:00,2023-12-15 16:37:21.4590000 +00:00
d83e1ab8cc29,Centro,5005608.0,50,2025-05-30 14:02:45.8880000 +00:00,2025-05-30 14:02:55.9420000 +00:00
d9757fca47ab,zona rural,5007901.0,50,2023-03-04 00:02:13.6210000 +00:00,2023-03-04 00:10:48.4050000 +00:00
bb743800d54d,Conjunto Aero Rancho,5002704.0,50,2025-03-15 22:32:41.3830000 +00:00,2025-03-15 22:33:05.7830000 +00:00
fbdba32b46fd,Residencial Damha II,5002704.0,50,2022-12-06 19:49:58.5880000 +00:00,2022-12-06 19:50:01.4510000 +00:00
258f3f6f2355,Conjunto José Abrão,5002704.0,50,2024-11-13 14:54:32.0740000 +00:00,2024-11-13 14:56:44.0700000 +00:00
828ca406e57a,Núcleo Habitacional Buriti,5002704.0,50,2021-01-21 21:30:59.8300000 +00:00,2021-01-21 21:31:08.7540000 +00:00
3e0ff4a7d33c,Residencial Mário Cóvas,5002704.0,50,2020-04-14 23:25:47.0640000 +00:00,2020-04-14 23:30:05.5800000 +00:00
fd1bd4c7b6da,Cambarai ,5005400.0,50,2021-09-14 13:18:42.3140000 +00:00,2024-03-23 14:50:20.5680000 +00:00
3f4d4db291c5,Vila nova ,5008305.0,50,2020-05-10 11:22:00.2460000 +00:00,2020-05-10 11:22:41.3030000 +00:00
7a3d58b44683,Centro ,5006309.0,50,2022-03-28 21:12:57.1440000 +00:00,2022-03-28 21:12:57.1440000 +00:00
091dfb703fae,Jardim Leblon,5002704.0,50,2025-06-18 15:21:57.9890000 +00:00,2025-06-18 15:21:57.9890000 +00:00
536e29c63401,Centro,5002704.0,50,2026-07-02 02:42:36.8810000 +00:00,2026-07-02 02:42:48.2510000 +00:00
b82ddce169c0,Vila São Paulo,5003306.0,50,2021-09-04 23:52:50.7380000 +00:00,2021-09-04 23:52:50.7380000 +00:00
d624fd98eaca,Vila Bandeirante,5002704.0,50,2024-03-30 02:07:42.0330000 +00:00,2024-03-30 02:07:42.0330000 +00:00
e138bd13b64d,Centro,5008305.0,50,2020-05-07 16:43:13.7930000 +00:00,2020-05-07 16:43:13.7930000 +00:00
6ab9667cbd42,Jardim Centro Oeste,5002704.0,50,2024-10-09 02:01:17.9800000 +00:00,2024-10-09 02:01:17.9800000 +00:00
92dc7dd9b9e5,Novo Lar ,5005608.0,50,2024-05-03 10:24:48.0720000 +00:00,2024-05-03 10:24:48.0720000 +00:00
27374b0262ec,Jardim primavera II,5001003.0,50,2020-10-28 18:25:31.8470000 +00:00,2024-01-09 18:17:03.4130000 +00:00
44cf5eb1d2a6,Itanhangá Park,5002704.0,50,2025-03-30 15:25:42.9730000 +00:00,2025-03-30 15:25:42.9730000 +00:00
184346e6fbae,Vila Morumbi,5002704.0,50,2025-10-09 10:44:50.8750000 +00:00,2025-10-09 10:44:54.4020000 +00:00
5904a92006bb,Parque Residencial Rita Vieira,5002704.0,50,2021-09-12 22:15:42.2530000 +00:00,2021-09-12 22:15:42.2530000 +00:00
27d79c15b77f,Jardim Paulista,5002704.0,50,2021-03-22 12:55:49.2940000 +00:00,2021-03-22 12:59:54.3070000 +00:00
75e6d492ccac,VILA Izanopolis ,5002902.0,50,2024-05-08 03:28:35.6810000 +00:00,2024-05-08 03:28:35.6810000 +00:00
72bf837b39db,Centro,5002704.0,50,2023-01-19 15:50:53.8240000 +00:00,2023-01-19 15:52:26.1110000 +00:00
ae6729f0039e,Jardim São Lourenço,5002704.0,50,2021-01-23 18:21:33.5070000 +00:00,2021-01-23 18:21:33.5070000 +00:00
fddc44366baf,Tiradentes,5002704.0,50,2024-04-17 13:46:23.1210000 +00:00,2024-04-17 13:46:23.1210000 +00:00
3cbbda874ae0,Jardim Nova Americana,5008305.0,50,2021-06-08 22:52:35.5620000 +00:00,2021-06-08 22:54:11.1330000 +00:00
3b846236cd7b,Sucupira,5002951.0,50,2021-08-12 00:47:08.0550000 +00:00,2021-08-12 00:47:08.0550000 +00:00
cd61db3a10b4,Icuí-Guajará,1500800.0,15,2021-08-15 15:57:08.4120000 +00:00,2021-08-15 15:57:45.6140000 +00:00
c94224a71a91,Gramame,2507507.0,25,2025-11-11 12:20:01.7220000 +00:00,2025-11-11 12:20:01.7220000 +00:00
9701b439e182,Vila São Jorge da Lagoa,5002704.0,50,2024-02-01 02:51:48.2530000 +00:00,2024-02-01 02:51:48.2530000 +00:00
e17ef5b267fa,Mangueiras (Mosqueiro),1501402.0,15,2023-04-11 18:28:31.6340000 +00:00,2023-04-11 18:28:31.6340000 +00:00
5580b323bad2,Jardim Itamaracá,5002704.0,50,2024-02-28 15:34:01.8860000 +00:00,2024-03-03 21:22:46.1860000 +00:00
0770b89284d0,Jardim Eldorado ,5003256.0,50,2023-12-31 04:50:57.5960000 +00:00,2023-12-31 04:50:57.5960000 +00:00
efae9f9d773f,Jardim Parati,5002704.0,50,2026-02-07 16:11:54.7650000 +00:00,2026-02-07 16:12:49.7460000 +00:00
dd80325f82be,Monte Castelo,5002704.0,50,2022-01-24 13:18:19.8410000 +00:00,2022-01-24 13:18:19.8410000 +00:00
0727b7e844a0,Mata do Jacinto,5002704.0,50,2021-06-01 17:42:34.1030000 +00:00,2021-06-01 17:42:34.1030000 +00:00
c883ad4f0d9b,Idelfonso Pedroso,5003702.0,50,2024-05-26 22:04:11.9430000 +00:00,2024-05-26 22:04:20.0870000 +00:00
c91b5e9f5c40,Vila Pernambuco,5002902.0,50,2026-05-03 17:18:23.9470000 +00:00,2026-05-03 17:18:23.9470000 +00:00
41f3f91a0bea,centro,5005707.0,50,2023-05-02 15:47:10.5420000 +00:00,2023-08-30 00:09:25.6180000 +00:00
72258cc17ee7,Centro,5004601.0,50,2025-09-10 21:16:29.3540000 +00:00,2025-09-10 21:16:29.3540000 +00:00
e1a1ec35491a,Jardim Campo Nobre,5002704.0,50,2026-02-03 16:56:44.5950000 +00:00,2026-02-03 16:56:47.5940000 +00:00
f7f5684aa21b,Aviação,3541000.0,35,2024-10-26 15:11:20.3860000 +00:00,2024-10-26 15:11:20.3860000 +00:00
a9317a7ed7ac,Residencial Terra Morena,5002704.0,50,2024-09-10 22:27:31.5520000 +00:00,2024-09-10 22:27:40.2720000 +00:00
389cfb43a335,Conjunto Residencial Recanto dos Rouxinóis,5002704.0,50,2025-10-02 00:36:45.0430000 +00:00,2025-10-02 11:12:50.9890000 +00:00
9adfa7da8305,Alphaville Campo Grande 4,5002704.0,50,2024-03-10 21:34:45.8190000 +00:00,2024-03-10 21:34:45.8190000 +00:00
f8a3bfe666c9,Jardim das Paineiras ,5008305.0,50,2024-06-05 19:57:17.0670000 +00:00,2024-06-05 19:57:17.0670000 +00:00
de0177db4d60,Parque São Carlos,5008305.0,50,2021-01-15 23:09:56.7110000 +00:00,2021-01-15 23:09:56.7110000 +00:00
65b0e9439e38,Parque Residencial Rita Vieira,5002704.0,50,2024-10-03 14:34:31.7850000 +00:00,2024-10-03 14:34:31.7850000 +00:00
caf252f22360,Parque Alvorada,5003702.0,50,2022-12-06 19:10:23.4730000 +00:00,2022-12-06 19:10:23.4730000 +00:00
a3501b3ac4cf,Bairro Seminário,5002704.0,50,2020-10-24 14:40:59.4460000 +00:00,2020-10-24 14:45:36.6890000 +00:00
9ed3cc9700e5,Centenário,5002704.0,50,2023-11-22 16:01:07.8440000 +00:00,2023-11-22 16:01:22.8880000 +00:00
b9e75afc7340,Jardim das Oliveiras,5008305.0,50,2021-07-29 16:16:35.3770000 +00:00,2021-07-29 16:16:35.3770000 +00:00
ce47bb6dc1cc,Parque dos Girassóis III,3170107.0,31,2024-12-28 19:26:54.2890000 +00:00,2024-12-28 19:26:54.2890000 +00:00
278b4fce754d,VILA RICA ,5001003.0,50,2023-03-08 02:29:13.2780000 +00:00,2023-03-08 02:29:13.2780000 +00:00
fdf11920e921,Bairro Seminário,5002704.0,50,2022-03-06 18:19:28.2390000 +00:00,2022-03-06 18:19:28.2390000 +00:00
e587d6d0b455,Centro,5008008.0,50,2024-01-29 18:09:38.7500000 +00:00,2024-01-29 18:09:38.7500000 +00:00
3b850a2cc514,Residencial Ponta Porã I,5006606.0,50,2024-05-13 17:51:46.2770000 +00:00,2024-05-13 17:51:46.2770000 +00:00
4e7a36b0b345,Jardim Itapuã,5002704.0,50,2025-03-11 13:26:53.7220000 +00:00,2025-03-11 13:26:53.7220000 +00:00
531b827cf0d4,Sobrinho,5002704.0,50,2023-10-21 22:05:14.8860000 +00:00,2023-10-21 22:05:14.8860000 +00:00
c43552abaa2f,Alvorada ,5002209.0,50,2025-05-31 10:07:03.3580000 +00:00,2025-05-31 10:07:19.2860000 +00:00
d25de3fb7ccc,Jardim Campo Nobre,5002704.0,50,2020-05-01 14:11:48.4490000 +00:00,2020-05-01 14:19:18.5770000 +00:00
08244af92be1,Vila Alba,5002704.0,50,2022-10-26 15:46:18.4850000 +00:00,2022-10-26 15:46:18.4850000 +00:00
9e5200c27d1c,Jardim Colúmbia,5002704.0,50,2021-01-19 22:45:44.7050000 +00:00,2021-01-21 13:21:23.7700000 +00:00
abba2985be9f,Jardim Tijuca,5002704.0,50,2022-03-07 01:49:18.9550000 +00:00,2022-03-07 01:49:18.9550000 +00:00
5d1e57eaa304,itanhanga ,5002704.0,50,2021-10-04 19:53:49.7260000 +00:00,2021-10-04 19:53:49.7260000 +00:00
16b4f91cd49e,Vila Carlota,5002704.0,50,2024-04-04 22:54:35.0930000 +00:00,2024-04-04 22:54:35.0930000 +00:00
42fd21bc804d,Amambaí,5002704.0,50,2024-02-08 14:59:19.7550000 +00:00,2024-02-08 14:59:45.9430000 +00:00
1d27b2f1233c,Residencial Estrela Park,5002704.0,50,2021-01-24 13:59:23.3210000 +00:00,2021-01-24 13:59:23.3210000 +00:00
6fddea20a45a,Área Rural de Anaurilândia,5000807.0,50,2025-10-20 15:22:08.9660000 +00:00,2025-10-20 15:23:02.1550000 +00:00
b077ec0b19de,Jardim Monumento,5002704.0,50,2020-08-28 16:02:36.4670000 +00:00,2020-08-28 16:02:36.4670000 +00:00
b0cae8c1eb01,Jardim Mondego ,5005608.0,50,2023-05-12 00:13:28.1070000 +00:00,2023-05-12 00:14:48.4250000 +00:00
dbc13ef10593,aero rancho ,5002704.0,50,2023-05-19 16:00:16.4390000 +00:00,2023-05-19 16:00:16.4390000 +00:00
50f681c613d8,Jardim Das Meninas  ,5002704.0,50,2023-10-29 00:38:24.1930000 +00:00,2023-10-29 00:38:46.9840000 +00:00
f422d3e721e6,Jardim Paradiso,5002704.0,50,2025-02-20 22:38:36.4350000 +00:00,2025-02-20 22:38:36.4350000 +00:00
2ef3e0fd3bc9,Morada Alto São Pedro ,5003306.0,50,2025-03-10 11:53:54.3850000 +00:00,2025-03-10 11:53:54.3850000 +00:00
1ce132d8b30a,Residencial Oliveira,5002704.0,50,2020-04-28 15:08:10.5940000 +00:00,2020-04-28 15:08:10.5940000 +00:00
f4ee043b229f,Parque Residencial Rita Vieira,5002704.0,50,2021-11-11 18:15:27.3910000 +00:00,2021-11-11 18:15:27.3910000 +00:00
072c0fd43b82,Núcleo Habitacional Universitárias,5002704.0,50,2022-10-09 17:46:59.4340000 +00:00,2022-10-09 17:48:16.8830000 +00:00
c2731bb62da4,Centro ,4122305.0,41,2022-06-06 16:39:25.8290000 +00:00,2022-06-06 16:39:25.8290000 +00:00
edc98a1c176a,Conjunto Aero Rancho,5002704.0,50,2025-10-03 02:38:28.0490000 +00:00,2025-10-03 02:38:28.0490000 +00:00
b2d7e41d69b8,Cidade Nova,1500800.0,15,2021-05-29 02:28:11.7080000 +00:00,2021-05-29 02:28:11.7080000 +00:00
89b7d34b9193,horto florestal ,5006200.0,50,2023-01-30 10:34:12.9000000 +00:00,2023-01-30 10:35:50.9820000 +00:00
15beb5aafdd7,Icuí-Guajará,1500800.0,15,2022-01-28 18:37:39.3590000 +00:00,2022-01-28 18:41:28.9680000 +00:00
e418f5a1b73c,Mangabeira,2910800.0,29,2023-06-03 02:41:16.9560000 +00:00,2023-06-03 02:41:16.9560000 +00:00
be78dcf278ca,Vila Izanópolis,5002902.0,50,2026-03-25 16:07:17.8440000 +00:00,2026-03-25 16:07:17.8440000 +00:00
33ac56f27d5c,Santo Antônio,5002704.0,50,2025-02-21 12:25:23.6750000 +00:00,2025-02-21 12:25:23.6750000 +00:00
24129377854d,Vila Gomes,5002704.0,50,2025-04-03 02:31:11.8830000 +00:00,2025-04-03 02:31:11.8830000 +00:00
1b45c4490c67,Cabreúva,5002704.0,50,2021-03-13 11:29:05.9510000 +00:00,2024-05-07 13:48:47.2060000 +00:00
5e1ce81c57c6,Vila Santo Eugênio,5002704.0,50,2025-07-19 15:02:58.8300000 +00:00,2025-07-19 15:02:58.8300000 +00:00
a3907bd4a8ae,Santa Cruz,3304557.0,33,2024-08-01 16:36:40.1070000 +00:00,2024-08-01 16:36:40.1070000 +00:00
c906f149e5dc,Vila Nogueira,5002704.0,50,2025-01-17 13:37:14.0570000 +00:00,2025-01-17 13:37:14.0570000 +00:00
8032936f6e5b,América,4209102.0,42,2023-12-18 12:48:04.7440000 +00:00,2025-01-07 16:16:30.8690000 +00:00
ac7449bbef2a,Jardim Aero Rancho,5002704.0,50,2022-04-29 13:38:29.0070000 +00:00,2022-04-29 13:38:29.0070000 +00:00
48a85165bd3d,Gramame,2507507.0,25,2026-02-24 17:32:33.9210000 +00:00,2026-02-24 17:36:37.9390000 +00:00
4934e407a0d0,Vila Olinda,5002704.0,50,2022-10-31 13:57:49.4640000 +00:00,2022-10-31 13:57:49.4640000 +00:00
7268f17e9ef7,Alphaville Campo Grande 3,5002704.0,50,2026-03-27 01:48:44.0510000 +00:00,2026-03-27 01:48:44.0510000 +00:00
306e2ac9436a,Setor Noroeste,5300108.0,53,2024-01-26 03:19:04.9380000 +00:00,2024-01-26 03:19:04.9380000 +00:00
8993a15ce486,Coophasul,5002704.0,50,2022-08-02 09:40:36.2230000 +00:00,2022-08-02 09:40:36.2230000 +00:00
1a56b0215615,Amambaí,5002704.0,50,2022-04-08 11:32:31.9560000 +00:00,2022-04-08 11:32:42.5220000 +00:00
b4c151d6a928,Núcleo Habitacional Buriti,5002704.0,50,2020-04-26 23:17:06.7250000 +00:00,2020-04-26 23:17:06.7250000 +00:00
a0b629117938,Residencial do Vale,5006606.0,50,2022-04-23 09:13:55.9010000 +00:00,2022-04-23 09:13:55.9010000 +00:00
12285673cfb1,Vila Nascente,5002704.0,50,2026-08-03 14:59:00.1850000 +00:00,2026-08-03 14:59:00.1850000 +00:00
466883cc86af,Vila Carlota,5002704.0,50,2025-04-17 14:28:27.5820000 +00:00,2025-04-17 14:28:27.5820000 +00:00
06b8c8ee28f2,Tiradentes,5002704.0,50,2024-01-08 01:06:37.4800000 +00:00,2024-02-10 20:44:41.9820000 +00:00
b03f1318c5b4,Vila Palmira,5002704.0,50,2021-01-26 21:07:04.0850000 +00:00,2021-01-26 21:07:17.2270000 +00:00
0a1fc5da884d,Vila Santa Luzia,5002704.0,50,2021-01-30 05:00:13.0390000 +00:00,2021-01-30 05:00:26.0090000 +00:00
d7fcba2bae6a,Conjunto Residencial Estrela do Sul,5002704.0,50,2022-08-09 09:23:19.4900000 +00:00,2022-08-09 09:23:19.4900000 +00:00
feae8003385e,Santo Antônio,5002704.0,50,2021-06-29 18:12:35.5490000 +00:00,2021-06-29 18:12:57.2190000 +00:00
ecd49dfe3f9b,Conjunto Habitacional Izidro Pedroso,5003702.0,50,2021-12-28 02:26:23.1820000 +00:00,2022-12-20 19:56:57.8470000 +00:00
aa88181b2e75,Jardim Morenão,5002704.0,50,2024-04-05 21:08:35.0230000 +00:00,2024-04-05 21:14:04.5210000 +00:00
db34313178dc,Jardim das Cerejeiras,5002704.0,50,2025-09-09 07:40:34.6530000 +00:00,2025-09-09 07:40:41.1650000 +00:00
8234bc26f19c,Centro,5000708.0,50,2022-12-06 01:12:44.0240000 +00:00,2022-12-06 01:12:44.0240000 +00:00
ec3a060f29bb,Vila Marli,5002704.0,50,2025-05-29 17:19:58.9960000 +00:00,2025-05-29 17:20:08.4800000 +00:00
859dc5d97076,Parque Residencial Iracy Coelho Netto,5002704.0,50,2021-09-08 21:37:44.6760000 +00:00,2026-01-08 06:36:18.8430000 +00:00
05d85d4383c7,Popular Nova,5003207.0,50,2024-08-20 02:34:45.1240000 +00:00,2024-08-20 02:38:53.9090000 +00:00
2417206f5940,Universitário,5003207.0,50,2026-03-23 20:44:24.9260000 +00:00,2026-03-23 20:58:15.8420000 +00:00
4073349b4235,Jardim Colorado,5002704.0,50,2022-04-05 00:06:16.7240000 +00:00,2022-04-05 00:06:16.7240000 +00:00
f3201a8efafd,Alto Maracaju ,5005400.0,50,2025-01-26 14:09:21.3320000 +00:00,2025-01-26 14:09:21.3320000 +00:00
535aaa15a610,Jardim Leblon,5002704.0,50,2020-10-28 13:41:51.6490000 +00:00,2020-10-28 13:41:51.6490000 +00:00
d08ce3eb7b78,camisao,5005004.0,50,2022-05-02 15:24:31.1270000 +00:00,2022-05-02 15:24:48.9520000 +00:00
ab3ce8e457d9,Parque dos Laranjais,5002704.0,50,2023-05-11 22:53:02.9810000 +00:00,2023-05-11 22:53:02.9810000 +00:00
ec8dbea6ba1e,São Francisco,5002704.0,50,2022-03-23 10:47:24.1000000 +00:00,2022-03-23 10:47:24.1000000 +00:00
b2b0e0fec246,Setor de Habitações Individuais Norte,5300108.0,53,2024-09-24 23:42:33.1380000 +00:00,2024-09-24 23:43:07.7860000 +00:00
55f1c6b1a4c9,Conjunto Habitacional Terra Roxa,5003702.0,50,2022-08-28 17:19:53.7350000 +00:00,2022-08-28 17:20:03.4240000 +00:00
788cf1f37813,Cidade Jardim,5002704.0,50,2023-10-20 15:51:08.9700000 +00:00,2023-10-20 15:51:08.9700000 +00:00
e9497813434c,Sobrinho,5002704.0,50,2024-08-06 21:49:32.0860000 +00:00,2024-08-06 21:49:32.0860000 +00:00
a6bcb4168e74,Jardim Presidente,5002704.0,50,2021-01-25 20:51:06.3850000 +00:00,2021-01-25 20:51:06.3850000 +00:00
b1ca65633f69,Centro,5002704.0,50,2024-01-03 14:56:22.5890000 +00:00,2024-01-03 14:56:39.0870000 +00:00
9426f51d4924,Jardim Colibrí,5002704.0,50,2024-06-07 13:32:03.9630000 +00:00,2024-06-07 13:32:03.9630000 +00:00
c3ab90f43535,Conjunto Aero Rancho,5002704.0,50,2023-09-02 19:04:30.3860000 +00:00,2023-09-02 19:04:30.3860000 +00:00
bbe3ce390b0a,Jardim Rasslem,5003702.0,50,2021-01-21 20:24:58.0710000 +00:00,2021-01-21 20:24:58.0710000 +00:00
d4bc99c855b1,Jardim São Conrado,5002704.0,50,2023-06-12 14:27:05.8430000 +00:00,2023-06-12 14:27:05.8430000 +00:00
ce18dfebac37,Interlagos,5008305.0,50,2025-03-25 21:33:05.5990000 +00:00,2025-03-25 21:33:05.5990000 +00:00
4015d5e1d47c,Centro,5001508.0,50,2021-12-10 17:45:05.8690000 +00:00,2021-12-10 17:45:05.8690000 +00:00
62024fb6fc8e,Centro,5002704.0,50,2025-03-28 18:48:01.5870000 +00:00,2025-03-28 18:48:01.5870000 +00:00
b3f724ef7207,Jardim São Lourenço,5002704.0,50,2020-11-25 17:23:41.3020000 +00:00,2020-11-25 17:23:41.3020000 +00:00
c5a2770f488a,,5008008.0,50,2024-04-19 00:22:06.5200000 +00:00,2024-04-19 00:22:06.5200000 +00:00
5ae8c43f5320,Jardim Tijuca,5002704.0,50,2022-12-08 12:52:15.7820000 +00:00,2022-12-08 12:52:50.4500000 +00:00
16dbb7314a45,Vila Giocondo Orsi,5002704.0,50,2022-04-02 20:39:43.7290000 +00:00,2022-04-02 20:39:43.7290000 +00:00
cf2e7b0c681f,Jardim Imá,5002704.0,50,2021-03-06 00:46:37.1940000 +00:00,2021-03-06 00:46:37.1940000 +00:00
ff535b5bbbe3,Centenário,5002704.0,50,2025-09-16 03:48:33.6390000 +00:00,2025-09-16 03:48:33.6390000 +00:00
86293c1ab59c,Residencial Bonanza,5003702.0,50,2025-02-05 19:08:53.4320000 +00:00,2025-02-05 19:08:53.4320000 +00:00
9be1c7febdeb,Capilé,5006200.0,50,2021-12-14 21:36:11.0850000 +00:00,2025-02-20 13:37:47.0540000 +00:00
81afd0f64aac,Centro,5006309.0,50,2023-03-20 22:35:49.7020000 +00:00,2023-03-20 22:35:49.7020000 +00:00
351873d3a375,Conjunto Residencial Estrela do Sul,5002704.0,50,2026-02-18 15:21:19.3310000 +00:00,2026-02-18 15:21:19.3310000 +00:00
741729ecee64,Vila Nova Campo Grande,5002704.0,50,2025-10-09 14:03:54.2920000 +00:00,2025-10-09 14:03:54.2920000 +00:00
ab5f32e41b98,Residencial Monte Sião I,5003702.0,50,2026-04-14 15:45:43.7560000 +00:00,2026-04-14 15:49:21.3260000 +00:00
1f9e6c28c5e2,piracema ,5003306.0,50,2025-07-01 22:06:35.7900000 +00:00,2025-07-01 22:06:35.7900000 +00:00
70de1c9d1e61,Residencial Mário Cóvas,5002704.0,50,2020-04-30 01:02:28.5080000 +00:00,2020-04-30 01:02:28.5080000 +00:00
8c7be3908064,Conjunto Aero Rancho,5002704.0,50,2026-04-03 14:02:44.3270000 +00:00,2026-04-03 14:02:44.3270000 +00:00
742ccae97c9a,Gramame,2507507.0,25,2025-07-31 13:44:24.6220000 +00:00,2025-07-31 13:44:24.6220000 +00:00
640babfd0235,Atalaia,1500800.0,15,2026-03-18 15:15:10.9170000 +00:00,2026-03-18 15:15:10.9170000 +00:00
82df953efe79,Jardim Canguru,5002704.0,50,2025-04-14 02:02:55.1710000 +00:00,2025-04-14 02:04:08.4980000 +00:00
b9c8d22cb08b,Residencial Ramez Tebet,5002704.0,50,2024-10-11 14:47:22.3710000 +00:00,2024-10-11 14:47:22.3710000 +00:00
c71c30a6d7c5,Residencial Paris,5006200.0,50,2020-10-28 13:30:29.4130000 +00:00,2020-10-28 13:30:29.4130000 +00:00
df29924fc758,Jardim Nova Jerusalém,5002704.0,50,2022-07-06 02:27:26.8580000 +00:00,2022-07-06 02:27:26.8580000 +00:00
f017a6c2adb7,Vila Nova Campo Grande,5002704.0,50,2024-09-03 12:12:42.9440000 +00:00,2024-09-03 12:12:42.9440000 +00:00
a861935c91af,Vila Morumbi,5002704.0,50,2020-05-31 11:46:16.6250000 +00:00,2020-05-31 11:46:16.6250000 +00:00
8f9f921c8236,Gramame,2507507.0,25,2025-02-10 20:16:31.6340000 +00:00,2025-02-10 20:16:31.6340000 +00:00
629af19b6544,centro ,5002209.0,50,2024-04-14 12:19:47.0090000 +00:00,2024-04-14 12:19:47.0090000 +00:00
8c1ae54777df,Vila Áurea,5006606.0,50,2021-08-03 00:33:02.7890000 +00:00,2021-08-03 00:33:51.9210000 +00:00
8136dcfaa005,Parque dos Novos Estados,5002704.0,50,2021-05-19 14:59:00.0080000 +00:00,2021-05-19 15:01:14.9460000 +00:00
128bbcc4f19b,Vila Nascente,5002704.0,50,2020-04-24 22:33:00.1940000 +00:00,2020-04-24 22:33:00.6800000 +00:00
46388711a4eb,Vila Nossa Senhora das Graças,5002704.0,50,2024-10-03 14:20:47.0410000 +00:00,2024-10-03 14:20:47.0410000 +00:00
468843d70b46,Jabour,5007109.0,50,2023-09-13 18:48:50.9020000 +00:00,2023-09-13 18:48:50.9020000 +00:00
b98acc28e793,Vila Pombal ,5008008.0,50,2023-03-07 14:47:04.9960000 +00:00,2023-03-07 14:47:36.6010000 +00:00
6ddf6c6b1630,Centro,5006606.0,50,2024-08-01 12:15:01.6880000 +00:00,2024-08-01 12:15:01.6880000 +00:00
33051cbaac46,Jardim Tijuca,5002704.0,50,2024-01-11 03:56:05.3560000 +00:00,2024-01-11 03:56:05.3560000 +00:00
ef07175bcc04,Planalto Boa Esperança,2507507.0,25,2026-07-04 22:44:03.2710000 +00:00,2026-07-04 22:47:08.9850000 +00:00
902e45a8b26b,Jardim Independência,5003702.0,50,2022-03-31 04:14:42.5200000 +00:00,2022-03-31 04:14:59.6550000 +00:00
a824c730b3d7,Jardim Alvorada,5008305.0,50,2022-07-27 01:00:35.1440000 +00:00,2022-07-27 01:00:35.1440000 +00:00
48d4732c7e27,Jardim Anache,5002704.0,50,2020-11-27 00:16:03.1600000 +00:00,2020-11-27 00:16:03.1600000 +00:00
b801926dcd0d,Jardim das Rosas,5006606.0,50,2021-03-25 01:18:40.1510000 +00:00,2021-03-25 01:19:51.8480000 +00:00
8072cab83ec9,Bairro Seminário,5002704.0,50,2025-03-27 02:33:09.2890000 +00:00,2025-03-27 02:33:09.2890000 +00:00
47555088999e,Chácara Cachoeira,5002704.0,50,2020-11-16 02:36:52.0640000 +00:00,2020-11-16 02:36:52.0640000 +00:00
03fc8ec8582f,Nova Lima,5002704.0,50,2023-07-22 15:05:03.4470000 +00:00,2023-07-23 22:34:33.1180000 +00:00
16340b7317fa,Fazenda Itamarati,5006606.0,50,2023-11-03 02:20:56.2480000 +00:00,2023-11-03 02:20:56.2480000 +00:00
03e2fdff4633,Chácara Cachoeira,5002704.0,50,2024-07-07 01:00:34.0110000 +00:00,2024-07-07 01:01:33.3640000 +00:00
b6b3ffec4e05,Moóca ,5006606.0,50,2021-07-04 00:20:36.8210000 +00:00,2021-07-04 00:20:36.8210000 +00:00
1d9bcb254289,Zona Rural,5001102.0,50,2023-04-14 22:58:32.5270000 +00:00,2023-04-14 22:58:32.5270000 +00:00
82772653cd24,Parque Residencial Rita Vieira,5002704.0,50,2025-02-07 20:46:12.1600000 +00:00,2025-02-07 20:46:12.1600000 +00:00
1245688b8b14,Parque Rincão I,5003702.0,50,2022-06-10 18:30:29.3590000 +00:00,2022-06-10 18:30:29.3590000 +00:00
71d4b39cd253,Vila Nova Campo Grande,5002704.0,50,2025-02-13 14:34:31.2640000 +00:00,2025-02-13 14:34:41.5540000 +00:00
c74d4e9baf49,Gramame,2507507.0,25,2024-07-13 13:44:33.5290000 +00:00,2024-07-13 13:44:33.5290000 +00:00
4035b25b897e,Vila Ieda,5002704.0,50,2022-09-03 03:39:43.3410000 +00:00,2022-09-03 03:39:43.3410000 +00:00
b83985ff164a,zona Rural,5008008.0,50,2025-03-14 21:19:38.3820000 +00:00,2025-03-14 21:19:38.3820000 +00:00
1a266e3321c7,Jardim Água Boa,5003702.0,50,2021-09-29 02:30:52.0900000 +00:00,2021-09-29 02:30:52.0900000 +00:00
5c1c1343825f,Vila Toscana II,5003702.0,50,2020-04-27 20:41:46.6890000 +00:00,2020-04-27 20:41:46.6890000 +00:00
a604c58f3b0f,prudencio Thomaz ,5007208.0,50,2024-03-01 11:22:05.7730000 +00:00,2024-03-01 11:22:05.7730000 +00:00
e09d0033bd2a,Centro,5002704.0,50,2025-06-14 18:05:56.9890000 +00:00,2025-06-14 18:05:56.9890000 +00:00
61ad6ef60106,alto,5001102.0,50,2024-10-25 16:18:14.2720000 +00:00,2024-10-25 16:18:14.2720000 +00:00
35524b138fae,Victor Konder,4202404.0,42,2024-01-30 14:36:50.8690000 +00:00,2024-01-30 14:36:57.8340000 +00:00
f9242740a56a,Paratibe,2507507.0,25,2026-04-01 12:00:06.7680000 +00:00,2026-04-01 12:00:06.7680000 +00:00
485071cd0c0d,Amambaí,5002704.0,50,2022-09-15 16:07:29.5160000 +00:00,2022-09-15 16:07:29.5160000 +00:00
7f92c70244d2,Centro,5007695.0,50,2020-04-29 23:59:26.2690000 +00:00,2020-04-29 23:59:26.2690000 +00:00
c7814bb75cdb,Jardim das Oliveiras,5008305.0,50,2026-03-12 18:32:53.6390000 +00:00,2026-05-23 12:26:52.4530000 +00:00
5498a11ceccc,Jardim Tijuca,5002704.0,50,2025-12-16 14:47:02.3200000 +00:00,2025-12-16 14:47:02.3200000 +00:00
c58f92acbcc4,Paranoá Parque (Paranoá),5300108.0,53,2022-01-17 00:11:15.4990000 +00:00,2022-01-17 00:11:15.4990000 +00:00
5fb2ad7ac65a,Vila Santo Amaro,5002704.0,50,2024-03-26 14:20:10.2700000 +00:00,2024-03-26 14:20:10.2700000 +00:00
8591fce00d8d,Jardim das Perdizes ,5002704.0,50,2023-05-26 13:29:35.7220000 +00:00,2023-05-26 13:29:35.7220000 +00:00
12d63bfadf80,Vila Planalto,5002704.0,50,2024-08-05 12:53:58.2030000 +00:00,2024-08-05 12:53:58.2030000 +00:00
e3a1da3e3085,Altos do Indaiá,5003702.0,50,2023-03-16 07:13:50.6360000 +00:00,2023-03-16 07:13:50.6360000 +00:00
f7b718a5422c,Vila Santa Luzia,5002704.0,50,2023-03-15 12:57:18.8060000 +00:00,2023-03-15 12:57:18.8060000 +00:00
fd15a4339f98,centro ,5004007.0,50,2024-05-08 11:44:30.1570000 +00:00,2024-05-08 11:44:30.1570000 +00:00
8c2e94b31cdc,Zona Rural ,5003504.0,50,2023-03-11 15:57:31.1960000 +00:00,2023-03-11 15:57:31.1960000 +00:00
3f0a46c8cd1d,Parque Residencial União,5002704.0,50,2024-04-18 23:51:15.5640000 +00:00,2024-04-18 23:51:15.5640000 +00:00
bdc4209ff733,Jardim Brasília,5006309.0,50,2024-01-16 00:50:52.9880000 +00:00,2024-01-16 00:50:52.9880000 +00:00
742d19fc8c04,Jardim Centro Oeste,5002704.0,50,2025-03-13 19:37:03.6220000 +00:00,2025-03-13 19:37:03.6220000 +00:00
00482dda645f,Miramar,2507507.0,25,2025-03-11 09:10:38.0310000 +00:00,2025-03-11 09:11:09.9390000 +00:00
4c155e89a475,Residencial Ana Maria do Couto,5002704.0,50,2025-05-28 12:55:01.5800000 +00:00,2025-05-28 12:55:01.7630000 +00:00
10fc591f28d6,São José ,2513406.0,25,2023-07-18 23:57:43.8540000 +00:00,2023-07-18 23:57:43.8540000 +00:00
964e0182c3c5,Jardim Noroeste,5002704.0,50,2024-04-12 16:39:22.8030000 +00:00,2024-04-12 16:39:22.8030000 +00:00
1ee94d8cd8b4,Vila Industrial,5003702.0,50,2024-10-10 18:31:54.6720000 +00:00,2024-10-10 18:31:54.6720000 +00:00
bd0b038d0966,jardim primavera,5002100.0,50,2021-07-01 21:49:58.3280000 +00:00,2021-07-01 21:49:58.3280000 +00:00
287a1d4ce4c9,Mangabeira,2507507.0,25,2024-09-29 16:51:32.2780000 +00:00,2024-09-29 16:51:32.2780000 +00:00
ef30a9f2b764,Monte Castelo,5002704.0,50,2026-08-03 18:16:21.7630000 +00:00,2026-08-03 18:17:11.0630000 +00:00
6020fab7185f,Jardim Tijuca,5002704.0,50,2020-04-30 22:08:13.8940000 +00:00,2020-04-30 22:08:13.8940000 +00:00
2918ab8e59bb,Montese,5004502.0,50,2023-05-06 04:03:47.2820000 +00:00,2023-05-06 04:03:50.1320000 +00:00
bf50ff78b6f4,Gramame,2507507.0,25,2025-08-26 15:13:25.1080000 +00:00,2025-08-26 15:13:25.1080000 +00:00
6ff49c88f96d,Vivendas do Bosque,5002704.0,50,2021-08-27 01:33:35.2750000 +00:00,2021-08-27 01:33:35.2750000 +00:00
b71ff4d0ab3b,Jardim Aero Rancho,5002704.0,50,2021-05-14 15:49:29.0840000 +00:00,2021-05-14 15:49:29.0840000 +00:00
da84eeb68e9e,Vila Bandeirante,5002704.0,50,2025-02-26 03:42:57.8740000 +00:00,2025-04-03 03:15:10.2990000 +00:00
b8b2c791393d,Centro,5002704.0,50,2020-12-20 22:03:15.9600000 +00:00,2020-12-20 22:03:15.9600000 +00:00
73cd8e6f0c5e,Sibipiruna,5002951.0,50,2022-06-29 23:10:39.1510000 +00:00,2022-06-29 23:10:39.1510000 +00:00
05f736f39742,Jardim Marambaia,5006606.0,50,2022-04-22 18:09:16.2810000 +00:00,2022-04-22 18:11:19.0090000 +00:00
c134febf0d0c,Nova Rio Verde ,5007406.0,50,2021-11-29 14:23:12.5710000 +00:00,2024-01-02 12:14:42.8990000 +00:00
693e5a6dceee,Jardim das Cerejeiras,5002704.0,50,2025-11-25 15:43:54.4540000 +00:00,2025-11-25 15:43:54.4540000 +00:00
6fac37060e18,Vila Taquarussu,5002704.0,50,2025-10-15 22:56:33.4690000 +00:00,2025-10-15 22:56:37.8630000 +00:00
a202f60b0249,Cidade dos Colibris,2507507.0,25,2025-03-11 18:17:43.4310000 +00:00,2025-03-11 18:21:01.8880000 +00:00
5e47259eef77,Barreiro,1501402.0,15,2026-06-10 17:12:59.3280000 +00:00,2026-06-10 17:12:59.3280000 +00:00
2ff19ec4f245,Gramame,2507507.0,25,2025-05-20 12:30:52.0830000 +00:00,2025-05-20 12:30:52.0830000 +00:00
c3fdd1275602,Jardim El Paraíso ,5007703.0,50,2025-01-03 13:30:36.0450000 +00:00,2025-01-03 13:30:36.0450000 +00:00
209df2701c68,,5003108.0,50,2024-01-24 20:22:30.8160000 +00:00,2024-01-24 20:22:30.8160000 +00:00
814456dbb6aa,Gramame,2507507.0,25,2024-11-25 16:41:42.5960000 +00:00,2024-11-25 16:44:01.9670000 +00:00
5a40686283bb,Idelfonso Pedroso,5003702.0,50,2022-01-26 10:55:56.1970000 +00:00,2022-01-26 10:55:56.1970000 +00:00
56164f1d5102,Cruzeiro (Icoaraci),1501402.0,15,2025-10-10 12:19:24.7590000 +00:00,2025-10-10 12:19:24.7590000 +00:00
b5846e35beac,Canaã I,5003702.0,50,2024-03-29 23:21:34.6740000 +00:00,2024-03-29 23:21:41.4360000 +00:00
63183e915aac,Los Angeles,5002704.0,50,2024-09-19 23:20:46.3840000 +00:00,2024-09-19 23:22:58.2800000 +00:00
793c92764040,Bairro da Granja,5006606.0,50,2025-08-04 23:51:09.9230000 +00:00,2025-08-04 23:51:09.9230000 +00:00
bcc63016cd57,Vila Ferroviária I,5006606.0,50,2024-09-25 16:49:48.6760000 +00:00,2024-09-25 16:49:48.6760000 +00:00
644178b4823b,Jardim América,5003702.0,50,2022-10-24 19:55:27.4060000 +00:00,2022-10-24 19:55:27.4060000 +00:00
658e827143f7,Gramame,2507507.0,25,2025-01-21 14:25:07.1170000 +00:00,2025-01-21 14:25:07.1170000 +00:00
355bfa72a03f,Golden Park,5003702.0,50,2024-01-15 00:13:16.2870000 +00:00,2024-03-30 01:07:17.0810000 +00:00
83f40bbc0a22,Jardim Central,5003702.0,50,2026-02-04 15:00:42.6390000 +00:00,2026-02-04 15:00:42.6390000 +00:00
c6ad5aa4a020,centro ,5006200.0,50,2023-03-15 00:01:27.5350000 +00:00,2023-03-15 00:01:27.5350000 +00:00
b0dc71b789d9,Vila Brasil,5005004.0,50,2025-04-03 15:33:11.1770000 +00:00,2025-04-03 15:33:11.1770000 +00:00
797854c61154,Jardim Imperial ,5006309.0,50,2023-08-08 02:39:19.9310000 +00:00,2023-08-08 02:39:46.5400000 +00:00
c5c99908401a,Carandá Bosque,5002704.0,50,2021-01-19 15:09:44.3520000 +00:00,2021-01-19 15:09:44.3520000 +00:00
4f3af369191c,Santo Antônio,5002704.0,50,2025-04-06 00:20:00.0880000 +00:00,2025-04-06 00:20:20.1020000 +00:00
2ca0c9e1e9c5,Jardim Guanabara,5003702.0,50,2025-05-08 17:47:17.2980000 +00:00,2025-05-08 17:49:04.8940000 +00:00
7d1e1251b1fb,Tiradentes,5002704.0,50,2025-04-02 22:17:12.8790000 +00:00,2025-04-02 22:17:12.8790000 +00:00
8409dcbefdc6,Monte Castelo,5002704.0,50,2022-06-25 16:30:23.2100000 +00:00,2023-09-16 22:18:26.8330000 +00:00
7a7cf2ee4309,Sobrinho,5002704.0,50,2024-03-28 05:00:09.9690000 +00:00,2024-03-28 05:00:09.9690000 +00:00
23ea6adf5a47,Jardim Popular Vacilio Dias ,5006002.0,50,2021-01-04 15:52:14.8840000 +00:00,2021-01-04 15:52:14.8840000 +00:00
bb56b153c307,Vila Ministro Salgado Filho,5006606.0,50,2022-09-20 17:01:28.2320000 +00:00,2022-09-20 17:01:28.2320000 +00:00
304c4d44411b,Grotão,2507507.0,25,2024-07-18 12:44:23.4190000 +00:00,2024-07-18 12:44:23.4190000 +00:00
0f5e7cecaed8,Vila Vargas,5003702.0,50,2023-03-02 18:08:27.3800000 +00:00,2023-03-02 18:08:27.3800000 +00:00
8ba9b182512a,Vila Margarida,5002704.0,50,2023-12-12 23:45:02.0280000 +00:00,2023-12-12 23:45:02.0280000 +00:00
0d141d98dba0,parque dos ipês ,5002605.0,50,2023-02-11 17:25:22.5380000 +00:00,2023-02-11 17:25:28.5830000 +00:00
e1bc905d64f4,Jardim Colúmbia,5002704.0,50,2024-05-10 03:21:07.4120000 +00:00,2024-09-26 02:28:19.0680000 +00:00
82cf9d36b779,Torre,2507507.0,25,2024-01-09 17:33:28.8890000 +00:00,2024-01-09 17:33:37.2750000 +00:00
9be021e6a0e3,Jardim Paulista,5003702.0,50,2024-06-24 05:33:51.5410000 +00:00,2024-06-24 05:34:13.5720000 +00:00
16b61c01f014,Loteamento Paulo VI,5002704.0,50,2024-02-29 12:10:57.2060000 +00:00,2024-02-29 12:10:57.2060000 +00:00
ddd6551e417c,parque2 ,5003702.0,50,2021-08-11 12:06:53.0090000 +00:00,2021-08-11 12:06:53.0090000 +00:00
b1335d35ef4d,Sobrinho,5002704.0,50,2023-03-13 15:58:56.8330000 +00:00,2023-03-13 15:58:56.8330000 +00:00
f5b35a6eaeab,Jardim Novo Horizonte,5003702.0,50,2024-11-14 01:30:04.2700000 +00:00,2024-11-14 01:31:23.6700000 +00:00
71949a1eb855,Jardim Tijuca,5002704.0,50,2024-02-01 11:56:02.7390000 +00:00,2024-02-01 11:56:02.7390000 +00:00
f49dfa1f379f,Espatódea ,5002951.0,50,2023-10-18 17:20:36.6330000 +00:00,2023-10-18 17:20:36.6330000 +00:00
e9eaa970c8b2,Vila Taquarussu,5002704.0,50,2022-06-12 14:27:46.7000000 +00:00,2022-06-12 14:27:46.7000000 +00:00
4e2bf8d6814a,São Francisco,5002704.0,50,2021-01-23 18:16:47.0290000 +00:00,2021-01-23 18:16:47.0290000 +00:00
ab3d6a54c730,Vila Fernanda,5002704.0,50,2025-12-28 22:58:19.0530000 +00:00,2025-12-28 22:58:19.0530000 +00:00
b25db3fe6682,Jardim Alto São Francisco,5002704.0,50,2023-10-24 13:01:27.6750000 +00:00,2026-04-20 11:30:55.8240000 +00:00
f524e8aff6a2,Aurá,1500800.0,15,2021-06-03 10:14:09.8350000 +00:00,2021-06-03 10:14:09.8350000 +00:00
9a3d14ceaada,,5002951.0,50,2025-04-24 21:06:14.0870000 +00:00,2025-04-24 21:06:14.0870000 +00:00
5e9a892640d0,Vila Nasser,5002704.0,50,2024-10-25 09:07:04.3820000 +00:00,2024-10-25 09:07:25.5770000 +00:00
a50908ecf9de,Primavera 3,5107040.0,51,2025-02-08 02:32:56.4410000 +00:00,2025-02-08 02:32:56.4410000 +00:00
976dd8335c01,Sitiocas Campina Verde,5003702.0,50,2022-02-14 21:49:35.1220000 +00:00,2022-02-14 21:49:39.1300000 +00:00
449f77860be4,Mecejana,1400100.0,14,2024-05-14 16:51:16.6710000 +00:00,2024-05-14 16:51:16.6710000 +00:00
bb68f9765f23,Jardim América,5003702.0,50,2025-10-26 03:22:45.2750000 +00:00,2025-10-26 03:23:32.7200000 +00:00
78f33d77e503,Jd. São Francisco ,5000708.0,50,2022-08-18 18:10:17.9660000 +00:00,2022-08-18 18:10:49.6070000 +00:00
dbdcd2fd44b9,Quarenta Horas (Coqueiro),1500800.0,15,2023-03-03 13:27:12.3320000 +00:00,2023-03-03 13:27:12.3320000 +00:00
64638019153b,Vila Alba,5002704.0,50,2021-11-18 12:11:09.9670000 +00:00,2021-11-18 12:11:09.9670000 +00:00
a9aac26ff82b,Vila Duque de Caxias,5002704.0,50,2025-03-22 16:02:48.9190000 +00:00,2025-03-22 16:02:48.9190000 +00:00
4aeec7f6b81b,Areal,4314407.0,43,2024-08-14 22:50:09.2930000 +00:00,2024-08-14 22:50:09.2930000 +00:00
08c1c93af10e,Vila Planalto,5002704.0,50,2025-06-26 21:59:22.5260000 +00:00,2025-06-26 21:59:22.5260000 +00:00
1f2c686ff2c3,Jardim dos Estados,5003702.0,50,2021-12-10 18:22:32.0390000 +00:00,2021-12-10 18:22:32.0390000 +00:00
79923fceef82,Paraíso ,1501105.0,15,2023-09-16 00:03:14.7010000 +00:00,2023-09-16 00:06:30.9150000 +00:00
cb84fdc49f5d,Funcionários,2507507.0,25,2024-09-25 13:42:57.3750000 +00:00,2024-09-25 13:42:57.3750000 +00:00
368dbd3999d5,Conjunto Aero Rancho,5002704.0,50,2025-05-21 14:42:49.6020000 +00:00,2025-05-21 14:42:49.6020000 +00:00
ce41816e18c0,Jardim Tijuca,5002704.0,50,2020-08-05 18:10:12.8930000 +00:00,2020-08-05 18:10:12.8930000 +00:00
51ded4ab2881,esplanada 5,5002951.0,50,2025-03-27 22:40:25.6890000 +00:00,2025-03-27 22:40:25.6890000 +00:00
8f787ea58ab1,Cidades,2504009.0,25,2024-07-14 20:07:32.5360000 +00:00,2024-07-14 20:08:38.8590000 +00:00
8b8a2654726d,Vila Industrial,5003702.0,50,2022-03-13 15:55:59.6950000 +00:00,2022-03-13 15:56:08.5450000 +00:00
e91747e97b1e,Vila Piratininga,5002704.0,50,2026-05-04 04:31:02.2200000 +00:00,2026-05-04 04:31:02.2200000 +00:00
0cae71b9082b,Jardim Bálsamo,5002704.0,50,2022-04-18 17:06:18.7990000 +00:00,2022-04-18 17:06:18.7990000 +00:00
ca0948eb6445,Jardim aeroporto 1,5001102.0,50,2025-03-17 16:26:03.3970000 +00:00,2025-03-17 16:26:03.3970000 +00:00
84ee09975d0b,Santa Fé,5002704.0,50,2024-07-31 18:30:28.8120000 +00:00,2024-07-31 18:30:28.8120000 +00:00
7ac55586211a,vila Nasser ,5002704.0,50,2024-01-22 03:20:28.9310000 +00:00,2024-01-22 03:20:28.9310000 +00:00
8b5ed175fc06,Carandá Bosque,5002704.0,50,2026-01-15 19:26:47.7070000 +00:00,2026-02-11 19:37:18.8600000 +00:00
f50de3b7a0d9,Bairro Seminário,5002704.0,50,2022-05-10 22:31:34.2200000 +00:00,2022-05-11 19:12:34.0010000 +00:00
436d0c0f6c85,Coophavila II,5002704.0,50,2024-04-27 14:22:35.0150000 +00:00,2024-08-09 04:29:21.1960000 +00:00
b8e0d81aa3c4,Monte Castelo,5002704.0,50,2026-07-02 04:17:19.3000000 +00:00,2026-07-02 04:17:19.3000000 +00:00
bdabb57491f6,Gramame ,2507507.0,25,2024-04-12 14:23:38.5690000 +00:00,2024-04-12 14:23:38.5690000 +00:00
aad0a6800456,Gramame,2507507.0,25,2024-04-12 14:30:40.6080000 +00:00,2024-04-12 14:30:40.6080000 +00:00
5fd40f2c4c3a,Gramame,2507507.0,25,2024-04-15 13:27:56.1770000 +00:00,2024-04-15 13:32:44.8220000 +00:00
8875800d3c80,Mangabeira VIII,2507507.0,25,2024-07-11 14:53:21.0590000 +00:00,2024-07-11 14:53:45.4710000 +00:00
01023a8065e8,Jardim Aero Rancho,5002704.0,50,2022-09-03 18:36:10.8730000 +00:00,2023-02-04 20:17:06.6950000 +00:00
d3f9139f41a1,Gramame,2507507.0,25,2024-07-17 13:40:48.9930000 +00:00,2024-07-17 13:40:48.9930000 +00:00
b727a0a5b221,Coophavila II,5002704.0,50,2024-09-23 01:57:33.6790000 +00:00,2024-09-23 01:57:40.9200000 +00:00
5403e170314b,Jardim São Conrado,5002704.0,50,2025-04-14 12:41:59.0790000 +00:00,2025-04-14 12:41:59.0790000 +00:00
554f73bf7c16,Gramame,2507507.0,25,2026-04-29 11:58:40.4430000 +00:00,2026-04-29 11:58:40.4430000 +00:00
8e94bfcc52f1,Jardim independência ,5000708.0,50,2026-03-02 12:32:26.6250000 +00:00,2026-03-02 12:32:26.6250000 +00:00
edd89400fce1,Vila Duque de Caxias,5002704.0,50,2022-06-10 04:09:23.2860000 +00:00,2022-06-10 04:09:40.1070000 +00:00
5d4da5cddc37,são Vicente de Paula ,5006606.0,50,2024-05-05 16:07:31.2480000 +00:00,2024-05-05 16:07:31.2480000 +00:00
8f85fa32f0a5,Sobrinho,5002704.0,50,2025-07-09 16:10:12.0870000 +00:00,2025-07-09 16:10:12.0870000 +00:00
83ab5ffb1609,Gramame,2507507.0,25,2026-01-08 12:54:31.0570000 +00:00,2026-01-08 12:54:31.0570000 +00:00
8b6478ea86d8,Nova Casa Verde,5006200.0,50,2021-01-24 22:34:53.1410000 +00:00,2021-01-24 22:34:53.1410000 +00:00
afd76d615b01,Trincheiras,2507507.0,25,2025-12-18 11:02:33.0350000 +00:00,2025-12-18 11:02:33.0350000 +00:00
fce3335b19f5,Gramame ,2507507.0,25,2024-04-15 13:49:18.1960000 +00:00,2024-04-15 13:49:32.6110000 +00:00
21166e30f64b,Gramame,2507507.0,25,2024-04-12 14:11:07.3730000 +00:00,2024-04-12 14:11:07.3730000 +00:00
1a3b990f1899,,5003702.0,50,2025-01-28 19:39:33.9670000 +00:00,2025-01-28 19:40:28.0740000 +00:00
4debccf9d263,Pernambuco ,5002902.0,50,2024-04-16 21:24:27.6110000 +00:00,2024-04-16 21:24:27.6110000 +00:00
5700fb76a71a,Gramame,2507507.0,25,2025-05-23 15:32:32.8490000 +00:00,2025-05-23 15:32:32.8490000 +00:00
a991e258625d,Vila Manoel Sêcco Thomé,5002704.0,50,2025-03-10 17:12:56.3100000 +00:00,2025-03-10 17:12:56.3100000 +00:00
ded110490aaa,Gramame,2507507.0,25,2024-07-17 13:36:23.2940000 +00:00,2024-07-17 13:36:31.7880000 +00:00
f3db950bfd7f,Vila Toscana II,5003702.0,50,2022-04-26 22:19:29.0340000 +00:00,2022-04-26 22:19:29.0340000 +00:00
9b07d0424e50,Gramame,2507507.0,25,2024-11-26 18:44:44.1700000 +00:00,2024-11-26 18:44:44.1700000 +00:00
970330ab930f,Jardim Água Boa,5003702.0,50,2024-03-09 12:46:06.7720000 +00:00,2024-03-09 12:46:06.7720000 +00:00
b2e03c0efcd2,Gramame,2507507.0,25,2025-04-13 00:55:34.0960000 +00:00,2025-04-13 00:55:34.0960000 +00:00
82e94767deca,Gramame,2507507.0,25,2026-07-01 15:34:36.1330000 +00:00,2026-07-01 15:34:36.1330000 +00:00
f1a3a0667908,Cristo Redentor,2507507.0,25,2025-08-14 14:59:46.0010000 +00:00,2025-08-14 14:59:46.0010000 +00:00
0f57f2ec1faa,Vila Beatriz,5006200.0,50,2025-06-29 22:26:39.8800000 +00:00,2025-06-29 22:26:39.8800000 +00:00
6942606f4d0f,Mangabeira,2507507.0,25,2024-09-29 16:48:19.0050000 +00:00,2024-09-29 16:48:19.0050000 +00:00
41ae944ffe91,Vila Progresso,5003702.0,50,2025-10-27 10:46:45.2600000 +00:00,2025-10-27 10:47:10.0790000 +00:00
709a093347c5,São José,5008404.0,50,2022-08-16 20:55:46.6740000 +00:00,2022-12-17 01:05:08.7820000 +00:00
d6fdbeae29c6,Jardim Aeroporto,5002704.0,50,2020-10-27 19:52:26.5540000 +00:00,2020-10-27 19:58:49.0210000 +00:00
4147742342f4,São Francisco,5002704.0,50,2021-01-30 00:02:39.1340000 +00:00,2021-01-30 00:03:40.3650000 +00:00
a5501397e5bb,Vila Piratininga,5002704.0,50,2025-04-09 13:58:50.6340000 +00:00,2025-04-09 13:58:50.6340000 +00:00
b397e08fa097,Monte Carlo,5002704.0,50,2021-09-13 18:17:20.4550000 +00:00,2021-09-13 18:17:20.4550000 +00:00
e68d38d4f578,Jardim da Barragem VI,5200258.0,52,2024-05-23 03:07:10.2140000 +00:00,2024-05-23 03:07:10.2140000 +00:00
3a242ad3f739,Cidade Nova,1500800.0,15,2022-11-11 20:23:23.1240000 +00:00,2022-11-11 20:24:59.0550000 +00:00
8ca9607c5f96,Dom Pepi,5006903.0,50,2023-09-14 12:43:16.3400000 +00:00,2023-09-14 12:43:24.9170000 +00:00
52d7aada1a16,Jardim Guanabara,5003702.0,50,2024-02-14 01:32:26.8480000 +00:00,2024-02-14 01:32:50.2010000 +00:00
e6881a612801,Nova Lima,5002704.0,50,2023-10-19 00:03:02.2670000 +00:00,2023-10-19 00:03:02.2670000 +00:00
cf6acd7dc854,Vila Santa Dorothéia,5002704.0,50,2020-11-06 08:56:43.1810000 +00:00,2020-11-06 08:56:43.1810000 +00:00
bee6a5bd63f0,vila angelica 2,5005004.0,50,2022-04-27 18:04:43.0840000 +00:00,2022-04-27 18:04:43.0840000 +00:00
6cb1a2d43d6c,Vila Industrial,5003702.0,50,2024-01-26 19:05:55.3770000 +00:00,2024-01-26 19:06:38.5300000 +00:00
3bc32cd1670c,Conjunto Aero Rancho,5002704.0,50,2026-01-10 16:36:54.2310000 +00:00,2026-01-10 16:36:54.2310000 +00:00
c42a5e2b4c17,Vila Marcos Roberto,5002704.0,50,2020-10-29 00:44:22.6100000 +00:00,2020-10-29 00:44:22.6100000 +00:00
3628a9316555,Jardim Paulo Coelho Machado,5002704.0,50,2020-04-29 01:03:40.8820000 +00:00,2020-04-29 01:03:40.8820000 +00:00
d37fb4cc1152,Jardim Aero Rancho,5002704.0,50,2024-01-18 01:47:21.1800000 +00:00,2024-01-18 01:47:21.1800000 +00:00
278567c660ab,Centro,5006309.0,50,2023-12-04 20:00:46.7890000 +00:00,2026-01-16 14:15:49.8480000 +00:00
a5eaa2a55d4c,morada do sol ,5007208.0,50,2026-06-17 14:53:22.0700000 +00:00,2026-06-17 14:53:22.0700000 +00:00
33e24a05d981,Jardim Anache,5002704.0,50,2024-08-01 15:54:00.6200000 +00:00,2024-08-01 15:54:00.6200000 +00:00
d32784399cf8,Jardim Montevidéu,5002704.0,50,2023-10-22 02:47:34.1960000 +00:00,2023-10-22 02:47:43.6950000 +00:00
79233c8d4efa,Coophasul,5002704.0,50,2022-02-23 14:58:43.7460000 +00:00,2022-02-23 14:58:43.7460000 +00:00
341f2745a76f,Atalaia,1500800.0,15,2023-04-01 00:33:25.6970000 +00:00,2023-04-01 00:34:08.6420000 +00:00
b86151a13cd0,Vila Toscana II,5003702.0,50,2024-10-23 14:13:52.3080000 +00:00,2024-10-23 14:13:52.3080000 +00:00
6455f07dbdca,Vila Piratininga,5002704.0,50,2023-05-02 19:44:38.7250000 +00:00,2023-05-02 19:44:38.7250000 +00:00
2c959017b4e3,Vila Morumbi,5002704.0,50,2024-05-27 17:39:34.5590000 +00:00,2024-05-27 17:39:34.5590000 +00:00
70fc18f6ad33,Cohab,5004007.0,50,2023-12-14 16:53:11.0290000 +00:00,2023-12-14 16:53:11.0290000 +00:00
a1231df2b2b2,Monte Castelo,5002704.0,50,2022-04-28 14:13:53.8050000 +00:00,2023-08-30 22:03:28.9100000 +00:00
3ce6e66c2091,São Francisco ,2302503.0,23,2023-11-05 10:03:41.6840000 +00:00,2023-11-05 10:03:41.6840000 +00:00
108589631fc5,Vila Toscana,5003702.0,50,2026-01-05 14:14:45.4840000 +00:00,2026-01-05 14:15:11.1910000 +00:00
f7d1ee035776,Calumbi,2910800.0,29,2024-08-30 19:42:02.9660000 +00:00,2024-08-30 19:42:03.0810000 +00:00
7d8d522872f7,Vila Palmira,5002704.0,50,2022-05-26 13:49:40.9510000 +00:00,2022-05-26 13:49:40.9510000 +00:00
31f6bc004501,Vila Antônio Vendas,5002704.0,50,2023-10-31 11:04:56.8950000 +00:00,2023-10-31 11:04:56.8950000 +00:00
7e8f29f87e37,Jardim Água Boa,5003702.0,50,2023-10-10 19:49:38.6240000 +00:00,2023-10-10 19:49:38.6240000 +00:00
775fea92d0db,Tayamã Park,5002704.0,50,2022-09-01 22:31:43.3940000 +00:00,2022-09-01 22:31:43.3940000 +00:00
958ee7ea2873,Jardim do Zé Pereira,5002704.0,50,2024-08-23 13:03:51.8410000 +00:00,2024-08-23 13:03:51.8410000 +00:00
c8a27647cf7c,Jardim Leblon,5002704.0,50,2020-10-20 01:54:42.1690000 +00:00,2020-10-20 01:54:42.1690000 +00:00
2e3c069afa5a,Núcleo Habitacional Universitárias,5002704.0,50,2020-04-28 13:28:05.3550000 +00:00,2020-04-28 13:28:05.3550000 +00:00
5760763d4942,piraveve ,5004700.0,50,2023-02-08 02:21:22.7910000 +00:00,2023-02-08 02:21:22.7910000 +00:00
6948c02fc565,COHAB II,5003702.0,50,2023-02-02 23:08:47.4800000 +00:00,2023-02-02 23:08:55.1160000 +00:00
4ab174268265,Aeroporto,5003207.0,50,2026-03-26 17:25:47.1610000 +00:00,2026-03-26 17:25:47.1610000 +00:00
92cef9a86e2b,Oiti,5002704.0,50,2022-05-17 16:18:21.5870000 +00:00,2022-05-17 16:18:21.5870000 +00:00
2e0830125bb1,Jardim do Zé Pereira,5002704.0,50,2024-03-18 00:37:21.5680000 +00:00,2024-07-07 21:32:24.9630000 +00:00
5003e07853ea,Vila Carvalho,5002704.0,50,2024-05-17 04:14:03.7190000 +00:00,2024-05-17 04:14:03.7190000 +00:00
bad1fd6c5c43,Jardim Itália,5002704.0,50,2024-09-17 22:24:50.3800000 +00:00,2024-09-17 22:24:59.8180000 +00:00
cb5628a1b443,Jardim Petrópolis,5002704.0,50,2023-07-22 19:23:43.6280000 +00:00,2023-07-22 19:23:43.6280000 +00:00
fdebfe1ae894,Centro ,5003488.0,50,2021-08-13 14:21:32.2120000 +00:00,2021-08-13 14:21:32.2120000 +00:00
7fd943501db5,Jardim Parati,5002704.0,50,2024-03-28 04:41:36.0150000 +00:00,2024-03-28 04:41:36.0150000 +00:00
b336bece2c58,Jardim São Conrado,5002704.0,50,2024-02-01 23:13:10.8310000 +00:00,2024-02-01 23:13:10.8310000 +00:00
913b869799bd,Centro,5003207.0,50,2021-06-30 00:13:31.3250000 +00:00,2021-06-30 00:31:37.2390000 +00:00
eab3b2e16b62,Loteamento Bosque da Esperança,5002704.0,50,2022-09-22 01:43:50.1990000 +00:00,2022-09-22 01:44:11.6720000 +00:00
0cde62e929e4,Jardim Centenário,5002704.0,50,2023-01-14 01:53:13.5550000 +00:00,2023-01-14 01:53:13.5550000 +00:00
c35b9259060e,Vila Nova Campo Grande,5002704.0,50,2024-03-20 11:49:49.3900000 +00:00,2024-03-20 11:49:49.3900000 +00:00
821347f94387,Residencial Betaville,5002704.0,50,2024-02-01 02:59:14.3620000 +00:00,2024-02-01 02:59:14.3620000 +00:00
1fecf64b4dfb,Coophafronteira,5006606.0,50,2024-10-16 17:17:20.2810000 +00:00,2024-10-16 17:17:26.8700000 +00:00
daf85f827973,Jardim Tropical,5003702.0,50,2025-08-18 12:41:23.2860000 +00:00,2025-08-18 12:41:23.2860000 +00:00
02f04acbeab3,Vila Carvalho,5107602.0,51,2022-11-09 15:55:57.4790000 +00:00,2022-11-09 15:55:57.4790000 +00:00
b948ad983c69,Zona Rural,5003256.0,50,2026-07-05 21:23:31.9470000 +00:00,2026-07-05 21:23:31.9470000 +00:00
24e68a50475a,Vila Taveirópolis,5002704.0,50,2026-04-21 00:57:10.6510000 +00:00,2026-04-21 00:57:10.6510000 +00:00
490dd1790c25,Jardim Guaicurus,5003702.0,50,2022-10-29 02:09:31.8850000 +00:00,2022-10-29 02:09:31.8850000 +00:00
ad972ed3f20d,Jardim Colibri II,5002704.0,50,2024-08-15 22:34:52.8910000 +00:00,2024-08-15 22:34:52.8910000 +00:00
71535e3e8631,Jardim Tijuca,5002704.0,50,2023-03-06 18:08:55.1700000 +00:00,2023-03-06 18:09:19.3910000 +00:00
193ee5fd2dd3,Coqueiro,1500800.0,15,2023-07-05 23:16:20.2720000 +00:00,2023-07-05 23:16:20.2720000 +00:00
5677ee7e6608,Grotão,2507507.0,25,2025-12-26 13:24:28.6590000 +00:00,2025-12-26 13:24:28.6590000 +00:00
c357f123a9a9,novos estados ,5002704.0,50,2021-02-01 18:07:20.4100000 +00:00,2021-02-01 18:07:26.5830000 +00:00
8eff6f1c4f09,Jardim Guanabara,5003702.0,50,2026-07-07 14:44:06.4350000 +00:00,2026-07-07 14:44:06.4350000 +00:00
b19dd7cc30e4,Santa Rita,5008305.0,50,2025-08-13 13:01:04.5170000 +00:00,2025-08-13 13:01:04.5170000 +00:00
f8bd703b59ef,Residencial Aquarius II,5002704.0,50,2024-01-09 17:59:39.2050000 +00:00,2024-01-09 17:59:39.2050000 +00:00
f330798e4545,Taquarussu ,5002704.0,50,2022-05-12 18:18:39.2750000 +00:00,2022-05-12 18:18:55.1850000 +00:00
4286216575e3,Barra do Imbuí,3305802.0,33,2024-03-26 18:04:15.1590000 +00:00,2024-03-26 18:04:15.1590000 +00:00
d41e3afdbff8,Parque Alvorada,5003702.0,50,2026-01-14 12:48:08.6480000 +00:00,2026-01-14 12:48:08.6480000 +00:00
618a0f042108,Conjunto Taquari,5003306.0,50,2021-10-04 03:47:49.3990000 +00:00,2021-10-04 03:47:49.3990000 +00:00
dbc026652271,Jardim Paulista,5002704.0,50,2024-01-31 15:31:34.0320000 +00:00,2024-01-31 15:31:34.0320000 +00:00
5060bdc74d42,Jardim São Conrado,5002704.0,50,2024-02-01 18:45:38.9430000 +00:00,2024-02-01 18:45:38.9430000 +00:00
e7616583811e,Vila do Prata ,5005400.0,50,2021-12-08 14:01:20.1230000 +00:00,2021-12-08 14:01:20.1230000 +00:00
a66a0f598a13,centro ,5004601.0,50,2022-09-12 18:43:04.5780000 +00:00,2022-09-12 18:43:40.0260000 +00:00
42b22382a1cb,Nova aquidauana ,5001102.0,50,2022-06-21 04:51:58.7620000 +00:00,2022-06-21 04:51:58.7620000 +00:00
357e84c20703,Jardim do Zé Pereira,5002704.0,50,2024-02-27 15:39:19.7860000 +00:00,2024-02-27 15:39:19.7860000 +00:00
acfd379f8b18,Conjunto União II,5002704.0,50,2021-12-28 17:02:33.0730000 +00:00,2021-12-28 17:02:45.1590000 +00:00
bd4013b442a6,Vila Mariana ,5000609.0,50,2022-03-06 19:59:00.5650000 +00:00,2022-03-06 19:59:00.5650000 +00:00
ab5c6e9b26ee,Centro,5002704.0,50,2024-05-03 14:51:13.0630000 +00:00,2025-01-30 12:29:44.1530000 +00:00
7d7a18fcb2b3,Primo Maffissoni ,5007695.0,50,2023-05-31 23:43:36.0790000 +00:00,2023-05-31 23:53:00.5800000 +00:00
aaee96966c7e,cuia,2507507.0,25,2023-07-05 14:02:16.1740000 +00:00,2023-07-05 14:02:27.5610000 +00:00
4cf1b81fa2f1,Conjunto Residencial Estrela do Sul,5002704.0,50,2024-11-17 07:02:50.7950000 +00:00,2024-11-17 07:02:50.7950000 +00:00
97d332c74efe,Jardim dos Estados,5002704.0,50,2020-04-24 23:36:55.9520000 +00:00,2020-04-24 23:36:55.9520000 +00:00
0d088274239a,Centro,5000906.0,50,2025-05-01 16:57:19.0910000 +00:00,2025-05-01 16:57:35.1690000 +00:00
9d1155af459b,Vila Ieda,5002704.0,50,2023-04-03 03:03:39.3940000 +00:00,2023-04-03 03:03:39.3940000 +00:00
ccc1641945ed,Jardim Leblon,5002704.0,50,2024-04-30 12:05:20.7180000 +00:00,2024-04-30 12:05:20.7180000 +00:00
cdf74ac7d0bf,Vila Rica,5002704.0,50,2023-11-06 19:07:56.4600000 +00:00,2023-11-06 19:08:44.5570000 +00:00
e73c013955de,Vila Santa Luzia,5002704.0,50,2024-05-06 19:55:03.9640000 +00:00,2024-05-06 19:55:03.9640000 +00:00
dee644f41b11,Jardim Leblon,5002704.0,50,2020-07-27 20:45:40.6080000 +00:00,2020-07-27 20:45:40.6080000 +00:00
4d2d0e3c2eda,Jardim Primavera I,5006606.0,50,2020-05-01 03:09:52.4210000 +00:00,2020-05-01 03:10:26.0820000 +00:00
6335432864e1,Bairro Seminário,5002704.0,50,2026-08-03 19:14:02.0830000 +00:00,2026-08-03 19:14:18.4450000 +00:00
8185261b6062,Jardim Tijuca,5002704.0,50,2020-07-26 19:51:35.5760000 +00:00,2020-07-26 19:51:35.5760000 +00:00
4f0bd01965c5,Vila Marcos Roberto,5002704.0,50,2024-03-06 00:49:50.2880000 +00:00,2024-03-06 00:49:50.2880000 +00:00
4703a9e986a6,cidade Nova,5001102.0,50,2020-11-04 16:57:57.0040000 +00:00,2020-11-04 16:57:57.1540000 +00:00
ea0dd687ae9b,Centro ,5002407.0,50,2024-11-05 01:06:43.3870000 +00:00,2024-11-05 01:06:43.3870000 +00:00
7857bd044d06,Maria Leite,5003207.0,50,2021-06-08 03:14:09.8990000 +00:00,2021-06-08 03:14:49.4930000 +00:00
3484eb3cee0d,Arnaldo Estevão Figueiredo,5002704.0,50,2024-07-11 13:13:48.2800000 +00:00,2024-07-11 13:13:48.2800000 +00:00
39fd41e87d24,porto belo,5005400.0,50,2024-03-21 20:13:44.6930000 +00:00,2024-03-21 20:13:44.6930000 +00:00
853f4732f1bb,,5008008.0,50,2020-09-04 13:09:38.6730000 +00:00,2024-11-01 20:28:54.9750000 +00:00
5f849e8876f8,Jardim Vitoria,5006606.0,50,2021-08-19 03:32:46.4790000 +00:00,2021-08-28 15:32:56.3530000 +00:00
38bb22d654f6,Jardim Novo Horizonte,5003702.0,50,2025-07-16 15:13:31.4940000 +00:00,2025-07-16 15:13:31.4940000 +00:00
101959505fff,Rancho Novo,3303500.0,33,2023-12-18 02:54:27.4450000 +00:00,2023-12-18 02:54:27.4450000 +00:00
cadc2e2d6adb,Tapanã (Icoaraci),1501402.0,15,2023-09-22 08:52:23.0210000 +00:00,2023-09-22 08:52:23.0210000 +00:00
3c0810cecd82,Jardim São Guilherme ,5005004.0,50,2021-09-01 12:45:03.4810000 +00:00,2021-09-01 12:45:03.4810000 +00:00
a4f2dd3febdd,Jardim São Bento,5002704.0,50,2021-01-12 16:39:38.6770000 +00:00,2021-01-12 16:39:38.6770000 +00:00
d7cb7a76108f,Residencial Gabura,5002704.0,50,2021-04-15 03:23:14.7150000 +00:00,2021-04-15 03:23:14.7150000 +00:00
2ba24bfa5e19,Vila Eduardo,2611101.0,26,2021-02-04 19:43:13.5550000 +00:00,2021-02-04 19:43:13.5550000 +00:00
9f699a76eb30,Vila Nova Campo Grande,5002704.0,50,2023-11-08 20:16:46.7700000 +00:00,2023-11-08 20:16:46.7700000 +00:00
36b422989ca7,Vila América,5002209.0,50,2021-02-01 17:46:43.3270000 +00:00,2021-02-01 17:46:43.3270000 +00:00
d8d82fca1d68,Vila Nova Campo Grande,5002704.0,50,2024-06-27 01:32:50.3710000 +00:00,2024-06-27 01:32:50.3710000 +00:00
5f84873a809b,Jardim Itamaracá,5002704.0,50,2023-01-21 12:10:47.4890000 +00:00,2023-01-21 12:10:47.4890000 +00:00
6fb008ced347,Itapoã,5004700.0,50,2020-06-08 12:45:23.7460000 +00:00,2020-06-08 12:49:51.6320000 +00:00
c23b265a8953,Monte Castelo,5002704.0,50,2023-05-25 23:39:14.1200000 +00:00,2023-05-25 23:40:11.2540000 +00:00
26defa1f07a2,jardim oásis ,5005707.0,50,2020-06-25 07:06:22.2210000 +00:00,2020-06-29 04:53:33.9440000 +00:00
c7ff5eaaccb5,Centro,5006200.0,50,2021-08-17 13:40:14.7830000 +00:00,2021-08-17 13:40:14.7830000 +00:00
5e959dd3dfe2,Classe A,5005707.0,50,2025-02-20 04:52:58.4340000 +00:00,2025-02-20 04:52:58.4340000 +00:00
60d1ecceaf85,centro ,5004007.0,50,2025-05-21 11:09:29.4380000 +00:00,2025-05-21 11:09:29.4380000 +00:00
3aea01c7ca47,centro,5005400.0,50,2021-12-05 00:41:25.8380000 +00:00,2021-12-05 00:41:25.8380000 +00:00
8432872d0cbe,Jardim Colibrí,5002704.0,50,2025-12-11 21:56:06.5350000 +00:00,2025-12-11 22:01:02.3430000 +00:00
5bbb5f39027f,Lagoa Bonita,5003454.0,50,2025-12-02 00:24:29.3410000 +00:00,2025-12-02 00:24:29.3410000 +00:00
585834652944,Vila Toscana,5003702.0,50,2024-06-18 23:36:15.9650000 +00:00,2024-06-18 23:38:32.7760000 +00:00
77054af7cffc,Vila Popular,5002704.0,50,2026-02-14 23:49:25.8420000 +00:00,2026-02-14 23:49:25.8420000 +00:00
96e3903fa0f5,vila Operária,5006200.0,50,2021-12-17 19:20:53.7180000 +00:00,2021-12-17 19:20:53.7180000 +00:00
04eba7809b9d,Jardim do Zé Pereira,5002704.0,50,2020-12-14 01:41:13.3970000 +00:00,2020-12-14 01:41:13.3970000 +00:00
612f4e49b71d,Vila Juquita ,5005400.0,50,2023-01-23 16:57:34.8560000 +00:00,2023-01-23 16:57:54.7600000 +00:00
0a5ab4bae1be,Vila Santa Luzia,5002704.0,50,2020-04-26 23:12:50.6450000 +00:00,2020-04-26 23:12:50.6450000 +00:00
4b18493909a3,Guanandi,5002704.0,50,2020-04-28 16:39:52.6550000 +00:00,2020-07-16 14:55:00.8950000 +00:00
27b71ab46fad,Conjunto Residencial Estrela do Sul,5002704.0,50,2024-10-22 00:01:35.3670000 +00:00,2024-10-22 00:01:35.3670000 +00:00
d5ecd5172b15,Jardim Flórida,5003702.0,50,2021-01-23 22:22:07.6640000 +00:00,2021-01-23 22:22:15.6490000 +00:00
2c46fbb12747,Vila Cidade Morena,5002704.0,50,2020-10-29 03:46:12.7070000 +00:00,2020-10-29 03:46:30.5800000 +00:00
4e23917f571d,Duque Estrada ,5005608.0,50,2026-01-18 00:16:49.6630000 +00:00,2026-01-18 00:16:49.6630000 +00:00
ad90d0a562b3,Jardim dos Estados ,5007406.0,50,2020-05-04 13:13:52.7350000 +00:00,2020-05-04 13:13:52.7350000 +00:00
ab4a6210640e,Jardim Veraneio,5002704.0,50,2023-11-28 14:49:19.9140000 +00:00,2023-11-28 14:49:19.9140000 +00:00
fbc7b8ef0d89,Centro,5002704.0,50,2020-08-05 11:05:01.1760000 +00:00,2020-08-05 11:05:01.1760000 +00:00
377f326cf43b,São Francisco,5002704.0,50,2025-02-02 03:41:29.6880000 +00:00,2026-04-18 14:05:35.2490000 +00:00
f03363b0b2cf,Centro,5005152.0,50,2025-11-11 18:07:10.5340000 +00:00,2025-11-11 18:13:22.6640000 +00:00
6eda2d52b2d7,Jardim Hidalgo ,5003801.0,50,2024-04-08 17:04:23.5080000 +00:00,2024-04-08 17:35:28.9190000 +00:00
66549f664310,Catarina ,5003801.0,50,2025-05-07 22:32:06.6010000 +00:00,2025-06-26 22:07:23.7850000 +00:00
ffe7a47ccc55,Parque Residencial União,5002704.0,50,2022-07-26 11:16:47.7510000 +00:00,2022-07-26 11:16:47.7510000 +00:00
444a963d5a0f,Jardim Campo Grande ,5001904.0,50,2024-10-08 12:29:39.7740000 +00:00,2024-10-08 12:30:11.7740000 +00:00
a6a470d20aa1,Tiradentes,5002704.0,50,2026-01-03 00:27:07.7450000 +00:00,2026-01-03 00:27:07.7450000 +00:00
559331c96d70,zona rural ,5006259.0,50,2023-08-20 23:22:03.6200000 +00:00,2023-08-20 23:22:03.6200000 +00:00
13cf59ce3154,Centro,5006606.0,50,2026-06-14 14:21:45.1480000 +00:00,2026-06-14 14:21:45.1480000 +00:00
efaf0f910cdb,Monte Castelo,5002704.0,50,2024-04-05 16:58:28.7840000 +00:00,2024-04-05 16:58:28.7840000 +00:00
a526c6a5e010,Jardim Camargo ,5002308.0,50,2024-07-18 18:23:52.3450000 +00:00,2024-07-18 18:23:52.3450000 +00:00
811a83edafea,Vila Santa Luzia,5002704.0,50,2021-04-01 17:27:01.3780000 +00:00,2021-04-01 17:27:01.3780000 +00:00
7e57de209c8a,Jardim Paradiso,5002704.0,50,2020-04-14 13:21:17.0080000 +00:00,2020-04-14 13:21:17.0080000 +00:00
96044dee616b,Coronel Antonino,5002704.0,50,2021-06-06 13:21:52.9120000 +00:00,2021-06-06 13:21:55.8140000 +00:00
873a9a2b95bc,Vila São Jorge da Lagoa,5002704.0,50,2023-06-01 01:01:47.6800000 +00:00,2023-07-27 13:36:23.0730000 +00:00
63b5ddf4bf90,Novo Oeste,5008305.0,50,2026-01-08 22:26:01.5540000 +00:00,2026-01-08 22:26:01.5540000 +00:00
b13077ce89fd,Marambaia,1501402.0,15,2025-01-08 16:04:01.2850000 +00:00,2025-01-08 16:04:01.2850000 +00:00
20c9cdf9ef86,Jardim das Nações,5002704.0,50,2023-06-22 15:46:45.7410000 +00:00,2023-06-22 15:46:45.7410000 +00:00
5b2418e13755,Centro,5005400.0,50,2025-05-20 00:00:40.3340000 +00:00,2025-05-20 00:00:40.3340000 +00:00
35f6e6122bf6,João Costa,4209102.0,42,2024-09-27 18:47:13.0220000 +00:00,2024-09-27 18:47:13.0220000 +00:00
755796b71a9f,Nova Lima,5002704.0,50,2021-01-22 01:45:37.1460000 +00:00,2021-01-22 01:46:03.4160000 +00:00
7941e6c8654d,Sobrinho,5002704.0,50,2025-05-28 11:22:34.0400000 +00:00,2025-05-28 11:22:34.0400000 +00:00
49467f42e4ed,Jardim São Conrado,5002704.0,50,2025-11-09 09:14:24.0600000 +00:00,2025-11-09 09:14:29.6420000 +00:00
241b1bebc4d6,Vila Taveirópolis,5002704.0,50,2024-05-06 12:10:39.6580000 +00:00,2024-05-06 12:11:47.4620000 +00:00
d9986a635a1c,Jardim Colibrí,5002704.0,50,2025-02-19 18:54:44.7610000 +00:00,2025-02-19 18:57:07.3650000 +00:00
6e01676b09b9,Interlagos,5008305.0,50,2020-06-02 18:58:28.0190000 +00:00,2020-06-02 18:58:28.0190000 +00:00
11891586c5d9,Vila Manoel Taveira,5002704.0,50,2025-04-09 13:46:45.2940000 +00:00,2025-04-09 13:46:45.2940000 +00:00
fb22d989cf6b,Vila Vilas Boas,5002704.0,50,2022-05-03 19:25:17.7310000 +00:00,2022-05-03 19:25:17.7310000 +00:00
ac49e08b4d6e,SANTO ANTONIO,5005202.0,50,2020-12-24 01:14:10.6290000 +00:00,2021-04-14 14:16:31.7800000 +00:00
359e7dc544fa,Vila Nossa Senhora do Amparo,5006606.0,50,2021-07-03 12:59:54.7330000 +00:00,2021-07-03 13:01:23.4150000 +00:00
d571acb7a77c,Amambaí,5002704.0,50,2025-10-17 10:38:58.5620000 +00:00,2025-10-17 10:38:58.5620000 +00:00
7b5902a575ad,Jardim das Estrelas ,5003306.0,50,2025-08-06 18:02:06.4870000 +00:00,2025-08-06 18:02:06.4870000 +00:00
c8dd4e21d29d,Centro,5001003.0,50,2026-04-21 15:42:42.2320000 +00:00,2026-04-21 15:42:42.2320000 +00:00
f52ebe554cd6,Jardim Campo Nobre,5002704.0,50,2021-01-29 18:39:19.8930000 +00:00,2021-11-09 11:55:17.0980000 +00:00
c45e125564e1,Jardim Monte Líbano,5002704.0,50,2021-05-31 21:15:15.7290000 +00:00,2021-05-31 21:15:15.7290000 +00:00
c25f2c1e1724,Vila Nasser,5002704.0,50,2023-12-05 15:06:38.0320000 +00:00,2023-12-05 15:06:38.0320000 +00:00
b45fd7892efc,Alto San Raphael,5005400.0,50,2024-02-05 14:13:55.2300000 +00:00,2024-02-05 14:13:55.2300000 +00:00
d763feef60a5,Monte Castelo,5002704.0,50,2022-06-02 21:23:21.4310000 +00:00,2022-06-02 21:23:21.4310000 +00:00
b603d63acd0f,Vila Vilas Boas,5002704.0,50,2020-04-15 01:40:47.1680000 +00:00,2020-04-15 01:40:47.3490000 +00:00
f7ac3ac3f194,Vila Adelina,5002704.0,50,2022-05-30 19:07:45.2730000 +00:00,2022-05-30 19:07:45.2730000 +00:00
0a9bb3b71c1a,Vila Toscana,5003702.0,50,2025-04-03 19:11:38.6880000 +00:00,2025-04-03 19:11:43.3370000 +00:00
fd92ae601ce6,Jardim Santa Marta,5002407.0,50,2025-02-11 17:22:58.4710000 +00:00,2025-02-11 17:22:58.4710000 +00:00
89df792b7d2c,Vila Albuquerque,5002704.0,50,2023-06-14 17:25:47.7190000 +00:00,2023-06-16 22:04:26.8920000 +00:00
79de81fc39da,Vila Margarida,5002704.0,50,2021-01-27 00:09:49.6250000 +00:00,2021-01-27 00:09:49.6250000 +00:00
e34f3d6779e0,Ovídio costa 1,5001102.0,50,2021-06-10 20:12:23.9920000 +00:00,2021-06-10 20:12:23.9920000 +00:00
b6873808c53f,centro,5005681.0,50,2023-08-10 18:33:31.6440000 +00:00,2023-08-10 18:33:31.6440000 +00:00
847d44fd6615,Harry Amorim Costa ,5005707.0,50,2025-01-20 17:13:09.5540000 +00:00,2025-01-20 17:13:38.5550000 +00:00
36f78774c5a8,Guanandy,5001102.0,50,2021-04-26 15:03:07.6190000 +00:00,2021-04-26 15:03:30.2930000 +00:00
b45704f8f36c,Nossa Senhora Aparecida,5005608.0,50,2021-11-05 15:22:39.0670000 +00:00,2021-11-05 15:22:39.0670000 +00:00
46bd1cbc6dca,Guanandi,5002704.0,50,2020-12-16 21:56:34.6550000 +00:00,2020-12-16 21:58:28.9320000 +00:00
1b33aea2af28,Jardim Colibri,5003702.0,50,2025-07-11 17:17:00.1790000 +00:00,2025-07-11 17:17:00.1790000 +00:00
c827ee266ecc,centro,5007505.0,50,2024-10-29 21:00:09.3290000 +00:00,2024-10-29 21:00:09.3290000 +00:00
ecefd5f0cceb,Nova Corumbá,5003207.0,50,2022-07-20 22:14:10.2970000 +00:00,2022-07-20 22:14:10.2970000 +00:00
dff78242e4cd,Vila Santa Luzia,5002704.0,50,2024-02-22 01:31:44.6620000 +00:00,2024-02-22 01:31:44.6620000 +00:00
50bbba56fc17,Bairro Seminário,5002704.0,50,2024-01-14 22:20:23.4940000 +00:00,2024-01-14 22:20:26.9750000 +00:00
a9bfc328cfcf,Jardim Aero Rancho,5002704.0,50,2021-01-22 23:49:22.0280000 +00:00,2021-01-22 23:51:26.0000000 +00:00
89203f0a691c,Universitário ,4114609.0,41,2021-01-02 02:55:36.5570000 +00:00,2021-01-02 02:55:47.9310000 +00:00
e4fe28d42d1a,Coophavila II,5002704.0,50,2024-03-22 22:51:46.9460000 +00:00,2024-03-22 22:51:46.9460000 +00:00
dbc568b48697,Cidade Nova ,5001102.0,50,2025-12-14 10:54:54.3330000 +00:00,2025-12-14 10:54:54.3330000 +00:00
e652a832b6cc,JD América I,5001904.0,50,2023-04-19 17:37:14.3720000 +00:00,2023-04-19 17:51:51.9260000 +00:00
5bcdb6cf0a84,Parque dos Laranjais,5002704.0,50,2020-07-25 21:49:02.4500000 +00:00,2020-07-25 21:49:02.4500000 +00:00
5298c1a774fd,jardim monaco ,5003702.0,50,2026-01-12 13:54:36.2720000 +00:00,2026-01-12 13:54:36.2720000 +00:00
889413634a7f,Santa Fé,5002704.0,50,2021-01-28 12:05:39.6990000 +00:00,2021-01-28 12:05:39.6990000 +00:00
9883a94ed2ed,Vila Jatobá,5002407.0,50,2021-08-12 16:12:42.1800000 +00:00,2021-08-12 16:12:42.1800000 +00:00
796c7615364a,Vila Manoel Taveira,5002704.0,50,2022-02-02 18:08:37.4320000 +00:00,2022-02-02 18:08:37.4320000 +00:00
5ac1cffcdb0c,Jardim Auxiliadora,5002704.0,50,2024-08-22 14:29:36.4560000 +00:00,2024-08-22 14:29:36.4560000 +00:00
ac4814140501,Santo Antônio,5002704.0,50,2024-08-15 23:19:59.9730000 +00:00,2024-08-15 23:19:59.9730000 +00:00
9420e752d7d2,Funcionários,2507507.0,25,2024-05-06 11:51:33.2600000 +00:00,2024-05-06 11:51:33.2600000 +00:00
8c87df8c7d95,Residencial Terra Morena,5002704.0,50,2024-11-27 14:34:52.4810000 +00:00,2024-11-27 14:34:52.4810000 +00:00
aa8770350a67,São Pedro,5003702.0,50,2022-12-24 06:34:47.7740000 +00:00,2022-12-24 06:34:47.7740000 +00:00
e924121891ae,Jardim Novo ll,3530706.0,35,2025-11-09 18:18:03.4330000 +00:00,2025-11-09 18:18:03.4330000 +00:00
6c1a3914916e,Vila Santa Catarina,5003702.0,50,2023-10-25 12:37:59.4810000 +00:00,2023-10-25 12:41:49.6800000 +00:00
bbb59860da29,São Cristovão,5007695.0,50,2025-11-28 22:19:17.8400000 +00:00,2025-11-28 22:27:22.4210000 +00:00
8ecab78006dc,jardim Santa Rosa ,5001904.0,50,2025-03-13 09:44:44.3300000 +00:00,2025-03-13 09:48:46.7070000 +00:00
955babc3c4af,Benedito sheefer ,5002001.0,50,2021-07-22 11:10:47.2160000 +00:00,2021-07-22 11:15:55.0490000 +00:00
8ab2801ebb48,Paloma,5000856.0,50,2020-09-02 01:33:56.4710000 +00:00,2020-09-02 01:34:49.0770000 +00:00
a2cf904fc5d4,Jardim Carandá,5008305.0,50,2024-11-04 21:30:37.9820000 +00:00,2024-11-04 21:44:52.6790000 +00:00
c1e5cebf2640,Jardim Monte Alegre,5002704.0,50,2023-04-05 15:29:24.7280000 +00:00,2023-04-05 15:29:49.7050000 +00:00
bfca35d5be44,Jardim Los Angeles,5002704.0,50,2021-04-06 02:43:10.8440000 +00:00,2021-04-06 02:43:17.6750000 +00:00
f42e339670c0,Elias Carneiro ,5002159.0,50,2026-02-07 13:38:50.9650000 +00:00,2026-02-07 13:38:50.9650000 +00:00
75119d6706f8,Jardim Morenão,5002704.0,50,2021-08-16 01:51:45.7400000 +00:00,2021-08-16 01:51:45.7400000 +00:00
d3eba6814b40,centro,5000807.0,50,2020-10-30 17:05:01.2420000 +00:00,2020-10-30 17:05:01.2420000 +00:00
2fbd205b61c3,Conjunto Aero Rancho,5002704.0,50,2021-11-29 21:59:57.2680000 +00:00,2021-11-29 22:00:13.3390000 +00:00
f2a95ba2a1e8,Vila Marli,5002704.0,50,2023-07-17 23:55:48.9380000 +00:00,2023-07-17 23:55:53.7040000 +00:00
9e60705d5cae,Jardim Universitário,5006606.0,50,2023-11-12 04:14:55.2370000 +00:00,2023-11-12 04:14:55.2370000 +00:00
f9814b05336a,Guiomar Soares Andrade,5006200.0,50,2021-04-15 01:06:03.5760000 +00:00,2021-04-15 01:06:03.5760000 +00:00
746f09cc16c5,Vila Planalto,5002704.0,50,2024-02-16 12:18:36.6200000 +00:00,2024-02-16 12:18:36.6200000 +00:00
4698872108ca,Vila Nasser,5002704.0,50,2021-09-02 14:39:22.2360000 +00:00,2021-09-02 14:39:22.2360000 +00:00
226fe7b08970,Jardim america,5006309.0,50,2025-03-18 13:48:23.6740000 +00:00,2025-03-18 13:48:23.6740000 +00:00
e344ab3f23a9,Icuí-Guajará,1500800.0,15,2022-01-27 19:59:23.9050000 +00:00,2022-01-27 19:59:43.9180000 +00:00
b337c659e7f5,Santa terezinha,5001102.0,50,2021-10-14 09:27:07.2200000 +00:00,2021-10-14 09:27:07.2200000 +00:00
f5ee8b7544dc,Vila Serradinho,5002704.0,50,2025-10-06 19:56:36.4450000 +00:00,2025-10-06 19:57:18.4650000 +00:00
f0506cf94440,Parque Isabel Garden's,5002704.0,50,2024-03-16 14:48:45.2440000 +00:00,2024-03-16 14:48:45.2440000 +00:00
b1f9e65f0a6a,Jardim Alto São Francisco,5002704.0,50,2020-10-29 12:33:01.3910000 +00:00,2020-10-29 12:33:01.3910000 +00:00
4462b960d3d0,Parque dos Novos Estados,5002704.0,50,2025-03-09 01:55:13.5850000 +00:00,2025-03-09 01:55:38.2220000 +00:00
876c90afccdd,Vila Jussara,5002704.0,50,2025-10-03 14:37:26.0430000 +00:00,2025-10-03 14:37:26.0430000 +00:00
059e336339e9,Montanhão,3548708.0,35,2021-08-15 00:23:13.5280000 +00:00,2021-08-15 00:23:13.5280000 +00:00
75e43f929bdb,Parque dos Novos Estados,5002704.0,50,2022-06-25 13:41:31.7380000 +00:00,2022-06-25 13:41:31.7380000 +00:00
27fb2e564f72,Jardim Cristhais,5003702.0,50,2026-05-11 19:44:40.3320000 +00:00,2026-05-11 19:44:40.3320000 +00:00
beb3d6e1be1f,Sibipiruna,5002951.0,50,2020-12-06 13:36:44.6060000 +00:00,2020-12-06 13:36:44.6060000 +00:00
3a128887d5ac,Parque Residencial Rita Vieira,5002704.0,50,2023-07-29 12:07:53.1920000 +00:00,2023-08-12 14:07:13.0500000 +00:00
ae941cd1037c,Jardim Cangalha,5008305.0,50,2024-01-31 19:48:14.5320000 +00:00,2024-01-31 19:48:44.0330000 +00:00
3503317a57aa,Jardim Parati,5002704.0,50,2025-03-24 10:15:09.3930000 +00:00,2025-03-24 10:15:09.3930000 +00:00
28fc8f9bfd13,Parque dos Ipês II,5006606.0,50,2025-10-20 22:27:39.0620000 +00:00,2025-10-20 22:31:20.9810000 +00:00
acee7b5810f5,Jardim Imá,5002704.0,50,2025-09-01 12:19:49.4830000 +00:00,2025-09-01 12:19:49.4830000 +00:00
6fd91fcf19ab,Jardim Minas Gerais ,5002902.0,50,2022-09-08 23:15:20.4300000 +00:00,2022-09-08 23:15:20.4300000 +00:00
03520c8d3492,Jardim Paulista ,5000203.0,50,2024-09-25 15:51:22.5370000 +00:00,2024-09-25 15:55:49.1110000 +00:00
9756c8140d98,Jardim Adonai ,5002407.0,50,2022-05-26 19:29:01.7610000 +00:00,2022-05-26 19:29:01.7610000 +00:00
ae0889edabd1,Residencial Ponta Porã I,5006606.0,50,2022-04-27 01:26:04.9990000 +00:00,2023-08-15 13:07:02.9890000 +00:00
a0b2ea5f23cc,Jardim Alvorada ,5006309.0,50,2026-07-14 19:28:43.3410000 +00:00,2026-07-14 19:28:43.3410000 +00:00
e7a8c976dac1,José frageli ,5001102.0,50,2026-03-13 19:13:45.3470000 +00:00,2026-03-13 19:13:45.3470000 +00:00
f76a8906e986,Vila Palmira,5002704.0,50,2024-06-02 02:49:45.0520000 +00:00,2024-06-02 02:49:45.0520000 +00:00
4bfabbd096a4,Vila Vilas Boas,5002704.0,50,2020-06-20 00:58:56.7930000 +00:00,2020-06-20 00:58:56.7930000 +00:00
5305da937fff,portal residence 2 ,5005707.0,50,2022-07-05 17:27:53.6790000 +00:00,2022-07-05 17:27:53.6790000 +00:00
273438414a5c,Vila Sílvia Regina,5002704.0,50,2021-08-12 14:54:37.2480000 +00:00,2021-08-12 14:54:37.2480000 +00:00
67aa9902b554,Jardim Noroeste,5002704.0,50,2024-07-17 01:44:46.8820000 +00:00,2024-07-17 01:44:46.8820000 +00:00
7690d4812d1c,Vila Marcos Roberto,5002704.0,50,2021-10-13 00:33:14.0100000 +00:00,2021-10-13 00:33:37.6880000 +00:00
e27db677bb15,tibiri fabrica ,2513703.0,25,2025-11-07 13:32:50.8250000 +00:00,2025-11-07 13:33:11.7200000 +00:00
b25eeb39fea6,Sambaqui ,4207304.0,42,2023-03-21 00:24:39.8550000 +00:00,2024-10-17 01:14:02.8710000 +00:00
590cc9c5b8da,Jardim Itaipú,5003702.0,50,2024-11-11 14:09:26.7710000 +00:00,2024-11-11 14:09:38.6830000 +00:00
29ca6307b94d,Atalaia,1500800.0,15,2024-06-05 12:05:11.7740000 +00:00,2024-06-05 12:07:02.7850000 +00:00
9e5d499909fd,Cidade Nova,5001102.0,50,2020-04-28 13:44:05.2270000 +00:00,2020-04-28 13:44:05.2270000 +00:00
928fab41834b,Jardim Tatiane ,5003801.0,50,2023-07-01 20:09:14.1020000 +00:00,2023-07-01 20:09:14.1020000 +00:00
c0420f6fffdb,Jardim Aeroporto,5006606.0,50,2022-02-07 15:04:53.6570000 +00:00,2022-02-07 15:04:53.6570000 +00:00
c2a4068aee5f,Jardim Parati,5002704.0,50,2020-11-07 00:12:15.8830000 +00:00,2020-11-07 00:12:15.8830000 +00:00
a5103e7ba766,Residencial Betaville,5002704.0,50,2025-07-30 16:13:05.8130000 +00:00,2025-07-30 16:13:43.5740000 +00:00
073cb2f4a633,Centro,3502101.0,35,2020-10-30 20:06:14.7400000 +00:00,2020-10-30 20:06:14.7400000 +00:00
e13d2543892a,Nova Lima,5002704.0,50,2024-03-06 08:55:57.0870000 +00:00,2024-05-19 12:41:36.3130000 +00:00
7d1b78d8493e,Nova Serrana,5002704.0,50,2026-02-05 20:55:01.5270000 +00:00,2026-07-28 22:03:28.6500000 +00:00
bcac3124032d,Jardim Montevidéu,5002704.0,50,2024-01-21 15:55:32.9230000 +00:00,2024-01-21 15:55:32.9230000 +00:00
1d9930b42c90,Trindade ,5001102.0,50,2025-02-15 20:11:09.6670000 +00:00,2025-02-15 20:12:21.3240000 +00:00
f00fe8963003,Sobrinho,5002704.0,50,2020-05-05 01:51:16.8630000 +00:00,2020-05-05 01:51:16.8630000 +00:00
ed94577722a7,Residencial Oliveira,5002704.0,50,2024-11-25 20:43:35.6720000 +00:00,2024-11-25 20:43:58.1950000 +00:00
38ea3abe674b,Parque Novo Século,5002704.0,50,2023-11-24 23:28:18.1440000 +00:00,2023-11-24 23:28:18.1440000 +00:00
d9e3a9599a83,Jardim Aero Rancho,5002704.0,50,2020-09-30 15:41:02.4260000 +00:00,2020-09-30 15:41:02.4260000 +00:00
f0c6fca53fb0,Parque do Lageado,5002704.0,50,2024-08-24 01:27:17.4460000 +00:00,2024-08-24 01:27:17.4460000 +00:00
1d408e58a49a,Jardim Leblon,5002704.0,50,2026-06-11 01:59:40.9420000 +00:00,2026-06-11 01:59:51.6910000 +00:00
7048bf41b719,Vila Pinheiro,5001102.0,50,2021-08-11 20:02:01.3920000 +00:00,2021-08-11 20:02:01.3920000 +00:00
144a4dcbfb1b,Parque Residencial Rita Vieira,5002704.0,50,2025-01-30 21:59:22.8330000 +00:00,2025-01-30 21:59:31.4550000 +00:00
439919675c4f,Industrial de lourdes ,5006309.0,50,2025-02-14 18:13:00.2330000 +00:00,2025-02-14 18:13:00.2330000 +00:00
c4c30b0e4969,Pioneiros,5002704.0,50,2025-02-14 00:33:32.1210000 +00:00,2025-02-14 00:33:32.1210000 +00:00
b1960710ff66,Centro,5002100.0,50,2025-02-19 17:43:23.5590000 +00:00,2025-02-19 17:43:23.5590000 +00:00
7030084e5236,Centro ,5002902.0,50,2020-08-23 15:13:14.6060000 +00:00,2020-08-23 15:13:33.9520000 +00:00
3392cf6a4a16,Maria de Lourdes ,5006002.0,50,2022-03-16 20:01:46.6950000 +00:00,2022-03-16 20:02:13.4530000 +00:00
c0ae38a27c59,Santa Maria,5001003.0,50,2022-04-27 00:16:33.5020000 +00:00,2022-04-27 00:16:33.5020000 +00:00
8bd190ceb7a9,Iparana,2303709.0,23,2025-08-27 17:43:58.5160000 +00:00,2025-09-02 01:28:31.6110000 +00:00
c9c943ece597,São José ,5006309.0,50,2025-05-27 17:25:49.3490000 +00:00,2025-05-27 17:25:49.3490000 +00:00
868571b142ac,Vila Santo Eugênio,5002704.0,50,2020-10-18 13:01:13.5960000 +00:00,2020-10-18 13:01:13.5960000 +00:00
919b774f83d8,Vila Margarida,5002704.0,50,2021-12-09 23:36:00.2600000 +00:00,2021-12-09 23:36:00.2600000 +00:00
13ac4dddebc4,Jardim Centenário,5002704.0,50,2020-08-10 20:01:07.2550000 +00:00,2024-05-22 21:15:55.8090000 +00:00
4e77fd294eae,Jardim Paranapunga,5008305.0,50,2025-06-23 16:27:57.4700000 +00:00,2025-06-23 16:27:57.4700000 +00:00
6d54a6a5e553,Cabreúva,5002704.0,50,2020-04-30 01:39:55.6650000 +00:00,2020-04-30 01:41:35.4070000 +00:00
3df75b0b4ff7,Jardim Itamaracá,5002704.0,50,2021-10-01 00:41:06.1700000 +00:00,2021-10-02 11:08:58.6910000 +00:00
acca91cce7fd,Zona rural,5004700.0,50,2021-06-16 17:10:03.3130000 +00:00,2021-06-16 17:14:24.7440000 +00:00
98e9d884b5a1,climax,5003702.0,50,2023-03-28 17:58:37.0490000 +00:00,2023-03-28 17:58:40.6730000 +00:00
721d5cddfb51,Jardim Primaveril,5008305.0,50,2026-05-24 18:38:04.6410000 +00:00,2026-05-24 18:38:04.6410000 +00:00
4eaafa38a69f,Jardim Autonomista,5002704.0,50,2025-06-21 19:05:56.5970000 +00:00,2025-06-21 19:06:33.1790000 +00:00
fd9ed7454eaa,Jardim Paulista,5002704.0,50,2025-02-02 21:55:41.0290000 +00:00,2025-02-02 21:55:41.0290000 +00:00
18d00156909a,Centro,5002704.0,50,2023-12-06 20:16:30.3570000 +00:00,2024-04-18 22:00:01.4050000 +00:00
09cafedd93e9,Residencial Jose Teruel Filho,5002704.0,50,2022-09-01 04:17:30.0800000 +00:00,2022-09-02 13:10:50.8130000 +00:00
bc9eeb795e62,Jardim Progresso,5008305.0,50,2023-11-30 15:48:24.3680000 +00:00,2023-11-30 15:51:20.1930000 +00:00
5b524f36c487,Jardim Maracanã,5003702.0,50,2025-02-20 16:29:46.9040000 +00:00,2025-02-20 16:37:21.3710000 +00:00
66dc9cdb7ae8,Vila Nasser,5002704.0,50,2024-07-11 18:44:52.0570000 +00:00,2024-07-11 18:44:52.0570000 +00:00
c17d9ff4597d,Nova Lima,5002704.0,50,2025-07-10 03:16:08.6030000 +00:00,2025-07-10 03:16:08.6030000 +00:00
ba1b12a726f1,Conjunto Habitacional Izidro Pedroso,5003702.0,50,2022-06-09 18:20:46.9900000 +00:00,2022-06-09 18:21:37.6620000 +00:00
eca2588c773f,Terras Alpha Campo Grande,5002704.0,50,2022-05-16 00:54:21.4020000 +00:00,2024-11-04 23:14:50.4690000 +00:00
2a8b357dfa12,Santa Fé,5002704.0,50,2025-12-19 19:25:31.9930000 +00:00,2025-12-19 19:25:31.9930000 +00:00
b378a58b9dbb,Residencial do Vale,5006606.0,50,2021-04-22 00:18:34.5360000 +00:00,2021-04-22 00:18:34.5360000 +00:00
b7a19f351535,parque industrial 1,5003256.0,50,2021-08-11 13:06:58.9380000 +00:00,2021-08-11 13:10:38.9440000 +00:00
dbb24c6b1067,Centro,5002902.0,50,2023-08-29 00:02:55.1090000 +00:00,2023-08-29 00:03:10.8920000 +00:00
45152496fc7a,Alto da Boa Vista,5008305.0,50,2022-07-17 20:16:28.6360000 +00:00,2022-07-17 20:19:22.0920000 +00:00
133623ecfa6e,Conjunto Aero Rancho,5002704.0,50,2022-07-08 21:00:06.9460000 +00:00,2022-07-08 21:00:06.9460000 +00:00
32659bb37e77,Jardim Centenário,5002704.0,50,2025-01-14 17:38:05.2200000 +00:00,2025-05-22 18:05:41.9070000 +00:00
630e4606f87f,São Jorge,5008305.0,50,2022-03-14 19:30:58.4610000 +00:00,2022-03-14 19:31:04.6890000 +00:00
269c8a0cfca7,Guanandi,5002704.0,50,2021-06-02 01:30:07.8010000 +00:00,2021-06-02 01:30:31.0320000 +00:00
f6e2d13c537f,Madre Deus,2111300.0,21,2021-01-22 00:47:42.8290000 +00:00,2021-01-22 00:47:42.8290000 +00:00
19edb3e9bf5f,Royal Park ,5005707.0,50,2024-01-27 20:37:21.1010000 +00:00,2024-01-27 20:37:21.1010000 +00:00
f4248339008e,Tiradentes,5002704.0,50,2022-08-09 20:21:50.5880000 +00:00,2022-08-09 20:21:50.5880000 +00:00
c56c0a94c7f2,Monte Castelo,5002704.0,50,2021-01-23 17:54:40.3440000 +00:00,2021-02-01 18:52:21.7940000 +00:00
06112732486c,Vila Nathália,5002704.0,50,2023-11-16 11:42:08.1520000 +00:00,2023-11-16 11:42:25.3490000 +00:00
618965930fa6,Vila Palmira,5002704.0,50,2024-12-22 06:53:26.1670000 +00:00,2024-12-22 06:53:26.1670000 +00:00
6408bc49e910,Coronel Antonino,5002704.0,50,2025-05-30 18:09:30.8360000 +00:00,2025-05-30 18:09:30.8360000 +00:00
cc66b78a46a6,Vila Belo Horizonte,5002704.0,50,2025-07-08 12:18:13.5770000 +00:00,2025-07-08 12:18:13.5770000 +00:00
d33dd9dea987,Jardim Flórida,5003801.0,50,2020-10-30 01:54:25.6940000 +00:00,2023-07-31 18:48:36.9060000 +00:00
fc8caf8a0b78,centro,5003108.0,50,2022-03-27 15:43:55.3310000 +00:00,2022-03-27 15:43:55.3310000 +00:00
243a70ac6622,Vila Carvalho,5002704.0,50,2021-02-03 15:06:51.6640000 +00:00,2021-02-03 15:07:23.1670000 +00:00
fc43695807e3,Jardim das Paineiras ,5007901.0,50,2021-11-17 18:12:49.5330000 +00:00,2021-11-17 18:13:55.4140000 +00:00
e91e800ea6e8,Vila Marli,5002704.0,50,2021-10-08 13:50:11.1240000 +00:00,2023-07-06 08:04:38.3010000 +00:00
72c6b49152e8,Centro,5006606.0,50,2025-05-19 17:47:21.4050000 +00:00,2025-05-19 17:47:21.4050000 +00:00
eaac80893866,Jardim Flórida,5003702.0,50,2021-04-03 03:15:18.9720000 +00:00,2021-04-03 03:15:18.9720000 +00:00
b7ae4bee7f7d,Pirajá,2927408.0,29,2024-04-13 00:27:33.1260000 +00:00,2024-04-13 00:27:33.1260000 +00:00
9f52982b34c8,Jardim Climax,5003702.0,50,2024-09-19 12:34:38.8710000 +00:00,2024-09-19 12:34:38.8710000 +00:00
25abf240d209,Nova Lima,5002704.0,50,2025-09-02 22:31:51.0830000 +00:00,2025-09-02 22:31:51.0830000 +00:00
824b23093690,Jardim novo mato grosso,5003306.0,50,2021-08-16 00:28:22.1280000 +00:00,2021-08-16 00:28:22.1280000 +00:00
b099b0613caa,Canaã III,5003702.0,50,2021-06-30 22:11:22.9950000 +00:00,2021-06-30 22:11:22.9950000 +00:00
b5a8fa267cf0,Parque Alvorada,5003702.0,50,2022-05-10 16:26:28.1890000 +00:00,2022-05-10 16:27:06.0810000 +00:00
2ba48e0c9b9e,Jardim Novo Horizonte,5003702.0,50,2026-03-18 16:09:15.2970000 +00:00,2026-03-18 16:09:15.2970000 +00:00
31950f8bce6e,Santa Marta ,5002407.0,50,2022-05-10 23:51:06.5350000 +00:00,2022-05-10 23:56:13.5850000 +00:00
345d280b2bd9,centro,5004007.0,50,2023-05-12 20:11:04.4630000 +00:00,2023-05-12 20:11:15.2590000 +00:00
9bbceddaac2f,Parque Belém (Cunhambebe),3300100.0,33,2021-10-01 11:20:26.8520000 +00:00,2021-10-01 11:20:26.8520000 +00:00
8a0ee4792157,Jardim Primavera,5007695.0,50,2021-08-16 15:22:14.9170000 +00:00,2021-08-16 15:22:14.9170000 +00:00
64bb80399748,Santa Fé,5003702.0,50,2025-07-12 16:47:51.6880000 +00:00,2025-07-12 16:47:51.6880000 +00:00
a75e8dac6bb0,Santa Terezinha ,5001102.0,50,2025-11-20 02:30:22.6700000 +00:00,2025-11-20 02:31:43.3460000 +00:00
42a429911476,Jardim Monte Líbano,5002704.0,50,2021-03-26 02:54:02.4170000 +00:00,2021-03-26 02:54:14.6670000 +00:00
2de129ba68d1,Jardim Noroeste,5002704.0,50,2025-08-11 01:37:36.5060000 +00:00,2025-08-11 01:37:41.5230000 +00:00
84d162a788f1,Altos de São Pedro ,5003306.0,50,2021-09-14 10:00:18.8890000 +00:00,2021-09-14 10:00:18.8890000 +00:00
b4e59ff474f2,Portal do Parque ,5006200.0,50,2025-02-19 16:47:49.7600000 +00:00,2025-02-19 16:47:49.7600000 +00:00
8a3b7319b5a6,Jardim Aeroporto,5002704.0,50,2020-04-13 16:18:19.4010000 +00:00,2022-09-05 23:27:14.0700000 +00:00
f14c4ab372b8,SANTA MÔNICA ,5006309.0,50,2022-11-08 11:59:15.3890000 +00:00,2022-11-08 11:59:15.3890000 +00:00
4227397ee0e4,Jardim Santa Emília,5002704.0,50,2024-03-06 02:24:48.3980000 +00:00,2024-12-16 01:57:59.6720000 +00:00
f5ce23d5d478,Vila Aimoré,5002704.0,50,2021-08-25 22:28:52.8890000 +00:00,2021-08-25 22:29:42.3470000 +00:00
891953f0feb2,vila São paulo,5003306.0,50,2025-10-29 23:35:13.4690000 +00:00,2025-10-29 23:35:36.8440000 +00:00
fe703acfa4c7,Guamá,1501402.0,15,2024-11-28 18:39:20.7470000 +00:00,2024-11-28 18:39:20.7470000 +00:00
44330d11fb24,Jardim Alvorada ,5007695.0,50,2020-04-17 17:41:56.4010000 +00:00,2020-04-17 17:41:56.4010000 +00:00
f99fa720379f,Jardim América IV,5200258.0,52,2023-09-23 12:37:16.0550000 +00:00,2023-09-23 12:37:16.0550000 +00:00
c910bd4ef4bd,Planalto ,5002407.0,50,2021-07-01 05:57:51.5120000 +00:00,2021-07-01 05:57:51.5120000 +00:00
cd3ab2bb09d0,Jardim Tijuca,5002704.0,50,2022-12-15 01:53:01.1390000 +00:00,2022-12-15 01:53:01.1390000 +00:00
16eded7b806b,Parque Residencial dos Girassóis,5002704.0,50,2025-03-12 15:50:51.5540000 +00:00,2025-03-12 15:50:51.5540000 +00:00
6b78749ba216,Jardim América,5002704.0,50,2025-03-07 23:23:55.4030000 +00:00,2025-03-07 23:23:55.4030000 +00:00
7853059f3cfc,São João do Outeiro (Outeiro),1501402.0,15,2025-02-21 14:28:32.1770000 +00:00,2025-02-21 14:29:27.0250000 +00:00
943afe091573,Vila Santa Catarina,5003702.0,50,2022-08-03 12:53:17.3480000 +00:00,2022-08-03 12:53:17.3480000 +00:00
77b1ba15ab38,Loteamento Rancho Alegre II,5002704.0,50,2024-07-28 17:49:47.2840000 +00:00,2024-07-28 17:49:47.2840000 +00:00
8f46182ef418,Carandá Bosque,5002704.0,50,2021-07-06 14:08:44.3850000 +00:00,2021-07-06 14:08:44.3850000 +00:00
2a39fbaed536,Parque Residencial Rita Vieira,5002704.0,50,2024-09-22 00:15:18.1700000 +00:00,2024-09-22 00:15:18.1700000 +00:00
6fa1558047c1,Lar do Trabalhador,5002704.0,50,2022-12-12 22:01:31.2610000 +00:00,2022-12-12 22:02:07.8500000 +00:00
071cbb447ff4,Vila Taveirópolis,5002704.0,50,2025-12-02 14:16:44.5580000 +00:00,2025-12-02 14:16:44.5580000 +00:00
dc4fac1b9e3a,Loteamento Portobello,5002704.0,50,2020-10-30 00:49:08.6960000 +00:00,2020-10-30 00:49:08.6960000 +00:00
a0fdac04986a,Jardim Nashville,5002704.0,50,2025-06-08 23:02:28.0260000 +00:00,2025-06-08 23:02:28.0260000 +00:00
5aaaf3102af7,Vila Margarida,5002704.0,50,2021-09-05 00:39:34.7080000 +00:00,2021-09-05 00:40:27.0580000 +00:00
a58e23846c9d,Vila Santo Amaro,5002704.0,50,2024-11-19 18:08:35.8720000 +00:00,2024-11-19 18:08:35.8720000 +00:00
99f10da31b3a,Jardim Minas Gerais,5002902.0,50,2021-01-11 03:39:26.9140000 +00:00,2021-01-11 03:41:01.9990000 +00:00
ce13d771b962,centro,5007208.0,50,2021-01-18 23:27:22.2200000 +00:00,2021-01-18 23:27:42.1160000 +00:00
6681b12aded1,Centro,5002704.0,50,2024-06-15 18:51:27.2670000 +00:00,2024-06-15 18:51:27.2670000 +00:00
35ce02199f1d,Parque do Lageado,5002704.0,50,2025-04-29 22:44:16.4390000 +00:00,2025-04-29 22:45:17.1060000 +00:00
bdd68ab77105,Vila Planalto,5002704.0,50,2022-04-01 23:21:50.6040000 +00:00,2022-04-01 23:22:31.0310000 +00:00
d43e7b94666c,Alto,5001102.0,50,2025-07-05 23:09:35.4720000 +00:00,2025-07-06 02:51:24.0940000 +00:00
4da3925984f7,Jardim Alvorada,5008305.0,50,2025-09-30 13:03:33.0960000 +00:00,2025-09-30 13:03:33.0960000 +00:00
bdb2e639c8d6,Parque Residencial Rita Vieira,5002704.0,50,2021-08-18 16:51:32.1470000 +00:00,2021-08-18 16:53:26.2470000 +00:00
bdb5231b64c1,senhor Divino,5003306.0,50,2025-09-30 01:54:23.8490000 +00:00,2025-09-30 01:54:37.5580000 +00:00
f574d094d885,Conjunto Habitacional Izidro Pedroso,5003702.0,50,2025-02-03 17:51:28.6690000 +00:00,2025-02-03 17:52:48.0810000 +00:00
1054a902a05e,Bom Jesus ,5004502.0,50,2024-02-14 22:04:07.8890000 +00:00,2024-02-14 22:04:07.8890000 +00:00
4f05b43a9b5d,centro,5004007.0,50,2025-12-17 02:03:16.8710000 +00:00,2025-12-17 02:03:17.2270000 +00:00
ff314d05d899,Guanandi,5002704.0,50,2020-11-07 02:47:31.4030000 +00:00,2020-11-07 02:47:31.4030000 +00:00
81b70a03986b,centro,5003157.0,50,2022-01-11 21:14:48.8130000 +00:00,2022-01-11 21:14:48.8130000 +00:00
fdd77a5d1553,Jardim Paulo Coelho Machado,5002704.0,50,2024-06-27 00:07:15.6790000 +00:00,2024-06-27 00:07:15.6790000 +00:00
d62dce2741b0,senhor divino ,5003306.0,50,2025-03-27 23:20:26.0910000 +00:00,2025-03-27 23:20:26.0910000 +00:00
d68cbf9a1bf2,Amambaí,5002704.0,50,2025-05-23 19:20:47.0210000 +00:00,2025-05-23 19:20:47.0210000 +00:00
508056c5fb83,Velha,4202404.0,42,2022-06-18 16:36:24.7830000 +00:00,2022-06-18 16:36:24.7830000 +00:00
144f4d179a03,Vila Prudente,3550308.0,35,2024-08-23 17:35:47.5410000 +00:00,2024-08-23 17:35:47.5410000 +00:00
625c07a08929,Jardim Guaicurus,5003702.0,50,2024-10-29 14:49:05.1720000 +00:00,2024-10-29 14:49:05.1720000 +00:00
cd95b72379fe,Centro,5005806.0,50,2021-09-18 01:22:27.8810000 +00:00,2021-09-18 01:22:27.8810000 +00:00
cf20a55da14a,Distrito de Camisão ,5001102.0,50,2026-05-13 23:42:25.9800000 +00:00,2026-05-13 23:42:25.9800000 +00:00
2ff845fdc8fd,Zona Rural,5004502.0,50,2020-12-01 12:52:51.3680000 +00:00,2020-12-01 12:52:51.3680000 +00:00
30355ec1398d,Maria Aparecida Pedrossian,5002704.0,50,2020-05-10 16:59:53.3070000 +00:00,2024-12-28 00:53:46.7840000 +00:00
4c72bdc3be46,universitário,5006200.0,50,2020-10-26 02:17:40.1100000 +00:00,2020-10-26 02:17:40.1100000 +00:00
e2109d84d757,Jardim Tijuca,5002704.0,50,2025-03-31 15:53:42.9530000 +00:00,2025-03-31 15:53:42.9530000 +00:00
892ee83b6006,Jardim Figueira Grande,3550308.0,35,2023-06-27 21:26:40.8720000 +00:00,2023-06-27 21:27:20.6700000 +00:00
5958eddae68e,Jardim Tijuca,5002704.0,50,2021-01-19 14:50:16.1720000 +00:00,2021-01-19 14:50:16.1720000 +00:00
5ff5c4773a7b,Vila Toscana,5003702.0,50,2022-09-16 19:31:14.9320000 +00:00,2022-09-16 19:31:14.9320000 +00:00
fb4b31e2cbf5,vila Planalto ,5002407.0,50,2022-03-24 10:32:10.4460000 +00:00,2022-03-24 10:32:14.9080000 +00:00
f9bb245ff117,Andrade,4113700.0,41,2023-06-02 01:22:01.6560000 +00:00,2023-06-02 01:22:01.6560000 +00:00
2f91145b641c,Vila Carlota,5002704.0,50,2021-08-26 12:46:23.7800000 +00:00,2021-08-26 12:46:45.9740000 +00:00
aa3b6eed62a9,Atlântico ,5002209.0,50,2023-10-21 23:37:36.8810000 +00:00,2023-10-21 23:37:36.8810000 +00:00
5b4e33bfd8f8,Vila Margarida,5002704.0,50,2024-07-06 13:45:04.6730000 +00:00,2024-07-06 13:45:04.6730000 +00:00
930b2e3ec4a6,Residencial Damha III,5002704.0,50,2025-07-01 14:44:34.3060000 +00:00,2025-07-01 14:44:34.3060000 +00:00
16e473cfaabd,Residencial Damha III,5002704.0,50,2020-09-02 02:32:40.1690000 +00:00,2020-09-02 02:32:40.1690000 +00:00
73cc6e0085ab,santo Antônio do rio das pedras ,2930709.0,29,2024-09-10 19:51:54.2620000 +00:00,2024-09-11 12:48:04.3580000 +00:00
c203efaf4855,Vitória ,5004700.0,50,2023-12-04 14:57:29.3770000 +00:00,2023-12-04 14:57:29.3770000 +00:00
9873d78a5821,Jardim Guanabara,5003702.0,50,2021-09-18 15:03:12.8780000 +00:00,2025-11-02 10:12:40.8430000 +00:00
6884593f2412,Conjunto Residencial Octavio Pécora,5002704.0,50,2025-02-14 20:54:43.0230000 +00:00,2025-02-14 20:54:43.0230000 +00:00
b1ebce2a74fd,centro ,5003454.0,50,2022-01-24 00:59:55.1900000 +00:00,2022-01-24 00:59:55.1900000 +00:00
e246ca17eb7f,centro,5002951.0,50,2025-07-16 18:21:17.9930000 +00:00,2025-07-16 18:21:54.6750000 +00:00
d7a8c5c46f3f,Jardim Itatiaia,5002704.0,50,2025-04-11 00:50:28.1590000 +00:00,2025-04-11 00:50:28.1590000 +00:00
1e99a50458e1,Bairro Seminário,5002704.0,50,2022-08-22 23:12:03.1120000 +00:00,2022-09-20 03:17:44.4040000 +00:00
c80097471244,Jardim Jacy,5002704.0,50,2024-04-03 13:52:05.7840000 +00:00,2024-04-03 13:52:09.1790000 +00:00
5212fb072571,Bengui,1501402.0,15,2025-12-02 18:07:44.3350000 +00:00,2025-12-02 18:09:55.5360000 +00:00
c6732c84fad9,Vila Anahy,5002704.0,50,2023-09-21 08:26:26.1500000 +00:00,2023-09-21 08:26:26.1500000 +00:00
60617426950c,Centro,5000807.0,50,2021-04-28 20:01:29.6590000 +00:00,2021-04-28 20:01:41.3400000 +00:00
0192b6e86479,Mata do Jacinto,5002704.0,50,2025-04-08 14:28:45.1850000 +00:00,2025-04-08 14:28:45.1850000 +00:00
dd4db0eea67d,Vila Cruzeiro ,5005608.0,50,2024-02-11 08:12:54.6830000 +00:00,2024-02-11 08:12:54.6830000 +00:00
f8e8c8971d75,Vila Marcos Roberto,5002704.0,50,2020-06-20 20:19:08.9990000 +00:00,2020-06-20 20:19:08.9990000 +00:00
c7ca54f052b4,Jardim dos Estados,5002704.0,50,2024-08-07 13:24:18.5980000 +00:00,2024-08-07 13:24:18.5980000 +00:00
cdbc10ea7f1c,Parque Residencial Rita Vieira,5002704.0,50,2024-02-04 10:36:17.8530000 +00:00,2024-02-04 10:36:17.8530000 +00:00
22fc6c3ae7bb,Jardim Guanabara,5003702.0,50,2024-01-15 22:52:25.4940000 +00:00,2024-01-15 22:52:25.4940000 +00:00
3e5133d11759,Parque Residencial Rita Vieira,5002704.0,50,2020-10-28 16:41:50.4740000 +00:00,2020-10-28 16:41:50.4740000 +00:00
65b32f572eb5,Tiradentes,5002704.0,50,2023-04-01 20:14:51.6150000 +00:00,2023-04-01 20:15:16.8770000 +00:00
63a8cd7fac91,Jardim dos Estados,5003702.0,50,2022-02-10 16:32:28.8090000 +00:00,2022-02-10 16:32:28.8090000 +00:00
b24a1ff76998,Centro ,5006903.0,50,2020-10-28 22:11:31.8710000 +00:00,2020-10-28 22:11:31.8710000 +00:00
415536fed188,Jardim Paulista,5003702.0,50,2020-05-14 01:30:42.6730000 +00:00,2020-05-14 01:30:42.6730000 +00:00
7eaee4432df3,Jardim Aero Rancho,5002704.0,50,2023-10-25 23:35:32.7300000 +00:00,2023-10-25 23:35:32.7300000 +00:00
83169828e606,Jardim Sarandí,5002704.0,50,2023-04-06 16:27:29.1860000 +00:00,2023-04-22 12:46:08.2260000 +00:00
e32dfc4f7dfb,Jardim Jockey Club,5002704.0,50,2024-04-23 02:19:40.4990000 +00:00,2024-04-23 02:19:40.4990000 +00:00
7229399566be,Jardim Noroeste,5002704.0,50,2023-07-07 23:45:22.5280000 +00:00,2023-07-07 23:54:53.7650000 +00:00
96a59862d781,Jardim dos Estados,5002704.0,50,2021-06-22 19:27:39.1140000 +00:00,2021-06-22 19:27:39.1140000 +00:00
d6e4d745883e,são jorge ,5005681.0,50,2021-01-29 00:38:32.8840000 +00:00,2021-01-29 00:38:32.8840000 +00:00
bad219fe948b,Jardim Alvorada,5008305.0,50,2025-07-19 14:25:11.9150000 +00:00,2025-07-19 14:25:11.9150000 +00:00
c48e77014507,Jardim Novo Horizonte,5003702.0,50,2024-05-20 12:47:05.4720000 +00:00,2024-05-20 12:47:05.4720000 +00:00
10a8754a9f93,Vila Santa Catarina,5003702.0,50,2026-04-09 11:59:00.2020000 +00:00,2026-04-09 11:59:00.2020000 +00:00
9836fd34429f,Monte Castelo,5002704.0,50,2023-06-29 13:37:32.6250000 +00:00,2023-06-29 13:37:32.6250000 +00:00
ac7178dbaa16,alto do céu mandacaru ,2507507.0,25,2026-03-16 17:43:32.1720000 +00:00,2026-03-16 17:43:32.1720000 +00:00
9b45551ae4f7,Jardim Itamaracá,5002704.0,50,2022-06-20 22:25:52.1170000 +00:00,2022-06-20 22:25:52.1170000 +00:00
ae42b92459b3,Santo Antônio,5002704.0,50,2025-06-05 17:21:38.5770000 +00:00,2025-06-05 17:21:38.5770000 +00:00
39a2cc4d5ea6,Jardim Oiti,5008305.0,50,2024-09-16 19:48:49.7780000 +00:00,2024-09-27 15:17:45.7690000 +00:00
7192506fa911,centro ,5000708.0,50,2026-07-23 00:50:01.4190000 +00:00,2026-07-23 00:50:01.4190000 +00:00
66e3f917a2ea,Vila Angélica I,5005004.0,50,2022-02-15 20:44:06.8930000 +00:00,2022-02-15 20:44:06.8930000 +00:00
5d783eb60311,Vila Taquarussu,5002704.0,50,2024-01-31 20:01:09.4410000 +00:00,2024-01-31 20:01:09.4410000 +00:00
816659508cd5,Riviera Park,5002704.0,50,2024-08-31 03:33:03.1450000 +00:00,2024-08-31 03:33:03.1450000 +00:00
5cd4f0ce1ee4,Altos do Indaiá,5003702.0,50,2026-04-25 22:18:50.2520000 +00:00,2026-04-25 22:18:50.2520000 +00:00
57e1521bc159,Centro,5003801.0,50,2023-12-15 12:26:10.1560000 +00:00,2023-12-15 12:26:10.1560000 +00:00
c634f1e559e6,Jardim Aero Rancho,5002704.0,50,2023-05-21 17:59:45.6580000 +00:00,2023-05-21 17:59:45.6580000 +00:00
4516b58b0c4d,Marambaia ,5002209.0,50,2025-05-12 19:24:25.1080000 +00:00,2025-05-12 19:24:33.7900000 +00:00
e3623c7f726d,Ecoville,5003702.0,50,2022-06-22 22:12:20.3320000 +00:00,2022-06-22 22:12:20.3320000 +00:00
4b149442f1b2,Vila Flório,5002704.0,50,2020-08-03 16:28:58.7130000 +00:00,2020-08-03 16:28:58.7130000 +00:00
32eae00c10b9,Centro,5002704.0,50,2021-01-15 12:04:02.7440000 +00:00,2021-01-15 12:04:02.7440000 +00:00
8145dfad2900,,5002704.0,50,2025-07-12 02:58:13.3210000 +00:00,2025-07-12 03:00:06.9100000 +00:00
28360b3a82fa,Jardim Paranapunga,5008305.0,50,2024-10-30 00:57:42.3810000 +00:00,2024-10-30 00:57:42.3810000 +00:00
ec825947f732,Carioca,5008305.0,50,2021-02-09 23:53:26.2710000 +00:00,2021-02-09 23:53:26.2710000 +00:00
ed4e452c1788,Ramez Tebet ,5003256.0,50,2025-02-19 17:52:47.9620000 +00:00,2025-02-19 17:52:47.9620000 +00:00
5f974efba286,Jardim Minas Gerais,5002902.0,50,2025-09-14 14:46:28.1490000 +00:00,2025-09-14 14:46:28.1490000 +00:00
8b387c3a505a,Jardim dos Estados,5002704.0,50,2022-03-15 16:29:19.2520000 +00:00,2022-03-15 16:29:19.2520000 +00:00
30ed29a8e837,Jardim Noroeste,5002704.0,50,2022-04-17 02:06:19.8430000 +00:00,2022-04-17 02:06:19.8430000 +00:00
700b0c10940d,centro,5000708.0,50,2020-05-05 19:29:23.4640000 +00:00,2020-05-05 19:29:23.4640000 +00:00
d186c5037be8,Núcleo Habitacional Buriti,5002704.0,50,2024-02-26 22:33:04.3650000 +00:00,2024-02-26 22:33:13.1960000 +00:00
1e277b7268ae,Jardim das Hortências,5002704.0,50,2025-10-01 17:29:51.6570000 +00:00,2025-10-01 17:30:04.4480000 +00:00
661c1cb224a8,Vila Nova Campo Grande,5002704.0,50,2024-03-27 00:08:04.8890000 +00:00,2024-03-27 00:08:04.8890000 +00:00
136fa7b16af2,Jardim Jacy,5002704.0,50,2022-02-11 16:51:24.6770000 +00:00,2022-02-11 16:51:24.6770000 +00:00
7314678403b5,sentro ,5007935.0,50,2024-09-20 22:12:20.6660000 +00:00,2024-09-20 22:12:20.6660000 +00:00
01f78f95b0b1,Coophasul,5002704.0,50,2020-10-28 18:37:07.2320000 +00:00,2020-10-28 18:37:07.2320000 +00:00
001870faf31c,Vila Pernambuco ,5002902.0,50,2024-08-08 16:51:31.0020000 +00:00,2024-08-08 16:51:31.0020000 +00:00
7bfc56fb2080,Conjunto Habitacional Estrela D'Alva I,5002704.0,50,2026-03-19 13:30:36.6610000 +00:00,2026-03-19 13:31:32.7460000 +00:00
aafe37319762,Jardim Aeroporto,5002704.0,50,2022-10-27 15:00:53.0620000 +00:00,2023-06-13 19:58:30.8990000 +00:00
3f1eb8e35b47,Centro,5006606.0,50,2022-02-06 15:11:37.6230000 +00:00,2022-02-06 15:11:45.0080000 +00:00
f8f402cc0a55,Parque das Nações II,5003702.0,50,2021-08-25 21:41:29.4870000 +00:00,2021-08-25 21:44:24.1190000 +00:00
89ff4134d653,Jardim Angélica,5008305.0,50,2023-12-15 15:42:28.3550000 +00:00,2023-12-15 15:42:28.3550000 +00:00
3a2528202ef3,Jardim Aero Rancho,5002704.0,50,2025-02-18 13:07:36.3210000 +00:00,2025-02-18 13:14:56.2650000 +00:00
da3d20884341,Jardim Parati,5002704.0,50,2024-04-24 18:04:46.0790000 +00:00,2024-04-24 18:04:46.2200000 +00:00
6ef3a07fd5d1,Residencial Flores,5002704.0,50,2021-08-28 22:33:52.3330000 +00:00,2021-08-28 22:33:52.3330000 +00:00
c5e5713937e2,Vila Alba,5003702.0,50,2026-04-15 23:56:46.3200000 +00:00,2026-04-15 23:58:22.2450000 +00:00
fb5b4a91dbbc,Jardim Jockey Club,5002704.0,50,2024-04-07 23:19:30.6360000 +00:00,2024-04-07 23:19:30.6360000 +00:00
02ac15eeb8dd,Monte Castelo,5002704.0,50,2025-10-07 11:26:44.3540000 +00:00,2025-10-07 11:27:46.4850000 +00:00
99e5ba6f640d,Centro ,5004502.0,50,2020-05-04 01:18:45.3970000 +00:00,2020-05-04 01:18:45.3970000 +00:00
f19c9bd5f0e4,Parque Residencial Iracy Coelho Netto,5002704.0,50,2025-02-24 15:53:18.5820000 +00:00,2025-02-28 15:20:35.6790000 +00:00
8238293b2299,Jardim Cangalha,5008305.0,50,2022-07-15 00:04:10.1540000 +00:00,2022-07-15 00:04:10.1540000 +00:00
c07aa101febf,Coronel Antonino,5002704.0,50,2026-07-08 19:27:45.7520000 +00:00,2026-07-08 19:27:45.7520000 +00:00
e193a23b0b53,Flor de Maio,5003702.0,50,2021-01-23 22:09:57.7140000 +00:00,2021-01-23 22:09:57.7140000 +00:00
ff9d87d80549,Vila Santa Luzia,5002704.0,50,2025-01-22 23:04:34.8880000 +00:00,2025-01-22 23:04:34.8880000 +00:00
2614062b835e,Nova Lima,5002704.0,50,2025-06-02 20:12:33.7180000 +00:00,2025-06-02 20:12:33.7180000 +00:00
0246f47feb2e,Parque Residencial Rita Vieira,5002704.0,50,2022-10-25 01:32:35.6360000 +00:00,2023-05-17 01:15:05.4370000 +00:00
7bc99d77b490,Residencial Búzios,5002704.0,50,2025-02-12 07:58:43.9350000 +00:00,2025-02-12 07:58:43.9350000 +00:00
9b3f220e24f8,Jandaia,5007901.0,50,2021-09-09 13:25:24.4840000 +00:00,2021-09-09 13:25:46.8540000 +00:00
9f8355e0be18,Coophasul,5002704.0,50,2025-04-03 02:22:19.8950000 +00:00,2025-04-03 02:22:19.8950000 +00:00
9cf5386f744a,Irma Ribeiro,5006200.0,50,2022-01-09 10:41:15.9830000 +00:00,2022-01-09 10:41:15.9830000 +00:00
a4641d7c6363,Parque Residencial Rita Vieira,5002704.0,50,2024-08-18 23:08:36.9860000 +00:00,2024-08-18 23:08:36.9860000 +00:00
97ca6f635ac6,Jardim Rasslem,5003702.0,50,2024-01-10 13:36:15.7740000 +00:00,2024-01-10 13:36:15.7740000 +00:00
1d8ffdb2e379,Recanto dos Pássaros,5002704.0,50,2023-11-04 23:30:45.6920000 +00:00,2023-11-04 23:30:45.6920000 +00:00
cbb4e8278398,Vila São Luiz,5003702.0,50,2026-01-09 17:32:44.0320000 +00:00,2026-01-09 17:32:44.0320000 +00:00
e6ff97bf0fc5,Morada Altos de São Pedro,5003306.0,50,2020-08-18 03:36:17.4440000 +00:00,2020-08-18 03:36:17.4440000 +00:00
9b2ee6f7f392,Nova Corumbá,5003207.0,50,2022-08-29 19:40:14.5130000 +00:00,2022-08-29 19:40:14.5130000 +00:00
4d408e8f8d76,Centro,5002704.0,50,2025-02-13 16:58:23.5390000 +00:00,2025-02-13 16:58:23.5390000 +00:00
af76ad8f9783,Jardim Tijuca,5002704.0,50,2024-09-11 15:22:47.6270000 +00:00,2024-09-11 15:22:47.6270000 +00:00
a64c82bdb0f7,Guanandi,5002704.0,50,2020-05-07 01:55:38.8830000 +00:00,2020-05-07 01:55:38.8830000 +00:00
708495be6311,Tiradentes,5002704.0,50,2021-05-05 20:56:51.6240000 +00:00,2021-05-05 20:56:51.6240000 +00:00
013a6d3368d8,Residencial Oiti,5002704.0,50,2025-12-09 19:17:21.3480000 +00:00,2025-12-09 19:17:21.3480000 +00:00
d2a3b1f22810,Parque Residencial União,5002704.0,50,2026-07-17 15:28:07.5300000 +00:00,2026-07-17 15:28:07.5300000 +00:00
dcd90298cadb,Residencial Sírio Libanês I,5002704.0,50,2022-01-28 15:00:40.9910000 +00:00,2022-01-28 15:00:45.1050000 +00:00
e1e9a39d49c1,Coronel Antonino,5002704.0,50,2024-08-19 14:25:30.6450000 +00:00,2024-08-19 14:25:30.6450000 +00:00
9b8548719fed,Santo Antônio,5002704.0,50,2020-11-06 01:47:30.6040000 +00:00,2020-11-06 01:47:30.6040000 +00:00
1acd5e4cfce9,Panorama,5002704.0,50,2025-01-26 23:21:26.1630000 +00:00,2025-01-26 23:23:05.0050000 +00:00
df98f142df8d,Vila Nova Campo Grande,5002704.0,50,2026-05-19 19:01:35.6940000 +00:00,2026-05-19 19:01:35.6940000 +00:00
6fafe1494fd8,Vila Santa Luzia,5002704.0,50,2025-11-21 20:07:41.8070000 +00:00,2025-11-21 20:07:41.8070000 +00:00
e9579cbd4e46,Monte Castelo,5002704.0,50,2025-02-24 18:42:32.8360000 +00:00,2025-02-24 18:42:39.9390000 +00:00
6406917ea8d6,Panorama,5002704.0,50,2024-04-25 01:13:00.1110000 +00:00,2024-04-25 01:13:47.6110000 +00:00
a4a9e8d0e15b,Vila Moreninha III,5002704.0,50,2021-01-29 19:28:07.2940000 +00:00,2021-01-29 19:29:22.4560000 +00:00
98bdc6c56fe7,Vila Planalto,5002704.0,50,2025-05-05 23:06:23.8960000 +00:00,2025-05-05 23:06:23.8960000 +00:00
78263fb43a59,Vivendas do Parque,5002704.0,50,2025-01-11 12:15:03.2400000 +00:00,2025-01-11 12:15:03.2400000 +00:00
e887177c0ac6,Canaã III,5003702.0,50,2020-06-23 16:39:24.9530000 +00:00,2020-06-23 16:39:29.8910000 +00:00
8b4fb3a18cd2,jardim Primavera ,5005004.0,50,2022-11-01 17:36:10.1320000 +00:00,2022-11-01 17:36:10.1320000 +00:00
60e2078bc1b3,Vila Cassiano Marcelo ,5000609.0,50,2023-07-26 14:30:46.0160000 +00:00,2023-07-26 14:30:46.0160000 +00:00
a17f21d4cc85,Jardim Vida Nova,5002704.0,50,2023-11-27 01:37:29.9160000 +00:00,2023-11-27 01:37:29.9160000 +00:00
b4e849bf132d,Guanandi II,5002704.0,50,2024-07-01 21:40:42.9710000 +00:00,2026-07-10 17:57:51.1820000 +00:00
261e9a7c6b4c,Centenário,5002704.0,50,2020-09-08 11:39:57.9500000 +00:00,2020-09-08 11:40:44.5690000 +00:00
8437b04e0447,Vila Ieda,5002704.0,50,2024-01-02 21:15:23.2850000 +00:00,2024-01-02 21:15:23.2850000 +00:00
2d3629c89dde,Jardim São Conrado,5002704.0,50,2022-03-15 22:39:23.2810000 +00:00,2022-03-15 22:39:23.2810000 +00:00
571b7ab924cb,Santa Lúcia,1504422.0,15,2025-11-13 18:28:41.9350000 +00:00,2025-11-13 18:33:19.8580000 +00:00
ca00915cc947,Jardim Climax,5003702.0,50,2026-04-02 15:41:35.4290000 +00:00,2026-04-02 15:41:35.4290000 +00:00
9c03f812535a,Loteamento Praia da Urca,5002704.0,50,2024-04-11 20:57:28.6730000 +00:00,2024-04-11 20:57:28.6730000 +00:00
9de1a39be0d5,Parque do Sol,5002704.0,50,2022-02-21 22:41:40.2680000 +00:00,2022-02-21 22:41:40.2680000 +00:00
517e7f9a2cad,Loteamento Costa Verde,5002704.0,50,2023-07-18 20:11:14.9670000 +00:00,2023-07-18 20:11:39.3040000 +00:00
9b51913feea6,Vila Toscana,5003702.0,50,2024-01-21 22:35:33.1330000 +00:00,2024-01-21 22:36:23.1680000 +00:00
e009f2566a66,Amambaí,5002704.0,50,2025-05-05 22:50:33.5800000 +00:00,2025-05-05 22:50:33.5800000 +00:00
d9270d8b52f4,Jardim Tijuca,5002704.0,50,2021-07-16 00:24:21.7930000 +00:00,2021-07-16 00:29:59.2730000 +00:00
0a6daa8c389a,Jardim Pênfigo,5002704.0,50,2021-09-20 01:42:17.2230000 +00:00,2021-09-20 01:42:58.3390000 +00:00
31a341847346,Parque Residencial dos Girassóis,5002704.0,50,2021-03-21 22:00:55.0600000 +00:00,2021-03-21 22:01:39.0510000 +00:00
73b236881dd9,Jardim Parati,5002704.0,50,2022-04-28 03:29:51.3540000 +00:00,2022-07-14 02:01:58.8780000 +00:00
171cf976e7e9,Nova Lima,5002704.0,50,2022-01-12 16:34:04.4340000 +00:00,2022-01-12 16:34:04.4340000 +00:00
7450c6183d86,Guanandi,5002704.0,50,2025-02-27 00:55:23.1700000 +00:00,2025-02-27 00:55:23.1700000 +00:00
8ab70dcaa207,Jardim Santa rosa ,5001904.0,50,2022-03-02 01:58:24.3550000 +00:00,2022-03-02 01:58:24.3550000 +00:00
d7ba9d371272,Residencial Ana Maria do Couto,5002704.0,50,2021-12-31 03:37:22.7860000 +00:00,2021-12-31 03:37:40.2590000 +00:00
13a3adb76b37,Jardim Maristela,5008305.0,50,2024-02-15 20:34:47.7050000 +00:00,2024-02-15 20:34:47.7050000 +00:00
5a071c241822,Cabreúva,5002704.0,50,2023-10-24 08:40:03.2840000 +00:00,2023-10-24 08:40:03.2840000 +00:00
ce32ad74628e,Flávio Derzi,5007935.0,50,2023-02-20 11:52:45.4520000 +00:00,2023-02-20 11:52:45.4520000 +00:00
34e16ba972bb,Aeroporto,5003207.0,50,2024-07-18 18:08:16.0980000 +00:00,2024-07-18 18:08:16.0980000 +00:00
72e1d6f529c2,Vila Nasser,5002704.0,50,2024-09-30 17:19:13.6510000 +00:00,2024-09-30 17:19:13.6510000 +00:00
8d0dadb4cdc5,Vila Vilas Boas,5002704.0,50,2024-03-04 19:27:51.5010000 +00:00,2024-03-04 19:33:30.3890000 +00:00
e115c36b3d2e,Jardim Marupiara,3541406.0,35,2022-08-02 14:24:46.7180000 +00:00,2022-08-02 14:24:46.7180000 +00:00
d0ba6ced1340,Vila Nova Campo Grande,5002704.0,50,2026-03-23 13:35:42.8910000 +00:00,2026-03-23 13:35:42.8910000 +00:00
958f12477c95,Jardim Nhanhá,5002704.0,50,2021-09-20 07:07:32.3460000 +00:00,2021-09-20 07:07:32.3460000 +00:00
ed6fe955f2f9,jardim do sul ,5007901.0,50,2021-10-05 01:51:37.3060000 +00:00,2021-10-05 01:51:37.3060000 +00:00
f86d1f57e6df,Vila Julieta,5002704.0,50,2024-02-10 01:24:04.3960000 +00:00,2024-02-10 01:24:04.3960000 +00:00
fcbab2977658,Vila Bandeirante,5002704.0,50,2020-05-17 12:49:00.4250000 +00:00,2020-05-17 12:49:00.4250000 +00:00
eba5a5ca4222,Vila Nasser,5002704.0,50,2023-03-07 17:48:53.3720000 +00:00,2023-03-07 17:49:23.1590000 +00:00
ddcf542be6d8,Vila juquita ,5005400.0,50,2024-07-19 15:14:49.6900000 +00:00,2024-07-19 15:14:49.6900000 +00:00
a88e1410356b,Jardim São Lourenço,5002704.0,50,2024-12-18 19:33:59.5710000 +00:00,2024-12-18 19:33:59.5710000 +00:00
090204bc0882,Coronel Antonino,5002704.0,50,2024-02-05 18:22:29.6570000 +00:00,2024-03-26 08:03:09.8020000 +00:00
bb0169a4540a,Vila Nasser,5002704.0,50,2026-02-09 14:10:31.2280000 +00:00,2026-02-09 14:10:44.2210000 +00:00
2225acfb505b,Vila Butantã,3550308.0,35,2023-08-26 23:54:06.0470000 +00:00,2023-08-26 23:54:06.0470000 +00:00
90a8dfbf2303,Portal Park Residence,5005707.0,50,2026-01-19 01:47:16.4200000 +00:00,2026-01-19 01:47:16.4200000 +00:00
395ede6a7eb9,Coophatrabalho,5002704.0,50,2021-01-21 19:29:39.3530000 +00:00,2021-01-21 19:33:16.3920000 +00:00
5a4cd18c512e,Parque dos Poderes,5002704.0,50,2022-01-04 19:11:03.5510000 +00:00,2022-01-04 19:11:03.5510000 +00:00
77382fd883e7,Itanhangá Park,5002704.0,50,2026-06-23 13:29:53.3740000 +00:00,2026-06-23 13:30:45.4770000 +00:00
90bd73496209,Vila Nathália,5002704.0,50,2021-08-30 13:30:59.9790000 +00:00,2021-08-30 13:31:04.5510000 +00:00
fc26e0142103,Vila Santa Luzia,5002704.0,50,2022-03-23 22:26:41.7650000 +00:00,2022-03-23 22:26:41.7650000 +00:00
30ee4b9de2d9,Vila Jussara,5002704.0,50,2024-04-05 17:02:13.8200000 +00:00,2024-04-05 17:02:13.8200000 +00:00
3fc5dc0e6437,COHAB II,5003702.0,50,2024-10-23 21:05:49.0890000 +00:00,2024-10-23 21:05:49.0890000 +00:00
a0fd4ec8d0f0,Bairro Seminário,5002704.0,50,2024-08-28 01:11:51.0090000 +00:00,2024-08-28 01:11:51.0090000 +00:00
2d5e20fda44b,Tapajos,5005681.0,50,2023-06-01 13:23:25.3260000 +00:00,2023-06-01 13:36:13.7360000 +00:00
213991a094c7,Vila Sílvia Regina,5002704.0,50,2021-05-30 22:00:57.3860000 +00:00,2021-05-30 22:01:40.4950000 +00:00
71d9e7e9a981,Prateada ,5005400.0,50,2024-03-22 00:26:20.0670000 +00:00,2024-03-22 00:26:20.0670000 +00:00
655157dd83ed,Guanabara,1500800.0,15,2024-09-25 12:39:13.4670000 +00:00,2024-09-25 12:39:13.4670000 +00:00
30633239cd81,Residencial Oiti,5002704.0,50,2026-07-09 03:09:06.8980000 +00:00,2026-07-09 03:09:06.8980000 +00:00
9e9474719741,Cidade Tiradentes,3550308.0,35,2023-11-23 07:13:25.2180000 +00:00,2023-11-23 07:13:25.2180000 +00:00
296523a463e2,Centro,5002704.0,50,2023-02-24 11:44:57.7220000 +00:00,2023-02-24 11:44:57.7220000 +00:00
b4ae7e3e018b,Mata do Jacinto,5002704.0,50,2023-12-07 19:38:46.3670000 +00:00,2023-12-07 19:39:11.0380000 +00:00
eed1a9c8629f,Claudia ,5000609.0,50,2022-11-29 14:11:31.2160000 +00:00,2022-11-29 14:11:36.7980000 +00:00
5255d69b8bd6,Portal Caioba ,5002704.0,50,2023-07-10 03:08:24.3150000 +00:00,2023-07-10 03:08:24.3150000 +00:00
77e1319aced9,centro ,5007695.0,50,2021-08-11 16:31:01.1690000 +00:00,2021-08-11 16:31:50.9460000 +00:00
9851045f297a,Sobrinho,5002704.0,50,2024-06-05 14:45:50.4840000 +00:00,2024-06-05 14:45:50.4840000 +00:00
925507dcdcc2,Vila Nasser,5002704.0,50,2025-03-06 15:09:02.8330000 +00:00,2025-03-06 15:09:02.8330000 +00:00
f8b5e6b4fab2,Jardim Itamaracá,5002704.0,50,2025-04-28 10:51:51.3810000 +00:00,2025-04-28 10:51:51.3810000 +00:00
0f83d2002c8c,Jardim Parati,5002704.0,50,2023-12-15 02:34:33.6380000 +00:00,2023-12-15 02:34:33.6380000 +00:00
1d6135539c07,Royal Park,5002704.0,50,2025-03-11 18:15:34.8680000 +00:00,2025-03-11 18:15:40.4260000 +00:00
e67c01e784a9,Conjunto Habitacional Jardim Talismã,5002704.0,50,2022-11-29 23:13:53.9640000 +00:00,2022-11-29 23:14:25.5320000 +00:00
1a9bd491496a,Jardim Itália,5003702.0,50,2024-02-21 11:26:00.2110000 +00:00,2024-02-21 11:26:09.5140000 +00:00
fab13e849180,Jardim Tijuca,5002704.0,50,2024-05-08 14:48:16.5060000 +00:00,2024-05-08 14:48:16.5060000 +00:00
8f0700481715,Jardim Cristhais,5003702.0,50,2020-10-20 15:16:44.9570000 +00:00,2020-10-20 15:16:44.9570000 +00:00
e2853b9f1e52,Jardim Rasslem,5003702.0,50,2025-10-30 15:39:29.8370000 +00:00,2025-10-30 15:39:34.1070000 +00:00
4789cc28b88d,Vila Nova Campo Grande,5002704.0,50,2020-04-27 21:10:24.0210000 +00:00,2020-04-27 21:10:24.0210000 +00:00
85c9a3ad5cfb,Vila Manoel Taveira,5002704.0,50,2025-12-08 11:14:54.3250000 +00:00,2025-12-08 11:14:54.3250000 +00:00
c541a14bfbc4,Vila Morumbi,5002704.0,50,2021-01-23 21:46:46.2910000 +00:00,2021-01-23 21:46:46.2910000 +00:00
99032388442e,Muçumagro,2507507.0,25,2023-04-20 00:06:38.7180000 +00:00,2023-04-20 00:35:37.3150000 +00:00
9d41b9804cb0,Vila Nova ,5000906.0,50,2024-06-11 14:23:37.5850000 +00:00,2024-06-11 14:28:47.3610000 +00:00
49263c2cd5d3,Vila Morumbi,5002704.0,50,2021-01-23 22:31:45.9870000 +00:00,2021-01-23 22:31:45.9870000 +00:00
9a294453f336,Monte Castelo,5002704.0,50,2023-04-24 16:31:54.9360000 +00:00,2023-04-24 16:31:54.9360000 +00:00
20347a9dff91,Vila Neusa,5002704.0,50,2026-02-02 22:21:18.5320000 +00:00,2026-02-02 22:21:18.5320000 +00:00
bf07e97937bb,Vila do Polonês,5002704.0,50,2022-01-28 22:09:57.0240000 +00:00,2022-01-28 22:09:57.0240000 +00:00
094103633daa,Loteamento Paravá,5002704.0,50,2022-04-18 19:35:48.4780000 +00:00,2026-06-13 13:57:23.6540000 +00:00
d59fabc0da36,Vila Rica,5002704.0,50,2024-04-13 12:07:49.5820000 +00:00,2024-04-13 12:07:49.5820000 +00:00
6bd461ad320e,Vila Santa Luzia,5002704.0,50,2023-10-03 00:19:41.7250000 +00:00,2023-10-03 00:19:41.7250000 +00:00
89c438e07331,Vila Carvalho,5002704.0,50,2024-06-17 16:05:50.4970000 +00:00,2024-06-17 16:05:50.4970000 +00:00
3adc3c1a6f5b,Jardim Paulista,5002704.0,50,2025-02-27 22:14:50.0460000 +00:00,2025-02-27 22:14:50.0460000 +00:00
453aa87bc8cd,Pioneiros,5002704.0,50,2023-03-16 15:48:21.5310000 +00:00,2023-03-16 15:48:21.5310000 +00:00
a3d36bf1c197,Parque dos Novos Estados,5002704.0,50,2022-01-22 22:05:27.4190000 +00:00,2022-01-22 22:05:27.4190000 +00:00
1872fef0e7ab,Cidade Jardim,5002704.0,50,2020-11-04 00:51:19.0260000 +00:00,2020-11-04 00:51:54.9150000 +00:00
1784358f02bd,Jardim Tarumã,5002704.0,50,2024-08-16 14:50:31.2930000 +00:00,2024-08-16 14:50:31.2930000 +00:00
51a0c7b9085b,Tenoné,1501402.0,15,2026-01-09 17:52:57.4400000 +00:00,2026-01-09 17:53:57.8440000 +00:00
f378a88dd045,Jardim das Meninas,5002704.0,50,2025-10-25 17:25:58.5730000 +00:00,2025-10-25 17:26:01.4430000 +00:00
a88d9a7e4d57,jardim gramado ,5007695.0,50,2021-10-22 18:03:39.0770000 +00:00,2021-10-22 18:03:49.9220000 +00:00
983ff9b69528,Tiradentes,5002704.0,50,2023-10-23 05:25:55.6730000 +00:00,2023-10-23 05:26:09.3740000 +00:00
6dae8ceded82,,5001102.0,50,2021-04-27 16:35:13.6980000 +00:00,2021-04-27 16:35:13.6980000 +00:00
55833258d9ae,Centro,5003207.0,50,2024-09-17 20:59:04.6820000 +00:00,2024-09-17 20:59:15.2690000 +00:00
893a25b7bb41,Nova Cidade,3303203.0,33,2024-07-01 17:11:58.8690000 +00:00,2024-07-01 17:11:58.8690000 +00:00
8d3d8a9d2cda,Vila Operária,5107602.0,51,2022-01-04 13:52:31.0870000 +00:00,2022-01-04 13:54:06.9970000 +00:00
dbf4c5fcb2ad,Monte Castelo,5002704.0,50,2024-11-19 22:53:06.1950000 +00:00,2024-11-19 22:53:06.1950000 +00:00
0adde0c8dd66,Jardim Nhanhá,5002704.0,50,2022-08-17 04:03:48.1870000 +00:00,2022-08-17 04:03:48.1870000 +00:00
657683138d0b,Conjunto Residencial Estrela do Sul,5002704.0,50,2021-11-29 06:45:06.1890000 +00:00,2023-12-08 12:23:30.1250000 +00:00
abfa734e1304,Cuiá,2507507.0,25,2023-05-24 18:33:15.6240000 +00:00,2023-05-24 18:45:44.9630000 +00:00
e7d66f7e6bd0,Jardim Nhanhá,5002704.0,50,2022-08-17 03:45:22.6200000 +00:00,2022-08-17 03:45:22.6200000 +00:00
d1d3101f7232,Residencial Ramez Tebet,5002704.0,50,2024-08-28 14:29:05.7440000 +00:00,2024-08-28 14:29:14.3120000 +00:00
7af91d2238e2,centro ,5000609.0,50,2022-07-26 19:23:36.5690000 +00:00,2022-07-26 19:23:36.5690000 +00:00
5408128d034a,Vila Progresso,3547809.0,35,2026-05-11 17:30:42.1630000 +00:00,2026-05-11 17:30:59.8430000 +00:00
ffa12b43667d,Estoril ,5007109.0,50,2024-10-12 15:24:48.8810000 +00:00,2024-10-12 15:24:48.8810000 +00:00
c56cf5578d8b,Jardim do Zé Pereira,5002704.0,50,2021-01-24 02:41:02.5630000 +00:00,2021-01-24 02:41:02.5630000 +00:00
5cb39be95c00,Vila Gomes,5002704.0,50,2023-01-27 00:13:14.0180000 +00:00,2023-01-27 00:13:14.0180000 +00:00
61772a26a45b,Progresso,5007208.0,50,2026-03-15 18:21:36.5330000 +00:00,2026-03-15 18:21:36.5330000 +00:00
0a440602bf6e,Jardim Parati,5002704.0,50,2024-09-14 13:35:11.2940000 +00:00,2024-09-14 13:35:11.2940000 +00:00
196b8c00f2fe,Jardim Samambaia,5002704.0,50,2023-04-21 13:48:27.1190000 +00:00,2024-10-02 12:05:15.2040000 +00:00
3be1311dc703,Industrial de Lurdes ,5006309.0,50,2024-11-26 21:22:18.4720000 +00:00,2024-11-26 21:22:36.7730000 +00:00
e09975d6efe9,Guanandi,5002704.0,50,2024-08-11 23:50:36.5230000 +00:00,2024-08-11 23:50:43.8980000 +00:00
f68c3e4a60ef,Jardim Leblon,5002704.0,50,2025-06-23 12:18:16.4790000 +00:00,2025-06-23 12:18:16.4790000 +00:00
17064b550f02,Esplanada,5003702.0,50,2026-02-02 00:10:07.2400000 +00:00,2026-02-02 00:10:07.2400000 +00:00
38ada0ada232,Mata do Jacinto,5002704.0,50,2025-02-17 20:34:54.6660000 +00:00,2025-02-17 20:34:54.6660000 +00:00
41890da9640a,Residencial Ana Maria do Couto,5002704.0,50,2022-06-12 19:52:33.0240000 +00:00,2022-06-12 19:52:33.0240000 +00:00
963adb7481da,Centro,5003306.0,50,2025-04-18 19:05:10.0850000 +00:00,2025-04-18 19:05:10.0850000 +00:00
c3e926287db2,Vila Marli,5002704.0,50,2024-01-05 09:08:21.1940000 +00:00,2024-01-05 09:08:21.1940000 +00:00
440b8039b09f,Residencial Búzios,5002704.0,50,2020-04-24 17:25:27.0590000 +00:00,2020-04-24 17:25:27.0590000 +00:00
9ec9067dd215,Jardim das Nações,5002704.0,50,2023-08-25 19:53:53.6630000 +00:00,2023-08-25 19:53:53.6630000 +00:00
ce5f7be9bca5,setor,5000708.0,50,2022-01-15 15:33:34.4140000 +00:00,2022-01-15 15:33:34.4140000 +00:00
255b764bb05b,Guanandi,5002704.0,50,2024-03-17 15:20:53.7790000 +00:00,2026-04-17 14:03:30.5560000 +00:00
b05d30506fd9,Jardim São Conrado,5002704.0,50,2025-04-07 12:46:19.2910000 +00:00,2025-04-07 12:47:51.2020000 +00:00
7fa5f9917cce,Chácara Cachoeira,5002704.0,50,2022-09-15 03:05:51.9470000 +00:00,2022-09-15 03:05:51.9470000 +00:00
561ed374290b,Altos do indaiá,5003702.0,50,2024-11-04 15:55:08.2800000 +00:00,2024-11-04 15:55:08.2800000 +00:00
c532843389e0,Coophafronteira,5006606.0,50,2024-11-03 23:19:03.3690000 +00:00,2024-11-03 23:19:03.3690000 +00:00
3649928bb83c,Vila Manoel Taveira,5002704.0,50,2024-02-27 19:35:46.0350000 +00:00,2024-02-27 19:35:46.0350000 +00:00
0382403d2fc4,Água Limpa Park,5002704.0,50,2022-07-05 02:25:39.0450000 +00:00,2023-02-17 21:31:21.2920000 +00:00
469f38a511a6,Jardim Rasslem,5003702.0,50,2021-02-07 19:09:21.8290000 +00:00,2021-02-07 19:09:36.9640000 +00:00
f78ec27f514a,Vila Marli,5002704.0,50,2022-03-06 03:52:17.9960000 +00:00,2026-04-04 19:01:47.4540000 +00:00
28a560701999,Amambaí ,5002704.0,50,2024-10-03 15:42:50.0870000 +00:00,2024-10-03 15:42:50.0870000 +00:00
e70c51d85c39,Bom Jardim,3131307.0,31,2024-05-28 13:35:06.6080000 +00:00,2024-05-28 13:39:02.2680000 +00:00
56190ab96132,Jardim Água Boa,5003702.0,50,2024-10-16 17:53:24.4810000 +00:00,2024-10-16 17:53:53.1740000 +00:00
2bdce51de9e4,Centro,5003207.0,50,2021-03-22 00:44:19.8230000 +00:00,2021-03-22 00:44:19.8230000 +00:00
803c390d70f6,Vila Carlota,5002704.0,50,2023-08-04 18:35:22.3860000 +00:00,2023-08-04 18:35:22.3860000 +00:00
a29b83931217,Jardim Parati,5002704.0,50,2025-02-02 14:21:33.6470000 +00:00,2025-02-02 14:21:33.6470000 +00:00
c2e0e8e2ff11,Jardim Flamboyant,5008305.0,50,2024-07-17 23:42:22.8330000 +00:00,2024-07-17 23:42:22.8330000 +00:00
a8c1945d7d4e,Parque das Nações II,5003702.0,50,2024-04-19 14:37:10.0910000 +00:00,2024-04-19 14:38:18.3220000 +00:00
014396314873,Centro,5003207.0,50,2025-12-24 03:45:02.8760000 +00:00,2025-12-24 03:45:02.8760000 +00:00
b73828222e5e,centro,5002902.0,50,2023-07-17 20:07:43.7770000 +00:00,2023-07-17 20:07:43.7770000 +00:00
0697d7141423,Amambaí,5002704.0,50,2021-01-25 23:14:24.1570000 +00:00,2021-01-25 23:14:24.1570000 +00:00
88fd7700968a,Vila Operária,5004304.0,50,2024-03-01 18:56:33.7500000 +00:00,2024-03-01 18:56:56.0740000 +00:00
0388d719e6f0,Vila Taveirópolis,5002704.0,50,2022-02-14 16:28:20.9570000 +00:00,2022-02-14 16:28:20.9570000 +00:00
033111578a61,Altos do Indaiá,5003702.0,50,2021-03-17 23:07:26.6610000 +00:00,2021-03-17 23:07:26.6610000 +00:00
f457bd3bee00,Sobrinho,5002704.0,50,2021-01-25 20:47:47.6130000 +00:00,2021-01-25 20:47:47.6130000 +00:00
37a8177dac4b,Monte Castelo,5002704.0,50,2023-01-01 16:29:31.4100000 +00:00,2023-01-01 16:30:11.4110000 +00:00
2e17aaf4375e,Jardim Santa Maria ,5001904.0,50,2025-03-10 15:01:20.7670000 +00:00,2025-03-10 15:03:12.6210000 +00:00
1a8fed4ddd02,centro,5007935.0,50,2026-07-26 13:54:56.7750000 +00:00,2026-07-26 13:54:56.7750000 +00:00
d6a937b13551,Flavio Garcia,5003306.0,50,2025-06-18 13:59:02.5780000 +00:00,2025-06-18 13:59:02.5780000 +00:00
572ba39de3a3,Jardim Parati,5002704.0,50,2023-05-23 10:16:00.2700000 +00:00,2023-05-23 10:16:04.8510000 +00:00
c0e6ea4462b0,Vila Taveirópolis,5002704.0,50,2024-07-12 14:09:08.8720000 +00:00,2024-07-12 14:09:08.8720000 +00:00
b9c789c22388,São Francisco,5000609.0,50,2022-04-23 11:11:33.9080000 +00:00,2022-04-23 11:11:33.9080000 +00:00
9494c061503d,Centro,1500800.0,15,2023-08-09 00:48:01.2950000 +00:00,2023-08-09 00:48:01.2950000 +00:00
c7677ac7896a,Santos Dumont,5008305.0,50,2021-07-06 00:21:00.5020000 +00:00,2021-07-06 00:21:00.5020000 +00:00
085eb7e1a7e3,centro,5005004.0,50,2021-01-14 00:21:01.1570000 +00:00,2021-01-14 00:21:01.1570000 +00:00
d5b1e726bd79,Novo Parque Alvorada ,5003702.0,50,2025-02-21 11:30:48.0220000 +00:00,2025-02-21 11:33:38.8240000 +00:00
ec5d8cbc949b,Canaã III,5003702.0,50,2024-09-20 00:08:46.6670000 +00:00,2024-09-20 00:08:46.6670000 +00:00
da0a95eb6404,Jardim Primavera I,5006606.0,50,2020-09-22 17:01:27.2120000 +00:00,2020-09-22 17:01:27.2120000 +00:00
3df527c952fd,Jardim Bom Jesus,5004403.0,50,2024-06-15 16:52:51.8670000 +00:00,2024-06-15 16:52:51.8670000 +00:00
9502ed9d1d8f,Jardim dos Estados,5002704.0,50,2020-04-24 23:47:12.9630000 +00:00,2020-04-24 23:47:12.9630000 +00:00
b902f12b2910,Tambaú,2507507.0,25,2025-01-21 17:40:53.2570000 +00:00,2025-01-28 13:13:49.9630000 +00:00
31749fbb7322,Santo Antônio,5002704.0,50,2024-12-18 01:51:37.4700000 +00:00,2024-12-18 01:51:37.4700000 +00:00
de2595eda18e,Vila Vilas Boas,5002704.0,50,2025-02-21 19:17:20.2870000 +00:00,2025-02-21 19:17:39.2750000 +00:00
98b2e49fb03a,Vila Moreninha III,5002704.0,50,2025-11-13 19:34:59.7810000 +00:00,2025-11-13 19:34:59.7810000 +00:00
901e91445561,solar do Vale,5004700.0,50,2025-02-05 16:23:40.2510000 +00:00,2025-02-05 16:23:40.2510000 +00:00
a042d27a0a87,Jardim Brasil,5003801.0,50,2025-02-23 01:31:55.3900000 +00:00,2025-02-23 01:32:37.9720000 +00:00
734e6a68c764,Vila Cidade Morena,5002704.0,50,2023-04-13 04:46:01.8040000 +00:00,2023-04-13 04:46:01.8040000 +00:00
97b51b0d769c,Jardim Flórida,5003702.0,50,2020-06-20 01:48:52.5230000 +00:00,2020-06-20 01:50:24.0010000 +00:00
bfaf7afdcb6b,Conjunto Aero Rancho,5002704.0,50,2025-05-10 22:22:15.3210000 +00:00,2025-05-10 22:22:15.3210000 +00:00
e2b56c0de316,Jardim do Zé Pereira,5002704.0,50,2026-05-07 13:27:50.9590000 +00:00,2026-05-07 13:27:50.9590000 +00:00
a44d96b1f52f,Vila Nogueira,5002704.0,50,2023-11-23 16:18:38.2790000 +00:00,2023-11-23 16:18:38.2790000 +00:00
a644a6dfd826,Jardim Novo Horizonte,5003702.0,50,2025-02-21 16:10:01.4770000 +00:00,2025-02-21 16:10:22.3790000 +00:00
52822e4af09a,Jardim Mansur,5002704.0,50,2025-03-19 22:24:49.1690000 +00:00,2025-03-19 22:24:49.1690000 +00:00
756265f66635,Centro ,5006408.0,50,2023-04-05 06:17:17.5600000 +00:00,2023-04-05 06:17:27.5440000 +00:00
b79766b2eb6f,sucupira ,5002951.0,50,2023-05-15 19:59:27.7140000 +00:00,2023-05-15 19:59:27.7140000 +00:00
046c88f82446,Flor de Maio,5003702.0,50,2021-08-14 02:17:54.7650000 +00:00,2021-08-14 02:18:02.0290000 +00:00
ff54239224e3,Loteamento Bosque da Esperança,5002704.0,50,2024-08-12 02:49:41.8950000 +00:00,2024-08-12 02:49:41.8950000 +00:00
c8f5450b6a3c,Monte Castelo,5002704.0,50,2023-03-15 19:11:36.1510000 +00:00,2023-03-15 19:11:45.0990000 +00:00
9eb1d676f386,Parque São Carlos,5008305.0,50,2024-06-25 20:58:35.6570000 +00:00,2024-06-25 20:59:00.9680000 +00:00
47dc38f98b09,Vila Cidade Nova,5001102.0,50,2021-06-19 01:03:26.8840000 +00:00,2021-06-19 01:03:26.8840000 +00:00
48fc81063af3,Vila Taquarussu,5002704.0,50,2022-02-27 03:34:40.4920000 +00:00,2022-02-27 03:34:40.4920000 +00:00
c0a035819fa0,Parque dos Novos Estados,5002704.0,50,2023-01-16 12:18:45.3740000 +00:00,2023-01-16 12:18:45.3740000 +00:00
714f3c2770b2,Jd Noroeste,5002704.0,50,2024-09-08 07:58:16.8610000 +00:00,2024-09-08 07:58:16.8610000 +00:00
a0ce0df10e09,CENTRO,5006309.0,50,2020-11-04 03:43:39.3410000 +00:00,2020-11-04 03:43:39.3410000 +00:00
7d1d8580ce7c,Monte Carlo,5002704.0,50,2024-03-23 19:17:15.1010000 +00:00,2024-03-23 19:17:15.1010000 +00:00
8ccd627bddc8,Conjunto Residencial Octavio Pécora,5002704.0,50,2025-11-20 16:15:34.4670000 +00:00,2025-11-20 16:15:34.4670000 +00:00
0b6c2252663a,Jardim Jockey Club,5002704.0,50,2020-04-15 05:25:04.5020000 +00:00,2020-04-15 05:25:46.9110000 +00:00
387c97daf9ff,Porto Belo ,5005400.0,50,2021-06-19 16:04:26.2230000 +00:00,2021-06-19 16:04:26.2230000 +00:00
8a02ebfe87bd,Jardim Água Boa,5003702.0,50,2024-02-03 18:44:53.1360000 +00:00,2024-02-03 18:45:15.7580000 +00:00
f6fdf9fb31c6,Nova Lima,5002704.0,50,2024-09-21 20:23:19.6180000 +00:00,2024-09-21 20:23:19.6180000 +00:00
6877afe606c6,Vila Danúbio Azul,5002704.0,50,2026-01-31 20:45:59.5560000 +00:00,2026-01-31 20:46:03.0540000 +00:00
d3082d631775,Jardim São João 2ª Seção,5006606.0,50,2022-07-25 23:49:28.7130000 +00:00,2022-07-25 23:49:28.7130000 +00:00
fcea8747b963,Vivendas do Parque,5002704.0,50,2026-01-10 01:51:47.8630000 +00:00,2026-01-10 01:51:47.8630000 +00:00
9f5b1197c638,Jardim Água Boa,5003702.0,50,2025-06-25 11:50:48.1800000 +00:00,2025-06-25 11:50:54.4150000 +00:00
07d5d94bfe55,Jardim Colúmbia,5002704.0,50,2025-08-20 13:55:11.6120000 +00:00,2025-08-20 14:03:04.7890000 +00:00
ffd988f9f2a0,Residencial Ramez Tebet,5002704.0,50,2022-04-29 11:05:45.8400000 +00:00,2022-04-29 11:05:45.8400000 +00:00
a3602aea2ab8,Vila Manoel Taveira,5002704.0,50,2025-03-07 21:56:04.0450000 +00:00,2025-03-07 21:56:04.0450000 +00:00
9be621598b7a,Arnaldo Estevão Figueiredo,5002704.0,50,2024-04-02 14:22:30.8810000 +00:00,2024-04-02 14:22:35.7240000 +00:00
75c07ba8f010,Vila Margarida,5002704.0,50,2021-09-05 03:40:20.6120000 +00:00,2021-09-05 03:40:20.6120000 +00:00
db63fcae9ac7,Vivendas do Bosque,5002704.0,50,2025-09-10 02:36:38.2530000 +00:00,2025-09-10 02:36:38.2530000 +00:00
596f6ef5d800,Vila Paraíso,5001102.0,50,2024-12-19 02:24:47.0760000 +00:00,2024-12-19 02:24:47.0760000 +00:00
6b409d8ef809,Capilé,5006200.0,50,2024-04-08 21:32:39.1880000 +00:00,2026-05-21 14:04:49.6890000 +00:00
2e7312243a1d,Vila São Luiz,5003702.0,50,2022-06-01 20:17:26.2050000 +00:00,2022-06-01 20:17:26.2050000 +00:00
624177d7150d,Vila Popular,5002704.0,50,2022-11-19 02:08:50.4480000 +00:00,2022-11-19 02:09:07.2950000 +00:00
43b2495ce190,Vila Piratininga,5002704.0,50,2024-06-26 10:45:51.5720000 +00:00,2024-06-26 10:45:51.5720000 +00:00
e6d5d0b0601a,Bairro Alto ,5001102.0,50,2020-05-20 20:16:31.2290000 +00:00,2020-05-20 20:16:37.1210000 +00:00
b3902ba35976,Residencial Santo Antônio,5007109.0,50,2025-06-04 20:34:59.6980000 +00:00,2025-06-04 20:34:59.6980000 +00:00
d4033ab92be4,Bairro Seminário,5002704.0,50,2025-10-03 09:47:51.4670000 +00:00,2025-10-03 09:48:03.7620000 +00:00
2b8ee151753c,Chácara das Mansões,5002704.0,50,2024-02-05 01:01:40.4300000 +00:00,2024-09-03 20:43:56.2750000 +00:00
2e1601a5d6b4,Panorama,5002704.0,50,2021-04-26 17:45:24.3150000 +00:00,2021-04-26 17:45:31.8400000 +00:00
a08aa6a59aef,centro ,5002407.0,50,2025-01-23 17:32:20.8610000 +00:00,2025-01-23 17:33:50.3570000 +00:00
ff448ca4770b,Parque Isabel Garden's,5002704.0,50,2024-10-25 00:30:19.8750000 +00:00,2024-10-25 00:30:19.8750000 +00:00
eb65a52ee084,Vila Santo Amaro,5002704.0,50,2020-05-02 13:49:55.0210000 +00:00,2020-05-02 13:49:55.0210000 +00:00
a7b8f057182f,Mata do Jacinto,5002704.0,50,2024-08-25 00:07:45.3280000 +00:00,2025-05-19 01:25:45.1040000 +00:00
f203809ea8f5,Tiradentes,5002704.0,50,2026-03-05 14:34:12.6840000 +00:00,2026-03-05 14:34:30.3240000 +00:00
85eff89c5fe9,Tiradentes,5002704.0,50,2024-03-26 18:40:56.6600000 +00:00,2024-03-26 18:40:56.6600000 +00:00
482328d0adab,Vila Guape ,5000609.0,50,2024-03-07 18:12:53.2830000 +00:00,2024-03-07 18:12:53.2830000 +00:00
788e6af89015,Parque dos Ipês III,5006606.0,50,2020-11-28 02:53:42.1330000 +00:00,2020-11-28 02:53:42.1330000 +00:00
4295bf1b4e47,Vila Santa Dorothéia,5002704.0,50,2021-07-25 03:17:38.2750000 +00:00,2021-07-25 03:17:38.2750000 +00:00
551aac0eba57,Centro,5002704.0,50,2020-04-29 13:24:08.4360000 +00:00,2020-04-29 13:24:08.4360000 +00:00
2f5f8ccda05f,Vila Célia,5002704.0,50,2024-02-13 20:29:52.7900000 +00:00,2024-02-13 20:29:52.7900000 +00:00
c2f33ab35a09,Panamá,5002704.0,50,2024-06-04 15:56:58.9640000 +00:00,2024-06-04 15:56:58.9640000 +00:00
463b46d4c1d2,Centro,5006606.0,50,2024-12-26 16:17:01.7810000 +00:00,2026-07-28 06:00:43.0770000 +00:00
58b76179a3e4,Panorama,5002704.0,50,2024-04-07 18:01:00.4190000 +00:00,2024-04-07 18:01:00.4190000 +00:00
ff141b7f71dc,Tiradentes,5002704.0,50,2025-03-24 16:36:45.2370000 +00:00,2025-03-24 16:37:32.6570000 +00:00
998ee9ca54a4,Jardim Jacy,5002704.0,50,2026-03-23 17:52:49.8790000 +00:00,2026-03-23 17:52:49.8790000 +00:00
f182ef737ba9,Conjunto Habitacional Harry Amorim Costa,5005707.0,50,2025-11-30 00:17:14.1340000 +00:00,2025-11-30 00:17:14.1340000 +00:00
f7ea1cd3bfc2,Conjunto Aero Rancho,5002704.0,50,2024-10-22 11:13:18.9740000 +00:00,2024-10-22 11:13:18.9740000 +00:00
c48493e1b9fa,Cohafama,5002704.0,50,2023-05-13 22:54:16.7660000 +00:00,2023-05-13 22:54:16.7660000 +00:00
0fefe0d98fc9,Jardim América,5002704.0,50,2026-05-29 20:26:31.1570000 +00:00,2026-05-29 20:26:31.1570000 +00:00
f8a479f40f71,Vila Manoel Taveira,5002704.0,50,2021-05-28 16:30:34.0880000 +00:00,2021-05-28 16:30:34.0880000 +00:00
19a497f0f82d,Centro,5003488.0,50,2021-12-14 21:41:57.6190000 +00:00,2021-12-14 21:42:29.9630000 +00:00
1c929c2f7119,Jardim das Cerejeiras,5002704.0,50,2020-04-26 02:35:08.2210000 +00:00,2020-04-26 02:35:08.2210000 +00:00
06b93639a093,Vila Piratininga,5002704.0,50,2021-03-08 15:00:12.6260000 +00:00,2021-05-03 13:50:48.9780000 +00:00
c262accd454b,jardim alvorada,5007695.0,50,2020-10-31 08:57:44.8500000 +00:00,2020-10-31 08:57:44.8500000 +00:00
6e0b46db264f,Cambarai ,5005400.0,50,2023-06-07 16:21:23.4170000 +00:00,2023-06-07 16:21:23.4170000 +00:00
a1bcf94a9a25,Residencial Ramez Tebet,5002704.0,50,2022-03-15 22:20:49.0750000 +00:00,2022-03-15 22:20:49.0750000 +00:00
b7dc712ec02a,Vila Taquarussu,5002704.0,50,2020-06-20 17:05:48.3170000 +00:00,2020-06-20 17:05:48.3170000 +00:00
164417fe7aeb,JARDIM ÁGUA BOA ,5003702.0,50,2023-10-05 01:46:09.9410000 +00:00,2023-10-05 01:46:30.0160000 +00:00
81b1eebd7cd1,Tiradentes,5002704.0,50,2020-05-29 14:33:38.1350000 +00:00,2026-01-08 23:14:48.4820000 +00:00
ff958f3ec470,Jardim Ipê ,5003157.0,50,2024-03-08 16:34:28.8180000 +00:00,2024-03-08 16:34:28.8180000 +00:00
916323d6b0d8,Parque Residencial Rita Vieira,5002704.0,50,2024-08-19 17:50:03.7380000 +00:00,2024-08-19 17:50:03.7380000 +00:00
d9901195f4e5,Conjunto Habitacional Estrela D'Alva II,5002704.0,50,2021-01-28 22:18:46.9020000 +00:00,2021-01-28 22:18:46.9020000 +00:00
4f18b346b0b6,Vila Cachoeirinha,5003702.0,50,2020-11-30 20:12:00.3820000 +00:00,2020-11-30 20:12:00.3820000 +00:00
ce9c9e9921f4,Centro,5002704.0,50,2020-04-28 15:56:21.7740000 +00:00,2021-07-01 00:58:30.6310000 +00:00
609592bd8074,Coronel Antonino,5002704.0,50,2024-01-31 18:32:37.4480000 +00:00,2024-01-31 18:32:37.4480000 +00:00
a63ba986f2f4,Monte Castelo,5002704.0,50,2021-05-05 18:40:39.0940000 +00:00,2021-05-05 18:41:15.6440000 +00:00
c13c7f036775,vila Guapé,5000609.0,50,2021-12-28 00:23:07.9640000 +00:00,2021-12-28 00:23:07.9640000 +00:00
7c97350b3ec1,Cristo Redentor,2507507.0,25,2025-05-14 14:03:41.7920000 +00:00,2025-05-14 14:03:41.7920000 +00:00
7aefd9612016,Residencial Ramez Tebet,5002704.0,50,2024-01-12 10:52:19.8390000 +00:00,2024-01-12 10:52:19.8390000 +00:00
a8fec470b350,Vila Moreninha I,5002704.0,50,2026-02-01 11:08:24.1600000 +00:00,2026-02-01 11:08:24.1600000 +00:00
8bc798ccc8c2,Padre Ernesto Sassida,5003207.0,50,2024-03-15 16:23:28.3960000 +00:00,2024-03-15 16:23:44.1600000 +00:00
de2335624862,Residencial Terra Morena,5002704.0,50,2024-01-24 19:22:06.2220000 +00:00,2024-01-24 19:23:19.2260000 +00:00
b837973fbf0d,Jardim Brasília,5003702.0,50,2020-04-24 22:44:11.6020000 +00:00,2023-02-18 14:26:49.8070000 +00:00
31e0347b4661,Loteamento Paulo VI,5002704.0,50,2025-05-04 18:45:06.5950000 +00:00,2025-05-04 18:45:06.5950000 +00:00
c62c6f063b46,Jardim Aero Rancho,5002704.0,50,2020-05-04 22:00:35.4160000 +00:00,2020-05-04 22:00:35.4160000 +00:00
3e3bd29c6b99,Monte Castelo,5002704.0,50,2026-07-12 01:25:49.8660000 +00:00,2026-07-12 01:30:10.1630000 +00:00
61c889c549b1,Jardim Noroeste,5002704.0,50,2022-04-11 01:40:30.3940000 +00:00,2022-04-11 01:40:30.3940000 +00:00
7c88c7aa34d0,dom Bosco ,5003207.0,50,2022-06-28 00:49:56.3410000 +00:00,2022-06-28 23:18:54.6520000 +00:00
4bec230ff4d5,modelo 2,5001904.0,50,2025-01-02 14:41:16.0800000 +00:00,2025-01-02 14:41:16.0800000 +00:00
b58db9430be0,Vila Adelina,5002704.0,50,2026-04-07 18:45:58.1330000 +00:00,2026-04-07 18:45:58.1330000 +00:00
bcf0274d9b82,Vila Progresso,5002704.0,50,2026-07-12 03:05:35.0810000 +00:00,2026-07-12 03:05:35.0810000 +00:00
7a491d343738,Carandá Bosque,5002704.0,50,2022-09-20 13:21:39.5780000 +00:00,2022-09-20 13:25:23.5850000 +00:00
3f17b750fe49,Vila Planalto,5002704.0,50,2024-10-18 21:45:46.4750000 +00:00,2024-10-18 21:45:46.4750000 +00:00
66f234580fbc,Parque Residencial Damha,3503208.0,35,2024-07-31 15:45:03.7940000 +00:00,2024-07-31 15:45:12.0830000 +00:00
aef2d8f35c85,Jardim América II,5003454.0,50,2025-08-27 10:34:41.7850000 +00:00,2025-08-27 10:34:41.7850000 +00:00
eff9e303ee38,Jardim Piratininga,5003702.0,50,2024-02-06 11:07:03.9410000 +00:00,2024-02-06 11:08:06.6750000 +00:00
86204b1e7613,Morada dos Pássaros ,5003801.0,50,2025-10-20 02:28:25.3770000 +00:00,2025-10-20 02:31:01.9670000 +00:00
1425a2cf4484,Jardim Noroeste,5002704.0,50,2022-03-04 12:05:10.8760000 +00:00,2022-03-04 12:05:10.8760000 +00:00
8e3f3f5b3778,Jardim Monumento,5002704.0,50,2021-06-12 19:19:59.5450000 +00:00,2021-06-12 19:19:59.5450000 +00:00
172a27278119,Vila Nasser,5002704.0,50,2026-03-05 12:45:54.4210000 +00:00,2026-03-05 12:46:13.9640000 +00:00
fef71fde81f2,Jardim Cristhais II,5003702.0,50,2024-08-28 10:01:28.3220000 +00:00,2024-08-28 10:01:28.3220000 +00:00
357f02a3dd0c,Alto bonito ,1505536.0,15,2024-11-30 11:45:19.2720000 +00:00,2024-11-30 11:45:19.2720000 +00:00
884b1a8090a7,Maria Leite,5003207.0,50,2024-05-22 19:31:43.1120000 +00:00,2024-08-13 16:11:03.1830000 +00:00
ce659b4d9ce8,Bairro Seminário,5002704.0,50,2020-06-24 14:41:11.2830000 +00:00,2020-06-24 14:41:59.6950000 +00:00
a4a85d4f05ec,Berneck,5005681.0,50,2022-04-21 15:54:00.3610000 +00:00,2022-04-24 03:30:39.1100000 +00:00
0f860f982049,Vila Bandeirante,5002704.0,50,2024-12-04 18:42:38.8760000 +00:00,2024-12-04 18:42:38.8760000 +00:00
a8816973be41,Panamá,5002704.0,50,2023-05-11 17:05:52.2440000 +00:00,2023-05-11 17:14:01.1820000 +00:00
6059e2128515,Parque Residencial União I,5002704.0,50,2024-02-28 23:49:54.6970000 +00:00,2024-02-28 23:49:54.6970000 +00:00
fcc70aded0e0,Sol Nascente,5005707.0,50,2021-08-12 02:05:56.0750000 +00:00,2021-08-12 02:05:56.0750000 +00:00
1a9e5c3922f0,Vila Morumbi,5002704.0,50,2020-10-24 18:44:28.2110000 +00:00,2020-10-24 18:44:28.2110000 +00:00
d4cdbb9fb2d8,Vila Toscana,5003702.0,50,2021-06-16 17:49:35.4550000 +00:00,2021-06-16 17:49:35.4550000 +00:00
b4aa3a00d450,PLANALTO ,5004106.0,50,2024-01-29 21:31:24.4210000 +00:00,2024-01-29 21:31:24.4210000 +00:00
c799a219cac8,Vila Carlota,5002704.0,50,2020-11-13 16:39:38.5860000 +00:00,2024-04-11 14:07:23.5110000 +00:00
a7321a55a037,Jardim Jacy,5002704.0,50,2021-08-12 03:07:27.6890000 +00:00,2021-08-12 03:08:00.1360000 +00:00
5faad44d7e99,Vila São Jorge da Lagoa,5002704.0,50,2022-03-01 00:27:08.4120000 +00:00,2022-03-01 00:27:08.4120000 +00:00
1fab4297976c,São Francisco,5002704.0,50,2024-10-17 03:56:31.7180000 +00:00,2024-10-17 03:57:36.8720000 +00:00
146d7f90d6a3,Jardim Primavera,5007695.0,50,2025-11-04 01:43:45.2490000 +00:00,2025-11-04 01:43:45.2490000 +00:00
9e678f3abbf8,Jardim Aero Rancho,5002704.0,50,2025-02-26 13:01:30.6740000 +00:00,2025-03-06 14:28:25.2230000 +00:00
929889ed05c2,Vila Toscana,5003702.0,50,2022-08-19 10:39:25.0550000 +00:00,2022-08-19 10:39:25.0550000 +00:00
778ad18861d7,Cohafaba II Plano,5003702.0,50,2022-11-22 19:08:23.5510000 +00:00,2022-11-22 19:08:23.5510000 +00:00
8e6a676716ed,Cidade Nova,1500800.0,15,2024-03-16 17:40:43.6800000 +00:00,2024-03-16 17:40:43.6800000 +00:00
61ecbecba647,sol nascente ,5005707.0,50,2023-10-23 09:06:52.6770000 +00:00,2023-10-23 09:06:52.6770000 +00:00
336de161021a,Jardim Bela Vista,5002704.0,50,2021-07-05 14:39:21.0610000 +00:00,2021-07-05 14:39:40.0470000 +00:00
9b81bd8feecb,Nova Lima,5002704.0,50,2022-02-14 17:46:38.0430000 +00:00,2022-02-14 17:46:38.0430000 +00:00
b1cd710fe886,Conjunto Guatos,5003207.0,50,2022-07-26 01:15:30.7490000 +00:00,2023-08-02 16:50:10.7010000 +00:00
ce12731e9605,Jardim América,5003702.0,50,2023-03-15 04:19:11.7420000 +00:00,2023-05-23 01:13:09.2840000 +00:00
f2ba551ab246,Parque Residencial União,5002704.0,50,2024-11-17 15:08:19.6670000 +00:00,2024-11-17 15:08:19.6670000 +00:00
4295654805ce,portal caioba ,5002704.0,50,2024-11-07 16:31:15.7990000 +00:00,2024-11-07 16:31:51.4980000 +00:00
324263254956,Parque do Lageado,5002704.0,50,2025-04-14 14:09:33.4970000 +00:00,2025-04-14 14:09:33.4970000 +00:00
c738a2192e4e,coahb,5005608.0,50,2025-05-03 23:24:55.2410000 +00:00,2025-05-03 23:25:06.4070000 +00:00
42e588dd9411,Coronel Antonino,5002704.0,50,2026-07-14 16:55:55.3830000 +00:00,2026-07-14 16:56:34.1420000 +00:00
0171a6d15d25,Residencial Ouro Verde,5003702.0,50,2021-07-02 19:23:05.0720000 +00:00,2021-07-02 19:23:05.0720000 +00:00
b7c8334d2507,Vila Marcos Roberto,5002704.0,50,2021-08-12 23:53:46.9930000 +00:00,2021-08-12 23:53:46.9930000 +00:00
6bae9824038c,Parque dos Novos Estados,5002704.0,50,2022-09-09 00:53:49.0280000 +00:00,2022-09-09 00:54:02.9590000 +00:00
d8a5641cba0b,Jardim das Virtudes,5002704.0,50,2024-04-23 01:48:36.0870000 +00:00,2024-04-23 01:48:36.0870000 +00:00
f5c892dcc38a,Residencial Mário Cóvas,5002704.0,50,2023-05-02 12:44:11.4330000 +00:00,2023-05-02 12:44:11.4330000 +00:00
f73d81c5baa3,jardim água amarela ,5000807.0,50,2023-03-13 10:42:18.5310000 +00:00,2023-03-13 10:42:18.5310000 +00:00
2ef1e53c7d74,Cidade Velha,1501402.0,15,2021-12-07 22:32:25.1170000 +00:00,2021-12-07 22:32:25.1170000 +00:00
2d010b971952,Jardim Alvorada,5008305.0,50,2024-07-13 14:10:32.2580000 +00:00,2024-07-13 14:10:32.2580000 +00:00
d6f956f92794,Vila Nova,5005681.0,50,2023-08-14 18:05:49.8650000 +00:00,2023-08-14 18:07:59.2120000 +00:00
d00cd2055ea8,Jardim Parati,5002704.0,50,2021-01-23 19:29:16.9930000 +00:00,2021-01-23 19:29:16.9930000 +00:00
54e7bd820e87,Universitário,5003207.0,50,2026-02-25 13:49:01.4580000 +00:00,2026-02-25 13:49:01.4580000 +00:00
04f074fb20ad,Jardim TV Morena,5002704.0,50,2023-04-18 14:48:03.2300000 +00:00,2023-04-18 14:48:03.2300000 +00:00
2ce811b400b2,Jardim das Virtudes,5002704.0,50,2024-02-02 20:21:15.1290000 +00:00,2024-02-02 20:21:15.1290000 +00:00
76a5e639454f,Jardim Parati,5002704.0,50,2021-04-18 22:13:57.2880000 +00:00,2021-04-18 22:13:57.2880000 +00:00
05c288df0e70,,5002704.0,50,2021-01-25 01:51:59.7340000 +00:00,2021-03-01 10:47:13.7580000 +00:00
ed9f5d129ca2,Nossa Senhora de Fátima,5003207.0,50,2023-04-16 02:30:03.0210000 +00:00,2023-04-16 02:30:03.0210000 +00:00
a4eb9d21b685,Vila Limeira ,5000609.0,50,2023-01-30 20:32:24.1990000 +00:00,2023-01-30 20:32:24.1990000 +00:00
eb17cd7b41f7,Parque do Lageado,5002704.0,50,2024-08-02 14:15:44.7940000 +00:00,2024-08-02 14:15:44.7940000 +00:00
78b835aa35bd,capão redondo,5007695.0,50,2021-09-02 15:23:14.6530000 +00:00,2021-09-02 15:23:22.1810000 +00:00
9414436351e9,Nova Lima ,5002704.0,50,2025-06-22 11:18:54.9700000 +00:00,2025-06-22 11:18:54.9700000 +00:00
7ca0fa1e1350,Residencial Atlântico Sul,5002704.0,50,2022-10-31 14:01:18.5900000 +00:00,2022-10-31 14:01:18.5900000 +00:00
28d95dd1e7e7,centro ,5005004.0,50,2021-01-28 21:26:47.6350000 +00:00,2021-01-28 21:26:47.6350000 +00:00
744509c868a0,Residencial Búzios,5002704.0,50,2026-05-19 19:06:29.1850000 +00:00,2026-05-19 19:07:57.8860000 +00:00
90b1ce81f9d8,Jardim América,5002704.0,50,2022-02-07 20:12:09.4950000 +00:00,2022-02-07 20:12:09.4950000 +00:00
c8fe8384754a,Parque dos Laranjais,5002704.0,50,2020-06-19 15:51:23.4870000 +00:00,2020-06-19 15:51:23.4870000 +00:00
6083108bb775,zona rural,5007505.0,50,2025-05-07 00:30:08.1080000 +00:00,2025-05-07 00:32:27.2040000 +00:00
c57c700a86e1,Porciúncola,5004502.0,50,2026-06-04 12:33:20.1760000 +00:00,2026-06-04 12:33:20.1760000 +00:00
84fef059e33d,Santo Antonio ,5006309.0,50,2022-12-21 11:45:40.5350000 +00:00,2022-12-21 11:45:40.5350000 +00:00
e1a9da42db7a,Vila Nova Esperança ,5004304.0,50,2023-08-18 16:28:08.3370000 +00:00,2023-08-18 16:28:19.8750000 +00:00
c7fef2a33589,Conjunto União II,5002704.0,50,2026-02-28 12:11:33.9330000 +00:00,2026-02-28 12:11:33.9330000 +00:00
abe234b9b5ce,Panamá,5002704.0,50,2025-08-29 19:01:11.4170000 +00:00,2025-08-29 19:01:11.4170000 +00:00
d3c87490774b,Coophasul,5002704.0,50,2026-07-01 17:01:55.8950000 +00:00,2026-07-01 17:01:55.8950000 +00:00
c726e4a962e1,centro ,5007901.0,50,2024-08-03 16:35:38.3360000 +00:00,2024-08-03 16:35:38.3360000 +00:00
558ca123e1ae,Vila São Vicente,5002704.0,50,2024-02-27 12:47:27.5970000 +00:00,2024-02-27 12:47:27.5970000 +00:00
a41fdef8c977,Santa Luzia,5008305.0,50,2021-07-02 16:33:40.9760000 +00:00,2021-07-02 16:33:40.9760000 +00:00
77df543b0d5c,Jardim Itamaracá,5002704.0,50,2023-11-13 01:36:31.1830000 +00:00,2023-11-13 01:36:31.1830000 +00:00
429dbff5304d,Vila Planalto,5002704.0,50,2023-11-22 13:13:42.0220000 +00:00,2023-11-22 13:13:42.0220000 +00:00
6f66113cda8a,Centro,5002704.0,50,2026-07-06 13:35:47.8900000 +00:00,2026-07-06 13:35:47.8900000 +00:00
10fab4b24e9a,Jardim das Nações,5002704.0,50,2025-02-10 16:28:01.9220000 +00:00,2025-02-10 16:28:01.9220000 +00:00
ecfaed4bbcf0,Vila Moreninha I,5002704.0,50,2025-05-26 19:19:23.4900000 +00:00,2025-05-26 19:20:55.2680000 +00:00
5ef5a09e7a60,Loteamento Marçal de Souza,5002704.0,50,2020-11-25 03:13:14.5620000 +00:00,2020-11-25 03:15:56.1700000 +00:00
07b546d63534,centro,5002209.0,50,2022-04-27 17:07:28.3530000 +00:00,2022-04-27 17:07:28.3530000 +00:00
dc8f58b92895,Jardim Progresso,5008305.0,50,2021-09-24 02:41:32.1720000 +00:00,2021-09-24 02:41:40.1680000 +00:00
206f49aa3447,Jardim Guanabara,5003702.0,50,2021-12-15 21:23:58.4000000 +00:00,2021-12-15 21:25:06.4240000 +00:00
cef256feb1c3,Jardim Santa luiza ,5001003.0,50,2022-05-13 14:30:41.8500000 +00:00,2022-05-13 14:30:41.8500000 +00:00
749bf6dca98b,Jardim Campo Nobre,5002704.0,50,2020-10-26 16:58:43.1260000 +00:00,2020-10-26 16:58:43.1260000 +00:00
c01b8120f924,Parque Beija-Flor,5005707.0,50,2020-10-29 01:25:39.9170000 +00:00,2020-10-29 01:27:10.9290000 +00:00
caeb7f0b6436,JD.CAMARGO,5002308.0,50,2026-01-20 17:26:18.3380000 +00:00,2026-01-20 17:27:47.1820000 +00:00
2bb14932dbaa,Recanto das Palmeiras,5008305.0,50,2021-11-16 10:59:14.6290000 +00:00,2021-11-16 10:59:14.6290000 +00:00
41d6d60ca453,Jardim Cangalha,5008305.0,50,2023-07-13 21:02:40.7370000 +00:00,2023-07-13 21:02:40.7370000 +00:00
8d64b845b6e6,Vila Aimoré,5002704.0,50,2026-06-01 18:32:38.4790000 +00:00,2026-06-01 18:32:38.4790000 +00:00
0aa62a87b4f5,Jardim Novo Mundo,5208707.0,52,2025-08-02 15:23:48.6850000 +00:00,2025-08-02 15:24:12.1110000 +00:00
8b8215cff48b,Conjunto Residencial Monte Carlo,5003702.0,50,2024-10-30 21:18:10.8780000 +00:00,2024-10-30 21:18:10.8780000 +00:00
8e36fdc896b6,Vila São Luiz ,5000609.0,50,2022-10-26 17:18:53.3330000 +00:00,2022-10-26 17:18:53.3330000 +00:00
39b02b822e55,Jardim Tarumã,5002704.0,50,2023-06-01 13:27:56.4520000 +00:00,2023-06-01 13:28:09.6710000 +00:00
6504995f1701,,5006275.0,50,2022-10-18 13:03:46.4710000 +00:00,2022-10-18 13:05:31.9960000 +00:00
3e3e7b07cd74,são José,5006309.0,50,2020-10-31 15:23:02.8100000 +00:00,2020-10-31 15:23:02.8970000 +00:00
92906c70778c,Conjunto Residencial Octavio Pécora,5002704.0,50,2024-09-14 19:02:17.1770000 +00:00,2024-09-14 19:02:17.1770000 +00:00
6425115b03c4,Vila Serradinho,5002704.0,50,2021-11-01 13:11:30.7630000 +00:00,2021-11-01 13:11:30.7630000 +00:00
3da0930096e0,Conjunto Aero Rancho,5002704.0,50,2024-06-09 14:05:10.2860000 +00:00,2024-06-09 14:05:10.2860000 +00:00
565f5be5d43d,Argemiro Ortega,5006200.0,50,2022-01-12 00:34:09.9020000 +00:00,2022-02-15 01:00:58.0890000 +00:00
d4df122a0c2e,Jardim Água Boa,5003702.0,50,2021-12-09 13:02:32.6220000 +00:00,2021-12-09 13:02:42.8000000 +00:00
91472af1d8b9,Jardim Presidente,5002704.0,50,2021-10-11 00:27:37.9170000 +00:00,2021-10-11 00:27:42.6060000 +00:00
07a9ec9db1a3,Jardim Paulista,5002704.0,50,2025-10-01 16:08:38.5060000 +00:00,2025-10-01 16:08:38.5060000 +00:00
a9d96b9f6bd6,Loteamento Flor de Lis,5003702.0,50,2020-11-15 22:33:09.4720000 +00:00,2020-11-15 22:33:19.1870000 +00:00
939616d18843,Canaã II,5003702.0,50,2024-09-11 15:05:07.8550000 +00:00,2024-09-11 15:05:44.1390000 +00:00
38b9b8330789,Jardim Botânico,5006606.0,50,2023-09-25 13:54:04.3370000 +00:00,2023-09-25 13:55:04.2570000 +00:00
d2e8665bfe2e,Residencial Greenville,5003702.0,50,2025-03-07 17:56:47.6390000 +00:00,2025-03-07 17:57:31.6780000 +00:00
5042d45ef63a,José Américo de Almeida,2507507.0,25,2023-03-23 16:55:28.8020000 +00:00,2023-03-23 16:55:28.8020000 +00:00
9f49ecd9e208,Monte Castelo,5002704.0,50,2024-03-13 19:38:49.7940000 +00:00,2024-03-13 19:38:54.2890000 +00:00
935afa27a2b7,Machado,3131703.0,31,2024-11-13 23:57:40.5710000 +00:00,2024-11-13 23:57:40.5710000 +00:00
b8a03b3dc035,Dom Bosco,5003207.0,50,2026-08-11 22:37:37.8640000 +00:00,2026-08-11 22:37:37.8640000 +00:00
00baed19452d,Amambaí,5002704.0,50,2022-03-10 21:17:22.2030000 +00:00,2022-03-10 21:17:22.2030000 +00:00
3481cb5e62bc,Jardim Moçambique,5008305.0,50,2021-08-17 19:33:58.6830000 +00:00,2021-08-17 19:34:44.0450000 +00:00
fc59eaf61945,Jardim João Paulo II,5003702.0,50,2024-07-31 23:52:20.2600000 +00:00,2024-07-31 23:52:20.2600000 +00:00
850e37cc2a04,Coophavila II,5002704.0,50,2026-03-02 19:01:23.3450000 +00:00,2026-03-02 19:02:13.1200000 +00:00
baca2ed7a3fe,Oscar Salazar Moura da Cruz,5002704.0,50,2024-10-17 22:37:00.3870000 +00:00,2024-10-17 22:37:00.3870000 +00:00
1326edaecb11,Conjunto Residencial Nova Olinda,5002704.0,50,2024-05-09 18:17:37.8070000 +00:00,2024-05-09 18:17:37.8070000 +00:00
26567c36f4f0,Santa Fé,5002704.0,50,2024-04-12 17:02:50.2200000 +00:00,2024-04-12 17:03:13.6810000 +00:00
bb3cac7de3f4,Jardim Íris,3550308.0,35,2024-09-16 00:10:10.4670000 +00:00,2024-09-16 00:10:10.4670000 +00:00
23785d7c4812,Condor,1501402.0,15,2024-12-14 13:18:38.7720000 +00:00,2024-12-14 13:18:38.7720000 +00:00
c4994b08a6a9,Jardim das Nações,5002704.0,50,2024-08-14 20:25:54.9000000 +00:00,2024-08-14 20:25:54.9000000 +00:00
442f475b0ea5,Jardim Água Boa,5003702.0,50,2024-08-01 17:55:31.6900000 +00:00,2024-08-01 17:55:31.6900000 +00:00
9e399240f913,Coophatrabalho,5002704.0,50,2025-06-05 02:36:33.1820000 +00:00,2025-06-05 02:36:33.1820000 +00:00
6719aa9a3752,Parque Residencial Rita Vieira,5002704.0,50,2024-08-28 02:09:31.7290000 +00:00,2024-08-28 02:09:42.7860000 +00:00
694af7099c21,Parque das Nações,5003702.0,50,2022-03-15 15:27:16.4650000 +00:00,2022-03-15 15:27:16.4650000 +00:00
3a2f765ff229,Residencial Oiti,5002704.0,50,2022-06-14 20:00:20.8450000 +00:00,2022-06-14 20:00:22.2000000 +00:00
4a6f3bc142d2,Jardim das Oliveiras,5008305.0,50,2021-08-18 02:46:52.5920000 +00:00,2021-08-18 02:46:52.5920000 +00:00
0d01bb12cca4,Rio Bonito,4202800.0,42,2024-05-23 21:08:42.3080000 +00:00,2024-05-23 21:08:42.3080000 +00:00
7c2200c3f4ae,Parque Alvorada,5003702.0,50,2021-09-03 16:47:38.0180000 +00:00,2021-09-03 16:47:38.0180000 +00:00
5d87bae785af,Vila Manoel Taveira,5002704.0,50,2021-08-13 21:06:04.6160000 +00:00,2021-08-13 21:06:04.6160000 +00:00
55b484c0e395,Centro,5007208.0,50,2024-01-09 23:22:22.3720000 +00:00,2024-01-09 23:22:22.3720000 +00:00
e119a26346ec,Coopharádio,5002704.0,50,2023-05-01 23:57:33.8100000 +00:00,2023-05-01 23:57:33.8100000 +00:00
16abe58b0cc7,Nova itepetinga ,2916401.0,29,2023-11-02 21:52:04.8800000 +00:00,2023-11-02 21:55:25.3910000 +00:00
41d7ec4f42af,Monte Castelo,5002704.0,50,2022-03-22 03:15:11.7210000 +00:00,2022-03-22 03:15:11.7210000 +00:00
17542cf3ce84,Vila Nasser,5002704.0,50,2025-09-15 05:07:41.8280000 +00:00,2025-09-15 05:09:03.6560000 +00:00
fe52a205286f,santa Terezinha ,5001102.0,50,2025-02-25 09:49:15.2820000 +00:00,2025-02-25 09:49:19.6370000 +00:00
8ca864d1398e,Santa Fé,5002704.0,50,2023-08-03 14:51:56.8730000 +00:00,2023-08-03 14:52:30.1410000 +00:00
9f0a9471264a,Jardim Canguru,5002704.0,50,2023-11-10 18:40:49.4640000 +00:00,2023-11-10 18:40:49.4640000 +00:00
b3f6a43af9c7,Vila Santa Luzia,5002704.0,50,2024-02-23 04:03:39.1920000 +00:00,2024-02-23 04:03:39.1920000 +00:00
0d6f1e29336a,Vila Jussara ,5000609.0,50,2025-01-27 23:16:14.8820000 +00:00,2025-01-27 23:16:14.8820000 +00:00
07ffa3371719,Jardim Noroeste,5002704.0,50,2024-07-19 23:36:18.5630000 +00:00,2024-07-19 23:36:18.5630000 +00:00
b266737126e8,Marambaia,1501402.0,15,2023-02-06 12:07:46.2390000 +00:00,2023-02-06 12:08:12.6110000 +00:00
d68fa0e45322,Ypê Roxo,5003702.0,50,2026-02-01 21:45:08.8360000 +00:00,2026-02-01 21:45:08.8360000 +00:00
8c6be6d403f8,Jardim Jorge Teixeira,1100023.0,11,2024-08-26 15:34:34.3410000 +00:00,2024-08-26 15:34:34.3410000 +00:00
c496744e4893,Monte Castelo,5002704.0,50,2025-01-02 17:06:10.8780000 +00:00,2025-01-02 17:06:10.8780000 +00:00
2fdeac4f9fba,Vila Nova Campo Grande,5002704.0,50,2025-10-21 12:24:36.6530000 +00:00,2025-10-21 12:24:36.6530000 +00:00
925dc639a719,Maria Aparecida Pedrossian,5002704.0,50,2020-06-02 00:17:22.9110000 +00:00,2020-06-02 00:17:22.9110000 +00:00
393d241877e2,Monte Castelo,5002704.0,50,2024-04-15 12:16:08.0190000 +00:00,2024-04-15 12:16:08.0190000 +00:00
55545df39254,Monte Castelo,5002704.0,50,2025-02-14 20:40:09.4230000 +00:00,2025-02-14 20:42:03.7550000 +00:00
dbd6f765bde7,Pioneiros,5002704.0,50,2021-11-19 19:27:01.0530000 +00:00,2021-11-19 19:27:01.0530000 +00:00
0cf42d3ebab0,Monte Castelo,5002704.0,50,2024-02-13 23:48:14.9960000 +00:00,2024-02-14 00:00:14.4440000 +00:00
8ea6925cb000,Conjunto Habitacional Estrela D'Alva I,5002704.0,50,2021-01-12 01:35:38.9340000 +00:00,2021-01-12 01:35:38.9340000 +00:00
7b21d8e5709b,Vila Angelica I ,5005004.0,50,2020-04-14 16:12:42.7750000 +00:00,2020-04-14 16:12:42.7750000 +00:00
c6d2ace916b8,Vila Progresso,5002704.0,50,2026-05-22 14:01:08.1490000 +00:00,2026-05-22 14:01:08.1490000 +00:00
d66f5def2c1b,Gramame,2507507.0,25,2026-01-20 23:59:22.9340000 +00:00,2026-01-20 23:59:22.9340000 +00:00
b343b8b50cdc,Olímpico ,5007208.0,50,2023-08-14 02:52:24.9990000 +00:00,2023-08-14 02:52:24.9990000 +00:00
74f9ae9808bb,Conjunto Habitacional Izidro Pedroso,5003702.0,50,2025-02-17 14:43:11.1300000 +00:00,2025-02-17 14:43:11.1300000 +00:00
5cae1ce2d52a,Jardim Santa Emília,5002704.0,50,2020-07-01 15:16:30.3610000 +00:00,2025-08-02 02:51:10.9940000 +00:00
f3e47921082a,Jardim Inápolis,5002704.0,50,2025-03-29 00:05:41.6300000 +00:00,2025-03-29 00:05:41.6300000 +00:00
72db9748f42d,Vila Almeida,5002704.0,50,2020-06-08 16:17:09.6510000 +00:00,2021-08-27 21:45:47.8170000 +00:00
3e637fcc7d67,jardim Universitário 1,5006200.0,50,2021-10-14 11:42:24.6330000 +00:00,2021-10-14 11:42:24.6330000 +00:00
025a48efe809,Panamá,5002704.0,50,2024-01-29 05:24:15.2010000 +00:00,2024-01-29 05:24:15.2010000 +00:00
64d2f7250a60,Centro,5003207.0,50,2021-11-19 17:09:39.7770000 +00:00,2021-11-19 17:09:39.7770000 +00:00
1e69edf52f34,Residencial Ana Maria do Couto,5002704.0,50,2021-09-23 20:56:59.0360000 +00:00,2021-09-23 20:56:59.0360000 +00:00
1236a501c2f5,Aeroporto,5003207.0,50,2024-05-02 11:38:27.8100000 +00:00,2024-05-02 11:38:27.8100000 +00:00
4cea6f2e5502,Nova Aquidauana ,5001102.0,50,2025-02-20 11:36:07.7700000 +00:00,2025-02-20 11:36:07.7700000 +00:00
56f8f11c55f4,São Miguel,2307304.0,23,2021-07-16 23:40:18.4300000 +00:00,2021-07-16 23:40:38.2040000 +00:00
b5fa4e6fe8ff,North Park,5002704.0,50,2021-06-17 17:12:27.7720000 +00:00,2021-06-17 17:12:27.7720000 +00:00
f0e82bb00794,rural ,2925006.0,29,2024-09-13 15:41:41.9840000 +00:00,2024-09-13 15:43:38.9850000 +00:00
5c427c46bf68,centro ,5007901.0,50,2022-05-11 00:33:37.9670000 +00:00,2022-05-11 00:34:50.6770000 +00:00
c188f234546e,Centro,5002704.0,50,2023-10-19 18:55:40.9730000 +00:00,2026-03-28 13:22:01.2730000 +00:00
a71cffb5758b,Centro,5002704.0,50,2024-07-19 16:38:14.5010000 +00:00,2024-07-19 16:38:14.5010000 +00:00
0668434d5079,Vila Alba,5003702.0,50,2025-12-26 10:36:45.4220000 +00:00,2026-08-12 04:22:18.6470000 +00:00
075bd4dea289,Jardim Centenário,5002704.0,50,2024-01-28 17:28:58.7370000 +00:00,2024-01-28 17:28:58.7370000 +00:00
9abe86dc5824,São Francisco,5002704.0,50,2026-03-18 22:24:03.1100000 +00:00,2026-03-18 22:24:03.1100000 +00:00
230ba7de34ef,Vila Almeida,5002704.0,50,2024-05-30 18:00:38.5890000 +00:00,2024-05-30 18:01:00.3740000 +00:00
c10141d85692,Jardim Jacy,5002704.0,50,2023-10-18 21:12:40.4590000 +00:00,2023-10-18 21:12:40.4590000 +00:00
09197a6dc083,Núcleo Habitacional Buriti,5002704.0,50,2021-01-24 20:07:49.0830000 +00:00,2021-01-24 20:07:49.0830000 +00:00
9b1883031ad7,Jardim Flórida,5003702.0,50,2023-06-25 15:38:51.0730000 +00:00,2023-06-25 15:40:15.7480000 +00:00
5e40532e01fe,Jardim Maracanã ,5003702.0,50,2022-05-28 00:42:52.2800000 +00:00,2022-05-28 00:43:46.2580000 +00:00
